2MASS,RAJ2000,DEJ2000,Jmag,e_Jmag,Hmag,e_Hmag,Kmag,e_Kmag,Qflg,Bflg,Cflg,Date
00001354+2554180 ,0.056437,25.905018,15.064,0.041,14.731,0.074,14.836,0.12,AAB,111,ccc,1998-10-03
00021014+2704570 ,0.542263,27.082506,4.702,0.214,4.179,0.198,4.068,0.236,CCD,111,000,1998-10-03
00021076-4309560 ,0.54486,-43.165562,12.597,0.026,12.425,0.023,12.445,0.024,AAA,111,000,2000-09-04
00043484-4044058 ,1.14519,-40.73497,13.109,0.024,12.055,0.026,11.397,0.026,AAA,111,000,1999-08-02
00043643-4044020 ,1.151799,-40.733913,8.601,0.021,8.043,0.031,7.737,0.04,AAA,111,000,1999-08-02
00051079+4547116 ,1.294982,45.786568,6.704,0.021,6.098,0.024,5.853,0.018,AAA,111,000,1998-11-04
00052423-3721257 ,1.350976,-37.357159,5.328,0.019,4.828,0.076,4.523,0.017,AEE,111,000,1999-08-02
00054090+4548374 ,1.42042,45.81041,6.142,0.026,4.708,9.996,5.284,0.023,AFA,111,d0d,1998-11-04
00054091+4548435 ,1.420464,45.812084,6.1,0.026,6.816,,5.262,0.016,AUA,101,d0d,1998-11-04
00063674+2901175 ,1.653094,29.021544,4.733,0.019,4.629,0.144,4.314,0.042,EBE,111,000,1998-11-19
00064325-0732147 ,1.68023,-7.537419,8.323,0.019,7.792,0.034,7.439,0.021,AAA,111,000,1998-10-07
00081737-5705528 ,2.072399,-57.098019,8.206,0.024,7.63,0.023,7.395,0.023,AAA,111,000,1999-10-19
00113182+5908400 ,2.882605,59.144455,9.945,0.023,9.393,0.026,9.093,0.021,AAA,111,000,1999-11-10
00121479+5025213 ,3.061657,50.422611,13.49,0.022,13.249,0.026,13.191,0.03,AAA,111,000,1998-11-06
00152799-1608008 ,3.866634,-16.133581,7.215,0.019,6.712,0.034,6.39,0.016,AAA,111,000,1998-06-25
00153905+4735220 ,3.912717,47.589458,7.336,0.037,6.709,0.024,6.467,0.017,AAA,111,000,1998-11-04
00154919+1333218 ,3.954983,13.556079,8.619,0.02,8.068,0.026,7.807,0.02,AAA,111,000,1998-09-26
00182256+4401222 ,4.594036,44.022842,5.252,0.264,4.476,0.2,4.018,0.02,DCE,111,000,1998-11-04
00182549+4401376 ,4.606242,44.027122,6.789,0.024,6.191,0.016,5.948,0.024,AAA,111,000,1998-11-04
00200446-6452282 ,5.018607,-64.874527,3.068,0.272,2.738,0.218,2.769,0.25,DDD,111,000,2000-10-13
00202922+3305081 ,5.121767,33.085609,10.284,0.021,9.691,0.022,9.33,0.018,AAA,111,000,1997-11-29
00242463-0158201 ,6.102652,-1.972262,11.992,0.035,11.084,0.022,10.539,0.023,AAA,111,000,1998-09-15
00244419-2708242 ,6.184143,-27.140068,9.254,0.034,8.547,0.036,8.241,0.03,AAA,111,000,1999-12-30
00254416-7715157 ,6.434007,-77.254372,1.676,0.296,1.434,0.22,1.372,0.248,DDD,111,000,1998-08-08
00275592+2219328 ,6.983026,22.325788,10.614,0.022,9.967,0.023,9.569,0.017,AAA,111,000,1997-10-03
00283948-0639481 ,7.16452,-6.663365,8.038,0.02,7.504,0.057,7.189,0.016,AAA,111,000,1998-10-26
00304867+7742338 ,7.702805,77.709412,10.458,0.023,9.891,0.027,9.562,0.021,AAA,111,000,2000-10-05
00310928+5749364 ,7.788698,57.826797,14.954,0.039,13.779,0.04,13.215,0.029,AAA,112,00c,1998-12-26
00313539-0552115 ,7.897463,-5.869879,8.762,0.027,8.217,0.029,7.945,0.021,AAA,111,000,1998-10-26
00322970+6714080 ,8.123782,67.235558,6.844,0.023,6.268,0.021,6.037,0.023,AAA,111,ddd,2000-10-04
00322979+6714043 ,8.124158,67.23455,7.172,0.085,6.538,0.09,6.377,0.061,AAA,111,ccc,2000-10-04
00345157+0523050 ,8.714904,5.384749,15.535,0.045,15.443,0.082,16.243,,AAU,110,000,2000-09-01
00361617+1821104 ,9.067398,18.352909,12.466,0.027,11.588,0.03,11.058,0.021,AAA,111,000,2000-11-24
00385879+3036583 ,9.744975,30.616222,7.453,0.021,6.864,0.021,6.606,0.029,AAA,111,000,1997-11-30
00392187+2115024 ,9.841134,21.250669,4.549,0.206,4.064,0.24,3.999,0.036,CDE,111,000,1997-10-05
00412604-2221020 ,10.358511,-22.35058,13.342,0.028,13.483,0.033,13.738,0.044,AAA,111,000,1999-07-21
00432603-4117337 ,10.858462,-41.292698,8.572,0.019,8.026,0.034,7.71,0.016,AAA,111,000,1999-08-01
00470038+6803543 ,11.751611,68.065102,15.604,0.068,13.968,0.041,13.053,0.029,AAA,111,000,1999-11-15
00482303+0516497 ,12.095993,5.280486,4.367,0.31,3.722,0.23,3.683,0.268,DDD,111,000,2000-08-13
00490516+5749037 ,12.271533,57.817722,7.167,,4.147,0.036,3.881,0.49,UED,11 ,000,2000-01-13
00490622+5748545 ,12.27593,57.815159,2.109,0.57,2.086,0.504,1.988,9.996,DDF,111,000,2000-01-13
00490996+0523173 ,12.291505,5.388165,11.689,0.022,11.572,0.024,11.498,0.025,AAA,111,000,2000-08-12
00494608+2151204 ,12.442033,21.855675,16.716,0.155,16.51,,15.856,,BUU,100,000,1997-10-06
00501994-3322402 ,12.583098,-33.377853,15.928,0.07,15.838,0.191,15.241,0.185,ACC,111,000,1998-11-14
00530108-3021249 ,13.254525,-30.356922,5.537,0.029,5.049,0.029,4.894,0.031,AAA,111,000,1998-11-14
00570261+4505099 ,14.260883,45.086094,8.101,0.046,7.459,0.016,7.241,0.024,AAA,111,000,1998-11-03
00582789-2751251 ,14.616213,-27.856979,7.763,0.023,7.203,0.051,6.892,0.021,AAA,111,000,1999-07-22
01005643-0426561 ,15.235159,-4.44893,9.042,0.032,8.485,0.047,8.224,0.021,AAA,111,000,2000-10-21
01012006+6121560 ,15.33361,61.365574,7.272,0.021,6.71,0.018,6.483,0.018,AAA,111,000,2000-11-20
01015952+5410577 ,15.498025,54.18272,9.778,0.022,9.197,0.021,8.864,0.016,AAA,111,0s0,1998-12-28
01023213+7140475 ,15.63388,71.679878,6.301,0.034,5.699,0.049,5.449,0.017,AAA,111,000,1999-10-01
01023895+6220422 ,15.662322,62.345066,6.23,0.021,5.582,0.024,5.371,0.02,AAA,111,000,2000-11-20
01025100-3737438 ,15.712504,-37.628841,11.13,0.023,10.479,0.024,10.069,0.021,AAA,111,000,1999-07-31
01031971+6221557 ,15.832159,62.365475,8.611,0.027,8.014,0.023,7.718,0.02,AAA,111,000,1999-01-07
01040695-6522272 ,16.028965,-65.374237,9.401,0.026,8.841,0.025,8.532,0.021,AAA,111,000,1999-11-14
01045368-1807292 ,16.223688,-18.124802,9.387,0.026,8.753,0.049,8.453,0.024,AAA,111,000,1998-08-17
01053732+2829339 ,16.405507,28.492773,9.486,0.025,8.881,0.034,8.55,0.02,AAA,111,000,1997-10-30
01081597+5455148 ,17.066569,54.920788,4.031,0.284,3.597,0.246,3.505,0.344,DDD,111,000,1998-12-28
01081826-2848207 ,17.076096,-28.805756,9.093,0.02,8.536,0.047,8.228,0.029,AAA,111,000,1999-07-23
01095117-0343264 ,17.463218,-3.724007,11.694,0.021,10.931,0.026,10.428,0.025,AAA,111,000,1998-09-18
01102281-6726425 ,17.595081,-67.44516,5.997,0.019,5.409,0.026,5.132,0.024,AAA,111,000,1998-10-21
01123052-1659570 ,18.127191,-16.999178,7.258,0.02,6.749,0.033,6.42,0.017,AAA,111,000,1998-07-07
01283952-1458042 ,22.164682,-14.967841,9.058,0.023,8.555,0.059,8.198,0.029,AAA,111,000,2000-11-21
01364784+4124200 ,24.199358,41.405582,3.175,0.21,2.957,0.178,2.859,0.274,CCD,111,000,1998-11-02
01365042+4123325 ,24.210084,41.392387,9.388,0.022,8.827,0.044,8.508,0.018,AAA,111,000,1998-11-02
01365662+0933473 ,24.235937,9.563146,13.455,0.03,12.772,0.032,12.562,0.024,AAA,111,000,2000-09-25
01375934-0459442 ,24.49727,-4.995632,12.114,0.024,11.954,0.022,11.969,0.023,AAA,111,000,1998-09-23
01382162+5713571 ,24.590096,57.232536,8.233,0.018,7.675,0.034,7.436,0.018,AAA,111,000,1999-11-10
01392170-3936088 ,24.840451,-39.602459,9.209,0.023,8.629,0.034,8.274,0.026,AAA,111,000,1998-11-01
01394755-5611471 ,24.94816,-56.196423,4.043,0.378,6.742,,3.51,0.282,DUD,101,d0d,1999-10-26
01394778-5611361 ,24.949114,-56.193371,3.573,9.996,6.684,,3.558,0.27,FUD,101,d0d,1999-10-26
01422977+2016073 ,25.624075,20.268711,3.855,0.24,3.391,0.226,3.285,0.266,DDD,111,000,1998-10-02
01430103-6718293 ,25.754318,-67.308159,12.867,0.022,12.659,0.025,12.579,0.03,AAA,111,000,1999-01-12
01432015+0419172 ,25.833995,4.321467,7.37,0.024,6.809,0.042,6.516,0.023,AAA,111,000,2000-09-30
01434072+6349242 ,25.919675,63.823406,6.122,0.027,5.51,0.027,5.38,0.017,AAA,111,000,1999-12-13
01440402-1556141 ,26.016767,-15.937274,2.149,0.31,1.8,0.234,1.794,0.274,DDD,111,000,2000-08-06
01443536-0716142 ,26.147349,-7.270621,14.191,0.026,13.008,0.029,12.268,0.023,AAA,111,000,1998-10-30
01474488+6351090 ,26.937013,63.85252,4.596,0.238,4.133,0.2,4.014,0.262,DCD,111,000,2000-07-16
01510405-0607047 ,27.766877,-6.117988,9.413,0.021,8.841,0.021,8.552,0.022,AAA,111,000,1998-10-23
01524908-2226055 ,28.204534,-22.434874,6.064,0.021,5.405,0.026,5.178,0.02,AAA,111,000,1998-08-15
01525159-4805413 ,28.21499,-48.094807,9.171,0.024,8.596,0.063,8.243,0.023,AAA,111,000,1999-10-24
01592349+5831162 ,29.847914,58.521175,7.79,0.019,7.224,0.061,6.961,0.024,AAA,111,000,2000-01-13
02001278+1303112 ,30.053282,13.05312,7.514,0.017,6.97,0.027,6.648,0.017,AAA,111,000,1997-09-13
02003830-5558047 ,30.159595,-55.967995,7.625,0.021,7.088,0.038,6.773,0.02,AAA,111,000,1999-10-26
02013533+6346118 ,30.397213,63.76997,7.265,0.026,6.614,0.053,6.389,0.018,AAA,111,000,2000-07-16
02015400+7332320 ,30.475012,73.542229,9.252,0.021,8.674,0.018,8.366,0.016,AAA,111,000,1999-02-16
02021620+1020136 ,30.567538,10.337137,9.842,0.023,9.254,0.025,8.928,0.025,AAA,111,000,2000-09-26
02050492-1736528 ,31.270534,-17.614681,6.542,0.021,5.898,0.024,5.662,0.02,AAA,111,000,2000-11-21
02054859-3010361 ,31.452461,-30.176697,8.367,0.024,7.867,0.038,7.558,0.024,AAA,111,000,1998-12-01
02072345-6634113 ,31.847741,-66.569832,8.132,0.024,7.613,0.027,7.364,0.02,AAA,111,000,2000-09-03
02102587-5049258 ,32.60781,-50.82386,4.785,0.248,4.245,0.28,4.125,0.036,DDE,111,000,1999-10-25
02122090+0334310 ,33.087121,3.575303,6.83,0.019,6.321,0.034,6.077,0.02,AAA,111,000,2000-08-18
02135359-3202282 ,33.473298,-32.041191,6.961,0.02,6.327,0.026,6.093,0.016,AAA,111,000,1999-07-25
02141251-0357434 ,33.552145,-3.962061,10.481,0.024,9.858,0.021,9.485,0.02,AAA,111,000,1998-09-13
02150802-3040011 ,33.783421,-30.666998,11.617,0.026,10.953,0.024,10.542,0.023,AAA,111,000,1999-07-25
02162977+1335136 ,34.124067,13.587127,9.871,0.021,9.314,0.022,8.981,0.017,AAA,111,000,1997-09-16
02163510-3058073 ,34.146279,-30.968706,8.777,0.03,8.191,0.042,7.887,0.023,AAA,111,000,1999-12-29
02164119-3059181 ,34.171638,-30.988367,7.987,0.029,7.32,0.027,7.131,0.021,AAA,111,000,1999-12-29
02170303+3413278 ,34.262654,34.224396,3.525,0.246,3.287,0.206,3.076,0.276,DCD,111,000,1997-12-15
02170993+3526330 ,34.291383,35.442505,9.983,0.022,9.351,0.021,9.011,0.018,AAA,111,000,1997-12-15
02185853-2556451 ,34.743881,-25.945864,5.056,0.024,4.694,0.044,4.551,0.016,EEA,111,d00,1998-11-19
02221463+4752481 ,35.560968,47.880035,6.377,0.019,5.77,0.038,5.554,0.026,AAA,111,000,1999-12-31
02333717+2455392 ,38.404882,24.927567,8.472,0.02,7.913,0.021,7.627,0.017,AAA,111,000,1997-11-10
02342256-4347467 ,38.59401,-43.796329,5.795,0.018,5.126,0.027,4.885,0.016,AAA,111,000,1998-12-05
02355328+2013119 ,38.972003,20.21998,7.208,0.02,6.572,0.02,6.328,0.02,AAA,111,000,1997-10-20
02360498+0653140 ,39.020758,6.887223,4.152,0.264,3.657,0.244,3.481,0.208,DDC,111,000,2000-10-06
02361535+0652191 ,39.063987,6.871984,7.333,0.018,6.793,0.038,6.574,0.02,AAA,111,000,2000-10-06
02363244-5928057 ,39.135198,-59.468269,9.282,0.022,8.695,0.046,8.341,0.023,AAA,111,000,1999-10-27
02375278-5845110 ,39.469945,-58.753056,8.361,0.026,7.794,0.047,7.513,0.027,AAA,111,000,1999-10-27
02395066-3407557 ,39.961108,-34.132153,8.06,0.021,7.54,0.031,7.305,0.023,AAA,111,000,1998-11-30
02411510-0432177 ,40.312957,-4.538252,9.199,0.022,8.581,0.061,8.246,0.027,AAA,111,000,1998-10-04
02431371-2453298 ,40.807158,-24.891621,15.381,0.05,15.137,0.109,15.216,0.168,ABC,111,000,1998-11-12
02441025+4913540 ,41.042717,49.231686,6.688,0.024,6.08,0.038,5.865,0.021,AAA,111,000,1999-10-21
02441197+4913423 ,41.049889,49.228436,3.031,0.244,2.863,0.206,2.697,0.288,DCD,111,000,1999-10-21
02441537+2531249 ,41.064079,25.523609,6.752,0.018,6.197,0.017,5.961,0.021,AAA,111,000,1997-11-16
02451070-4344319 ,41.294617,-43.74221,8.141,0.021,7.553,0.04,7.27,0.024,AAA,111,000,1998-12-05
02460224-7024062 ,41.509336,-70.401749,9.838,0.022,9.329,0.021,9.019,0.023,AAA,111,000,1999-11-24
02463486+1625115 ,41.645254,16.419888,10.971,0.02,10.519,0.028,10.185,0.02,AAA,111,000,1997-09-23
02483643+5423225 ,42.151821,54.389584,13.87,0.024,13.545,0.04,13.469,0.039,AAA,111,000,1999-10-16
02500975-5308204 ,42.540638,-53.139,7.349,0.024,6.753,0.036,6.495,0.02,AAA,111,000,1999-10-30
02511490-0352459 ,42.812119,-3.879427,13.059,0.027,12.254,0.024,11.662,0.019,AAA,111,000,1998-10-30
02522213-6340475 ,43.092238,-63.679886,7.671,0.024,7.115,0.029,6.829,0.017,AAA,111,000,1999-11-11
02523210-1246109 ,43.13375,-12.769698,4.83,0.23,4.23,0.22,4.167,0.242,DDD,111,000,1998-08-01
02530084+1652532 ,43.253536,16.881466,8.394,0.027,7.883,0.04,7.585,0.046,AAA,111,000,1999-11-04
02540788+0223563 ,43.53286,2.398985,16.557,0.156,15.884,0.199,16.006,,CCU,110,000,2000-09-21
02550357-4700509 ,43.764913,-47.014164,13.246,0.027,12.204,0.024,11.558,0.024,AAA,111,000,1998-12-06
02572581-3105523 ,44.357577,-31.097872,14.672,0.039,13.518,0.032,12.876,0.032,AAA,111,000,1999-07-26
02581021-1253066 ,44.542553,-12.885187,8.952,0.024,8.45,0.042,8.199,0.026,AAA,111,000,1998-08-27
03015142-1635356 ,45.464277,-16.593239,7.294,0.024,6.774,0.038,6.496,0.021,AAA,111,000,1998-08-27
03061159-3647528 ,46.5483,-36.798016,11.69,0.024,11.068,0.023,10.631,0.024,AAA,111,000,2000-01-02
03090015+1001257 ,47.250663,10.023827,9.926,0.026,9.333,0.029,9.066,0.021,AAA,111,000,1999-12-07
03090387+4936479 ,47.266125,49.613316,3.143,0.246,2.875,0.206,2.723,0.266,DCD,111,000,1998-12-04
03103100-6836032 ,47.629203,-68.600899,11.758,0.023,11.79,0.027,11.861,0.023,AAA,111,000,1998-10-27
03105861+7346189 ,47.744244,73.771919,9.85,0.026,9.409,0.049,9.083,0.02,AAA,111,000,2000-10-05
03120443-2859156 ,48.018483,-28.987686,2.572,0.292,2.317,0.268,2.238,0.332,DDD,111,000,1998-11-20
03132299+0446293 ,48.345814,4.774824,8.775,0.02,8.208,0.038,7.833,0.024,AAA,111,000,2000-09-02
03140344+1603056 ,48.514355,16.051563,12.526,0.024,11.823,0.036,11.238,0.021,AAA,111,000,1999-09-16
03161381+5810024 ,49.057571,58.167339,7.344,0.02,6.759,0.055,6.566,0.024,AAA,111,ddd,1999-11-16
03161389+5810072 ,49.057916,58.168694,7.501,0.034,6.842,0.042,6.635,0.038,AAA,111,ddd,1999-11-16
03174616-6234313 ,49.44235,-62.575363,4.462,0.302,4.041,0.268,3.994,0.252,DDD,111,0dd,1999-12-08
03181281-6230230 ,49.553394,-62.506413,4.271,0.3,3.874,0.232,3.86,0.228,DDD,111,000,1999-12-08
03185403-3421292 ,49.725153,-34.358116,15.569,0.055,14.346,0.044,13.507,0.039,AAA,111,000,1998-12-09
03192169+0322126 ,49.840391,3.370167,3.407,0.192,3.039,0.182,2.957,0.212,CCC,111,000,2000-02-05
03195563-4304112 ,49.981833,-43.069805,3.032,0.262,2.709,0.234,2.636,0.278,DDD,111,000,2000-01-04
03212176+7958022 ,50.340691,79.967285,7.704,0.027,7.117,0.036,6.89,0.024,AAA,111,000,2000-02-07
03275236-1948165 ,51.968203,-19.804588,5.888,0.017,5.251,0.024,5.068,0.021,AAA,111,000,1998-11-21
03304890+5413551 ,52.703764,54.231976,10.173,0.021,9.595,0.016,9.284,0.018,AAA,111,000,1998-12-25
03313025-3042383 ,52.876047,-30.71064,11.36,0.022,10.7,0.022,10.264,0.019,AAA,111,000,1998-12-07
03325585-4442070 ,53.232712,-44.701946,7.741,0.02,7.213,0.036,6.907,0.016,AAA,111,000,1999-08-25
03325591-0927298 ,53.232961,-9.458295,2.228,0.298,1.88,0.276,1.776,0.286,DDD,111,000,1998-11-26
03341218-4953322 ,53.550755,-49.8923,11.376,0.023,10.823,0.026,10.392,0.022,AAA,111,000,1999-10-17
03350093-4825089 ,53.753885,-48.419163,6.122,0.02,5.493,0.029,5.338,0.018,AAA,111,000,1999-10-17
03353849-0829223 ,53.910408,-8.489549,10.377,0.022,9.801,0.022,9.456,0.019,AAA,111,000,1998-11-26
03355969-4430453 ,53.998727,-44.512592,7.523,0.02,7.015,0.044,6.61,0.021,AAA,111,000,1999-08-25
03360868+3118398 ,54.036169,31.31106,9.187,0.021,8.6,0.02,8.315,0.031,AAA,111,000,1998-01-22
03365238+0024054 ,54.218254,0.401508,3.194,0.246,2.916,0.2,2.835,0.26,DCD,111,000,2000-09-16
03385590-5234107 ,54.732958,-52.569641,9.688,0.026,9.109,0.024,8.799,0.023,AAA,111,000,1999-10-18
03393521-3525440 ,54.896749,-35.428913,10.725,0.021,10.017,0.021,9.548,0.023,AAA,111,000,1998-12-07
03400942-6724051 ,55.039265,-67.401436,14.742,0.032,13.59,0.029,12.925,0.026,AAA,111,000,1998-10-27
03431490-0945490 ,55.812095,-9.763629,2.06,0.362,1.729,0.28,1.619,0.292,DDD,111,000,1998-10-18
03435531-1906394 ,55.980494,-19.110971,5.457,0.018,5.025,0.116,4.837,0.02,AEA,111,000,1998-11-27
03472091+0841464 ,56.837136,8.696234,9.849,0.019,9.272,0.029,9.022,0.022,AAA,111,000,2000-11-25
03480772-6022270 ,57.032171,-60.374184,15.318,0.05,15.559,0.143,15.602,0.23,ABD,111,000,1999-11-19
03504432-0605400 ,57.684687,-6.094458,8.57,0.032,7.998,0.057,7.751,0.02,AAA,111,000,1998-10-18
03524169+1701056 ,58.173724,17.018246,8.933,0.027,8.375,0.026,8.053,0.023,AAA,111,000,1997-10-04
03531041+6234081 ,58.293416,62.568932,7.782,0.021,7.278,0.021,6.997,0.027,AAA,111,000,1999-10-17
03544620+2416246 ,58.692533,24.273523,10.585,0.019,9.944,0.026,9.574,0.021,AAA,111,000,1999-11-26
03552337+1133437 ,58.847376,11.562141,14.05,0.024,12.53,0.031,11.526,0.021,AAA,111,000,1999-12-26
03571999+4107426 ,59.333328,41.128506,10.903,0.023,10.299,0.02,9.949,0.019,AAA,111,000,1998-10-27
04013766+2849529 ,60.40694,28.831364,13.413,0.02,12.43,0.024,11.817,0.021,AAA,111,000,1997-11-25
04060688-0534444 ,61.528669,-5.579009,9.128,0.023,8.554,0.021,8.304,0.021,AAA,111,000,1998-09-14
04063732+7916012 ,61.655503,79.267006,10.034,0.027,9.486,0.028,9.194,0.021,AAA,111,000,2000-09-14
04083742+3338134 ,62.155957,33.637066,7.016,0.02,6.395,0.044,6.178,0.02,AAA,111,000,2000-11-09
04102815-5336078 ,62.617315,-53.602169,8.747,0.03,8.213,0.034,7.9,0.021,AAA,111,000,1999-11-01
04121693+6443560 ,63.070548,64.732239,9.156,0.026,8.577,0.026,8.289,0.014,AAA,111,000,1999-01-10
04151651-0739068 ,63.818796,-7.651904,3.013,0.238,2.594,0.198,2.498,0.236,DCD,111,000,1998-11-15
04151954-0935066 ,63.831432,-9.585187,15.695,0.058,15.537,0.113,15.429,0.201,ABC,111,000,1998-11-15
04152173-0739173 ,63.840553,-7.654822,6.747,0.02,6.278,0.04,5.962,0.026,AAA,111,000,1998-11-15
04152196-0739254 ,63.841528,-7.657078,9.849,0.029,9.986,0.039,9.861,0.071,AAA,111,ccc,1998-11-15
04155689-5318353 ,63.987074,-53.309818,5.624,0.019,5.098,0.029,4.923,0.02,AAA,111,d00,1999-11-01
04195212+4233304 ,64.967192,42.55846,11.094,0.022,10.383,0.028,9.9,0.022,AAA,111,000,2000-01-09
04263264-3048013 ,66.63603,-30.800371,9.303,0.024,8.718,0.025,8.411,0.019,AAA,111,000,1998-12-21
04290013+2155214 ,67.250573,21.922634,5.674,0.026,5.05,0.016,4.875,0.016,AAA,111,000,1997-10-31
04302527+3951000 ,67.605306,39.850014,9.113,0.021,8.528,0.017,8.246,0.02,AAA,111,000,1998-11-25
04311147+5858375 ,67.79783,58.977104,6.622,0.021,6.012,0.02,5.717,0.021,AAA,111,000,2000-01-02
04333393+2044461 ,68.391382,20.746155,9.769,0.021,9.24,0.019,8.96,0.014,AAA,111,000,1998-11-18
04351612-1606574 ,68.817207,-16.115971,10.406,0.026,9.779,0.026,9.352,0.021,AAA,111,000,1998-11-25
04374092+5253372 ,69.420521,52.893669,5.866,0.041,5.268,0.031,5.047,0.018,AAA,111,000,1999-10-15
04374188-1102198 ,69.424521,-11.038843,6.943,0.019,6.331,0.026,6.091,0.021,AAA,111,000,1998-11-13
04374739-0849089 ,69.44746,-8.819148,13.006,0.03,12.906,0.032,12.763,0.035,AAA,112,00c,1998-11-13
04390101-2353083 ,69.754218,-23.885647,14.408,0.029,13.409,0.029,12.816,0.023,AAA,111,000,1998-11-29
04393163+1615447 ,69.881828,16.26243,10.139,0.024,9.532,0.022,9.194,0.018,AAA,111,000,1997-10-09
04402325-0530082 ,70.096891,-5.502297,10.658,0.024,9.986,0.022,9.545,0.019,AAA,111,000,1998-10-06
04411888+2054058 ,70.328696,20.901627,5.854,0.019,5.31,0.02,5.146,0.02,AAA,111,000,1998-10-03
04425581+1857285 ,70.732543,18.957939,6.462,0.024,5.824,0.033,5.607,0.034,AAA,111,000,2000-09-27
04425586+2128230 ,70.732765,21.47307,7.958,0.023,7.403,0.078,7.101,0.026,AAA,111,000,2000-09-27
04473628-1656041 ,71.901192,-16.934484,4.466,0.254,4.116,0.236,3.999,0.036,DDE,111,000,1998-11-25
04495040+0657409 ,72.460012,6.96137,1.984,0.246,1.757,0.132,1.6,0.196,DBC,111,000,1999-12-14
04505083+2207224 ,72.711801,22.122904,9.896,0.021,9.311,0.022,8.977,0.018,AAA,111,000,1997-11-01
04520573+0628356 ,73.02388,6.476566,7.814,0.024,7.209,0.046,6.942,0.018,AAA,111,000,2000-01-12
04523448+4042255 ,73.143682,40.707088,9.071,0.018,8.551,0.02,8.306,0.018,AAA,111,000,1998-10-27
04533054-5551318 ,73.377255,-55.858841,7.795,0.019,7.238,0.026,6.893,0.023,AAA,111,000,1999-11-06
04533119-5551372 ,73.379978,-55.860352,7.197,0.027,6.623,0.055,6.338,0.021,AAA,111,000,1999-11-06
04534995-1746235 ,73.458165,-17.773216,7.413,0.02,6.86,0.038,6.598,0.021,AAA,111,000,1998-09-05
04574602-0207179 ,74.441757,-2.121653,14.898,0.04,14.198,0.046,14.023,0.055,AAA,111,000,1998-09-15
05002100+0330501 ,75.087513,3.513938,13.669,0.024,12.683,0.023,12.062,0.024,AAA,111,000,2000-01-22
05004896-0545117 ,75.204006,-5.753276,4.389,0.244,3.797,0.214,3.706,0.228,DCD,111,000,1998-09-16
05015746-0656459 ,75.489454,-6.94609,7.617,0.032,7.065,0.046,6.736,0.024,AAA,111,000,1998-11-10
05032009-1722245 ,75.833731,-17.373486,7.819,0.023,7.242,0.034,6.936,0.021,AAA,111,000,1998-12-16
05032353+5307420 ,75.848044,53.128353,7.848,0.603,8.038,0.385,7.769,0.373,DDD,111,ccc,2000-10-16
05032402+5307412 ,75.85009,53.128117,7.001,0.023,6.414,0.034,6.172,0.021,AAA,111,ddd,2000-10-16
05041476+1103238 ,76.061501,11.056622,9.144,0.022,8.609,0.028,8.311,0.025,AAA,111,000,1999-12-26
05050591+4414037 ,76.274661,44.234379,9.829,0.023,9.264,0.031,9.017,0.022,AAA,111,000,1999-11-08
05051443-4756154 ,76.310155,-47.93763,9.755,0.022,9.17,0.022,8.9,0.021,AAA,111,000,1999-10-11
05053067-5728217 ,76.377818,-57.472721,3.701,0.248,3.407,0.202,3.371,0.234,DCD,111,00d,1999-11-09
05054736-5733138 ,76.447343,-57.55386,6.272,0.023,5.633,0.044,5.442,0.018,AAA,111,000,1999-11-09
05074924+1758584 ,76.95517,17.982893,8.023,0.023,7.446,0.017,7.178,0.017,AAA,111,000,1997-11-03
05083500-1810178 ,77.145872,-18.171633,6.175,0.018,5.591,0.031,5.314,0.018,AAA,111,000,1998-12-03
05102012+2714032 ,77.583841,27.234228,10.698,0.02,9.965,0.022,9.56,0.018,AAA,111,000,1997-12-04
05103956+2946479 ,77.664852,29.779989,8.6,0.026,8.026,0.031,7.77,0.027,AAA,111,000,1997-12-04
05114046-4501051 ,77.918603,-45.018089,5.821,0.026,5.316,0.027,5.049,0.021,AAA,111,000,1999-10-11
05124223+1939566 ,78.175996,19.665745,7.299,0.024,6.695,0.04,6.47,0.024,AAA,111,000,2000-11-09
05131727+0608190 ,78.321983,6.138618,16.205,0.094,16.89,,15.936,,AUU,100,000,1999-12-27
05164138+4559525 ,79.172432,45.997925,-1.249,0.202,-1.573,0.184,-1.735,0.144,CCB,111,000,1999-10-11
05172292-3521545 ,79.345529,-35.365147,7.4,0.026,6.854,0.049,6.558,0.02,AAA,111,000,1998-12-29
05172386+4550229 ,79.349438,45.839718,6.777,0.023,6.2,0.026,5.946,0.02,AAA,111,0dd,1999-10-11
05172394+4550198 ,79.349761,45.838844,7.703,,6.632,0.036,6.174,0.021,UAA,11 ,0cc,1999-10-11
05190848+4005565 ,79.785337,40.099052,3.397,0.26,3.154,0.204,3.038,0.258,DCD,111,000,1999-12-27
05212615+1025328 ,80.358986,10.425799,15.262,,15.222,0.103,14.665,,UAU,20 ,0c0,2000-02-12
05233822-1403022 ,80.909253,-14.050636,13.084,0.024,12.22,0.022,11.638,0.027,AAA,111,000,1999-01-04
05280015+0938382 ,82.000625,9.643962,8.311,0.021,7.84,0.033,7.542,0.017,AAA,111,000,1999-12-07
05282613-0329576 ,82.108892,-3.499337,5.615,0.019,5.111,0.071,4.88,0.024,AEA,111,000,1998-10-17
05312734-0340356 ,82.863948,-3.676579,4.999,0.3,4.149,0.212,4.039,0.26,DCD,111,0d0,1998-10-17
05321467+0949150 ,83.061125,9.820841,7.423,0.032,6.876,0.034,6.56,0.036,AAA,111,000,1999-10-16
05332802-4257205 ,83.366778,-42.9557,7.997,0.027,7.402,0.027,7.116,0.026,AAA,111,000,2000-02-04
05345212+1352471 ,83.717185,13.879775,7.781,0.018,7.189,0.017,6.936,0.016,AAA,111,000,1998-09-26
05363099+1119401 ,84.129131,11.327832,6.126,0.023,5.436,0.024,5.269,0.023,AAA,111,000,2000-01-10
05363846+1117487 ,84.160282,11.296884,8.266,0.032,7.691,0.063,7.406,0.026,AAA,111,000,2000-01-10
05392474+4038437 ,84.853102,40.645485,11.109,0.021,10.446,0.021,10.044,0.018,AAA,111,000,1998-11-25
05395200-0059019 ,84.966672,-0.983863,14.033,0.031,13.104,0.026,12.527,0.024,AAA,111,000,1998-10-30
05402570+2448090 ,85.107108,24.802505,8.978,0.02,8.384,0.023,8.039,0.016,AAA,111,000,1997-12-17
05412033+5328523 ,85.334724,53.48122,4.304,0.262,3.991,0.244,4.272,0.018,DDA,111,000,1998-12-08
05413073+5329239 ,85.378059,53.489979,6.586,0.021,5.963,0.016,5.759,0.016,AAA,111,000,1998-12-08
05420897+1229252 ,85.537397,12.49035,7.124,0.021,6.627,0.018,6.389,0.016,AAA,111,000,1997-10-15
05421271-0527567 ,85.552991,-5.465753,10.206,0.023,9.694,0.023,9.371,0.019,AAA,111,000,1998-10-30
05442655-2225184 ,86.110641,-22.421797,4.845,0.198,4.158,0.202,4.131,0.264,CCD,111,000,1999-01-05
05442780-2226538 ,86.115868,-22.44828,2.804,0.276,2.606,0.236,2.508,0.228,DDD,111,000,1999-01-05
05454821+6214132 ,86.450901,62.237022,6.353,0.029,5.654,0.018,5.495,0.016,AAA,111,000,1999-01-14
05511947-0010213 ,87.831159,-0.172584,13.731,0.029,13.675,0.026,13.705,0.043,AAA,111,000,1998-10-07
05532643-7133502 ,88.360143,-71.56395,10.345,0.024,9.776,0.025,9.358,0.021,AAA,111,000,1998-10-25
05540421-6001245 ,88.51758,-60.023479,5.412,0.019,4.968,0.04,4.793,0.016,AEA,111,000,2000-02-19
05542300+2016344 ,88.59584,20.276236,3.434,0.29,3.19,0.216,2.996,0.316,DCD,111,000,1998-10-02
05550948-0410042 ,88.789539,-4.167861,13.047,0.027,12.86,0.027,12.777,0.026,AAA,111,000,1998-10-20
05554318-2651233 ,88.929926,-26.856499,7.175,0.029,6.475,0.023,6.288,0.02,AAA,111,000,1999-01-08
05562547+0521486 ,89.106132,5.363502,12.93,0.022,12.72,0.025,12.653,0.024,AAA,111,000,1999-10-20
05565722+1144333 ,89.238457,11.742584,10.369,0.026,9.821,0.026,9.496,0.025,AAA,111,000,1999-09-18
05591914-1404488 ,89.829763,-14.080244,13.802,0.024,13.679,0.044,13.577,0.052,AAA,111,000,1998-12-15
05593774+5835351 ,89.907291,58.593094,7.068,0.021,6.416,0.023,6.212,0.018,AAA,111,000,1999-01-07
05595569+5834155 ,89.982047,58.570992,9.028,0.021,8.458,0.018,8.178,0.018,AAA,111,000,1999-01-07
06000351+0242236 ,90.01463,2.706566,6.905,0.02,6.308,0.023,6.042,0.023,AAA,111,000,1999-10-20
06011106+5935508 ,90.296106,59.59745,7.465,0.023,6.949,0.029,6.639,0.018,AAA,111,000,1998-12-30
06020638+4043588 ,90.526604,40.733025,15.544,0.067,15.592,0.137,15.166,0.162,ABC,111,000,1999-11-04
06022918+4951561 ,90.621588,49.865601,9.35,0.023,8.768,0.029,8.435,0.02,AAA,111,000,2000-01-23
06023045+3910592 ,90.626915,39.183117,12.3,0.022,11.451,0.021,10.865,0.02,AAA,111,000,1998-10-19
06045215-3433360 ,91.217317,-34.560017,7.742,0.027,7.183,0.018,6.866,0.021,AAA,111,000,1999-10-02
06073908+2429574 ,91.91285,24.499292,14.218,0.026,13.038,0.025,12.469,0.022,AAA,111,000,1998-01-08
06074375-2544414 ,91.932308,-25.744841,8.018,0.032,7.499,0.061,7.169,0.023,AAA,111,000,1999-01-16
06101448-7445107 ,92.560339,-74.752983,3.951,0.232,3.508,0.228,3.446,0.2,DDC,111,000,1998-12-04
06101978+8206256 ,92.582422,82.107132,6.869,0.023,6.295,0.017,6.061,0.018,AAA,111,000,1999-03-01
06103462-2151521 ,92.644256,-21.864487,5.104,0.037,4.393,0.254,4.166,0.232,EDD,111,000,1999-01-13
06105288-4324178 ,92.720353,-43.404972,8.173,0.024,7.582,0.065,7.312,0.016,AAA,111,000,1999-11-16
06105481+1019056 ,92.728388,10.318235,6.795,0.024,6.306,0.04,6.032,0.023,AAA,111,000,1999-10-24
06151198-1626152 ,93.799942,-16.437565,9.283,0.024,8.672,0.036,8.387,0.023,AAA,111,000,1999-01-14
06174711-3401118 ,94.446318,-34.019951,8.152,0.026,7.572,0.046,7.329,0.017,AAA,111,000,1999-02-04
06210665-4905379 ,95.277745,-49.093884,9.16,0.034,8.626,0.053,8.35,0.029,AAA,111,000,1999-11-27
06244132+2325585 ,96.172184,23.432932,8.662,0.02,8.156,0.061,7.911,0.016,AAA,111,000,2000-11-02
06244595-4521548 ,96.191467,-45.365246,14.481,0.029,13.335,0.028,12.595,0.026,AAA,111,000,1999-11-16
06255610-6003273 ,96.483786,-60.057606,8.094,0.026,7.47,0.038,7.206,0.02,AAA,111,000,1998-12-12
06272007-1114241 ,96.833665,-11.240032,15.487,0.052,15.441,0.075,15.432,0.181,AAC,111,000,1999-01-04
06292339-0248499 ,97.347477,-2.813887,6.376,0.023,5.754,0.034,5.486,0.016,AAA,111,000,1998-11-01
06334337-7537482 ,98.430733,-75.630081,6.725,0.023,6.146,0.026,5.862,0.024,AAA,111,000,1998-12-04
06334690-7537301 ,98.445449,-75.625046,7.41,0.03,6.85,0.031,6.558,0.021,AAA,111,000,1998-12-04
06352986-0403185 ,98.874456,-4.055152,9.272,0.024,8.621,0.04,8.307,0.023,AAA,111,000,1998-10-21
06371092+1733526 ,99.295501,17.564631,6.674,0.024,6.031,0.016,5.862,0.024,AAA,111,000,1997-10-19
06393764-5536349 ,99.906839,-55.609718,6.861,0.02,6.276,0.031,6.027,0.017,AAA,111,000,1999-11-30
06401397-0552226 ,100.058239,-5.872948,6.835,0.023,6.207,0.034,5.962,0.017,AAA,111,000,1998-10-21
06422703-6707193 ,100.61266,-67.122055,10.615,0.026,10.151,0.021,9.807,0.019,AAA,111,000,1998-12-09
06433670-0223130 ,100.902946,-2.386964,15.482,0.054,14.378,0.045,13.624,0.045,AAA,111,000,1998-11-18
06450887-1642566 ,101.286999,-16.715742,-1.391,0.109,-1.391,0.184,-1.39,0.214,ACC,111,000,1999-12-29
06521804-0511241 ,103.075199,-5.190049,6.579,0.034,5.976,0.055,5.723,0.036,AAA,111,ddd,1999-12-14
06521806-0510253 ,103.075261,-5.173704,5.013,0.252,4.294,0.258,4.107,0.036,DDE,111,000,1999-12-14
06523073+4710348 ,103.128076,47.176342,13.511,0.023,12.384,0.024,11.694,0.02,AAA,111,000,1998-11-05
06540419+6052191 ,103.517481,60.871975,7.128,0.02,6.604,0.017,6.345,0.016,AAA,111,000,1999-01-19
06544902+3316058 ,103.704276,33.268303,6.104,0.024,5.526,0.016,5.275,0.023,AAA,111,000,1998-11-23
06592868+1920577 ,104.869539,19.349373,9.16,0.024,8.547,0.024,8.23,0.023,AAA,111,00d,1997-11-29
07003664+3157266 ,105.152678,31.957415,12.923,0.023,11.947,0.016,11.317,0.023,AAA,222,ccc,1998-03-01
07032317+3441509 ,105.84656,34.697498,8.773,0.02,8.178,0.017,7.914,0.016,AAA,111,000,1998-03-01
07035565+5242075 ,105.981895,52.70211,8.537,0.026,8.094,0.036,7.776,0.021,AAA,111,000,1998-12-12
07073776+4841138 ,106.907343,48.68718,9.106,0.019,8.53,0.016,8.259,0.019,AAA,111,000,1998-12-12
07100180+3831457 ,107.507515,38.529385,6.731,0.026,6.152,0.047,5.846,0.018,AAA,111,000,2000-04-03
07111138+4329590 ,107.797436,43.499733,9.979,0.018,9.467,0.016,9.126,0.018,AAA,111,000,1998-04-18
07131123-0511482 ,108.296808,-5.196727,7.649,0.026,7.077,0.027,6.819,0.02,AAA,111,000,1998-10-15
07161977+2708331 ,109.082393,27.14254,7.013,0.026,6.436,0.027,6.187,0.023,AAA,111,000,1999-04-07
07171706-0501031 ,109.321084,-5.017538,8.873,0.027,8.349,0.059,8.045,0.021,AAA,111,000,1998-10-17
07180819+3916295 ,109.534153,39.274876,7.209,0.023,6.588,0.026,6.369,0.023,AAA,111,000,1998-04-13
07195798+8404382 ,109.991595,84.077293,8.305,0.037,7.812,0.04,7.517,0.018,AAA,111,000,2000-02-07
07200325-0846499 ,110.013557,-8.780529,10.628,0.023,9.919,0.024,9.467,0.019,AAA,111,000,1999-02-21
07205204-6210118 ,110.216835,-62.169945,8.381,0.037,7.838,0.057,7.515,0.033,AAA,111,000,1999-12-19
07271824+1710012 ,111.826025,17.167002,15.6,0.061,15.756,0.171,15.556,0.194,ACC,111,000,1997-10-29
07272450+0513329 ,111.852091,5.225807,5.714,0.032,5.219,0.063,4.857,0.023,AAA,111,000,1999-12-09
07281309-1847359 ,112.054556,-18.793324,9.049,0.024,8.454,0.029,8.167,0.018,AAA,111,000,1999-02-06
07284541-0317524 ,112.189209,-3.297896,7.544,0.02,6.976,0.031,6.704,0.027,AAA,111,000,1998-11-11
07290002-3954043 ,112.250104,-39.901222,15.92,0.077,15.979,0.183,15.29,,ACU,110,000,1999-02-11
07304280+4811599 ,112.678336,48.199989,9.141,0.02,8.618,0.024,8.34,0.015,AAA,111,000,1998-12-22
07315735+3613477 ,112.98896,36.229939,7.571,0.02,6.985,0.02,6.755,0.021,AAA,111,000,1998-03-28
07342749+6256295 ,113.614581,62.941544,7.34,0.026,6.782,0.016,6.556,0.018,AAA,111,000,1999-01-10
07352188+5450590 ,113.841172,54.849724,7.772,0.024,7.222,0.033,6.955,0.023,AAA,111,000,1999-12-02
07362513+0704431 ,114.104721,7.078657,8.18,0.021,7.611,0.033,7.282,0.02,AAA,111,000,1999-11-21
07365666-3024160 ,114.236113,-30.404461,9.359,0.024,8.789,0.033,8.495,0.021,AAA,111,000,1999-02-03
07384089-2113276 ,114.67039,-21.22434,7.848,0.019,7.334,0.036,7.063,0.023,AAA,111,000,1998-04-28
07391805+0513298 ,114.82523,5.224955,-0.498,0.151,-0.666,0.27,-0.658,0.322,BDD,111,000,1999-12-08
07395932-0335506 ,114.997194,-3.597414,5.493,0.027,5.063,0.038,4.885,0.017,EAA,111,000,1998-11-12
07400289-0336130 ,115.012079,-3.603621,6.377,0.024,5.7,0.026,5.568,0.017,AAA,111,000,1998-11-12
07401183-4257406 ,115.049296,-42.961296,8.681,0.027,8.092,0.027,7.768,0.026,AAA,111,000,1999-03-30
07401922-1724449 ,115.080103,-17.412489,10.155,0.022,9.628,0.023,9.291,0.021,AAA,111,000,1998-03-22
07402064-1724481 ,115.086013,-17.413387,12.653,0.022,12.611,0.026,12.583,0.036,AAA,111,000,1998-03-22
07414920+2351275 ,115.455039,23.857641,16.158,0.101,15.838,0.185,15.847,,ACU,110,000,1997-12-04
07444018+0333089 ,116.16742,3.55249,6.581,0.024,6.005,0.038,5.698,0.017,AAA,111,000,1999-12-10
07451891+2801340 ,116.328824,28.026127,-0.315,0.232,-0.845,0.178,-0.936,0.16,DCC,111,000,2000-10-17
07464256+2000321 ,116.677342,20.00894,11.759,0.02,11.007,0.022,10.468,0.022,AAA,111,000,1997-12-05
07471385+5020386 ,116.80772,50.344074,8.855,0.023,8.299,0.026,8.04,0.021,AAA,111,000,2000-03-20
07491271-7642065 ,117.302961,-76.701828,7.406,0.021,6.862,0.031,6.579,0.018,AAA,111,000,1999-12-13
07515465-0000117 ,117.97774,-0.003266,8.496,0.023,7.939,0.053,7.661,0.021,AAA,111,000,1998-11-30
07530814-6747314 ,118.28395,-67.792061,12.726,0.023,12.476,0.026,12.362,0.024,AAA,111,000,1999-12-17
07545484-3809381 ,118.728531,-38.160587,10.012,0.024,9.418,0.024,9.077,0.019,AAA,111,000,1999-02-12
07555396+8323049 ,118.974868,83.38472,8.744,0.026,8.144,0.018,7.912,0.023,AAA,111,000,1999-11-21
07580909+0717015 ,119.537912,7.283757,9.272,0.027,8.639,0.044,8.381,0.038,AAA,111,s00,1999-12-06
07581269+4118134 ,119.552914,41.303745,7.734,0.023,7.133,0.034,6.878,0.031,AAA,111,000,1999-11-29
07584037+3247245 ,119.668227,32.790154,14.947,0.045,14.111,0.042,13.879,0.057,AAA,111,000,1998-05-05
08115757+0846220 ,122.989896,8.772792,8.424,0.023,7.927,0.042,7.66,0.026,AAA,111,000,2000-03-04
08122707-3529433 ,123.112812,-35.495377,13.618,0.03,13.382,0.023,13.319,0.031,AAA,111,000,1999-02-14
08124088-2133056 ,123.170338,-21.551579,7.601,0.02,6.964,0.033,6.705,0.027,AAA,111,000,1998-05-16
08151117-2344157 ,123.796554,-23.737711,8.107,0.02,7.513,0.034,7.215,0.026,AAA,111,000,1998-05-16
08160798+0118091 ,124.03327,1.30255,6.625,0.026,6.036,0.031,5.766,0.024,AAA,111,000,2000-01-28
08173001-6155158 ,124.375045,-61.921062,13.613,0.024,13.526,0.031,13.52,0.043,AAA,111,000,2000-01-02
08180763-6818468 ,124.531807,-68.313019,7.933,0.027,7.359,0.049,7.101,0.018,AAA,111,000,1999-12-26
08182389-1237541 ,124.599553,-12.631709,4.953,0.268,4.364,0.224,4.165,0.036,DDE,111,000,1998-03-28
08195820-0335266 ,124.992527,-3.590735,14.991,0.044,14.638,0.057,14.586,0.105,AAA,111,000,1998-12-11
08212670-6703201 ,125.361281,-67.055588,13.792,0.029,13.568,0.032,13.339,0.039,AAA,111,000,1999-12-26
08224744-5726530 ,125.697698,-57.448059,8.626,0.024,8.085,0.031,7.802,0.023,AAA,111,000,1999-12-30
08224787-5726451 ,125.699459,-57.445866,10.256,0.029,9.744,0.031,9.348,0.029,AAA,111,000,1999-12-30
08251968+2115521 ,126.332019,21.264479,15.1,0.034,13.792,0.032,13.028,0.026,AAA,111,000,1998-01-09
08255285+6902016 ,126.470211,69.033783,10.078,0.021,9.496,0.019,9.161,0.014,AAA,111,000,1999-03-13
08271183-4459215 ,126.799326,-44.989307,7.748,0.026,7.149,0.038,6.873,0.023,AAA,111,000,1999-03-30
08283419-1309198 ,127.142461,-13.155518,12.803,0.03,11.851,0.022,11.297,0.021,AAA,111,000,1999-04-18
08294949+2646348 ,127.456242,26.776339,8.235,0.021,7.617,0.018,7.26,0.024,AAA,111,000,1998-02-02
08300825+4828482 ,127.53439,48.48008,15.444,0.048,14.343,0.037,13.676,0.038,AAA,111,000,1999-01-14
08325148-3130031 ,128.214529,-31.500887,5.333,0.294,4.763,0.296,4.438,0.036,DDE,111,000,2000-01-13
08342587-0108391 ,128.607808,-1.144215,8.81,0.02,8.322,0.04,8.031,0.029,AAA,111,000,1998-11-27
08354256-0819237 ,128.927365,-8.323263,13.169,0.024,11.939,0.024,11.136,0.021,AAA,111,000,1999-01-23
08354915+6804096 ,128.954826,68.069359,7.861,0.023,7.287,0.023,7.053,0.026,AAA,111,000,1999-02-02
08362561+6717419 ,129.106731,67.294998,6.425,0.029,5.782,0.015,5.58,0.015,AAA,111,000,1999-02-02
08380224-5855583 ,129.509354,-58.93288,10.309,0.024,9.709,0.024,9.268,0.021,AAA,111,000,1998-11-28
08383373-2843261 ,129.640579,-28.723936,8.108,0.02,7.584,0.049,7.282,0.02,AAA,111,000,1999-02-23
08401597+3127068 ,130.066559,31.451904,8.122,0.021,7.561,0.04,7.302,0.021,AAA,111,000,2000-03-29
08402975+1824091 ,130.123962,18.40255,11.053,0.022,10.419,0.023,10.046,0.018,AAA,111,000,1998-10-19
08412013+5929505 ,130.33389,59.497387,9.615,0.023,8.996,0.028,8.668,0.021,AAA,111,000,2000-01-05
08413249-3256340 ,130.385404,-32.942791,11.578,0.03,11.539,0.033,11.547,0.029,AAA,111,000,1999-02-26
08431805-3852569 ,130.825215,-38.882496,4.937,0.037,4.441,0.212,4.358,0.02,ECA,111,0d0,1999-02-27
08523579+2819509 ,133.149142,28.330822,4.768,0.244,4.265,0.234,4.015,0.036,DDE,111,000,2000-03-19
08524084+2818589 ,133.170194,28.316368,8.56,0.027,7.933,0.04,7.666,0.023,AAA,111,000,2000-03-19
08533619-0329321 ,133.400817,-3.492253,11.212,0.026,10.469,0.026,9.942,0.024,AAA,111,000,1998-12-26
08561956+1239500 ,134.081521,12.663913,9.585,0.021,9.033,0.022,8.708,0.017,AAA,111,000,1997-11-16
08575849+5708514 ,134.49371,57.147617,15.038,0.04,13.79,0.042,12.962,0.03,AAA,111,000,1999-11-17
08585633+0828259 ,134.734727,8.473874,6.507,0.018,5.966,0.033,5.688,0.016,AAA,111,000,2000-02-23
08592547-1949268 ,134.85616,-19.824135,15.527,0.054,14.436,0.042,13.751,0.058,AAA,111,000,1999-02-10
09002359+2150054 ,135.098309,21.834843,9.436,0.02,8.836,0.023,8.437,0.021,AAA,111,000,1998-11-06
09003254+4635117 ,135.135586,46.586601,8.604,0.023,8.031,0.018,7.741,0.02,AAA,111,000,1998-04-27
09025284+6803464 ,135.720199,68.062889,8.453,0.029,7.985,0.023,7.711,0.018,AAA,111,000,1999-05-12
09083803+5032088 ,137.158489,50.535782,14.549,0.023,13.477,0.03,12.945,0.027,AAA,111,000,1999-03-06
09141746-4134383 ,138.572767,-41.57732,9.983,0.026,9.423,0.023,9.12,0.023,AAA,111,000,1999-03-10
09142298+5241125 ,138.595757,52.686813,4.889,0.037,3.987,0.188,3.988,0.036,ECE,111,ddd,1998-12-05
09142485+5241118 ,138.603566,52.686623,4.779,0.174,4.043,0.206,4.136,0.02,CCE,111,ddd,1998-12-05
09153642-1035470 ,138.901789,-10.596393,8.605,0.027,8.074,0.04,7.733,0.017,AAA,111,000,1999-01-21
09155623+5325249 ,138.984296,53.423592,13.308,0.025,13.211,0.026,13.133,0.03,AAA,111,000,1998-12-05
09162066-1837329 ,139.086105,-18.625828,7.351,0.021,6.759,0.047,6.492,0.024,AAA,111,000,1999-04-22
09170532-7749233 ,139.2722,-77.823158,8.329,0.024,7.768,0.038,7.448,0.021,AAA,111,000,2000-01-06
09205549+4539058 ,140.231218,45.651619,15.223,0.052,14.164,0.054,13.728,0.05,AAA,222,ccc,1999-02-21
09211410-2104446 ,140.308774,-21.079056,12.779,0.024,12.152,0.022,11.69,0.023,AAA,111,000,2000-03-05
09213761-6016551 ,140.406709,-60.281979,6.442,0.023,5.793,0.033,5.587,0.021,AAA,111,000,2000-01-08
09214812-0219433 ,140.450538,-2.328716,8.441,0.023,7.901,0.053,7.611,0.023,AAA,111,000,2000-02-12
09295482+0539184 ,142.478447,5.655138,5.429,0.026,5.002,0.055,4.788,0.023,AAA,111,00d,2000-02-11
09304457+0019214 ,142.68573,0.32262,7.697,0.02,7.182,0.029,6.871,0.024,AAA,111,000,2000-02-11
09311936-1329192 ,142.830708,-13.488693,6.361,0.02,5.755,0.029,5.511,0.02,AAA,111,000,1999-04-19
09315632+3619129 ,142.984694,36.320271,7.121,0.023,6.569,0.055,6.302,0.02,AAA,111,000,2000-01-12
09325151+5140384 ,143.214658,51.677353,2.28,0.286,2.079,0.184,1.97,0.248,DCD,111,000,1999-03-06
09353959+3548366 ,143.914967,35.810181,4.059,0.41,3.718,0.338,3.69,0.018,DDE,111,000,1998-03-24
09360161-2139371 ,144.006725,-21.660318,7.337,0.034,6.74,0.033,6.475,0.017,AAA,111,000,1998-04-22
09373487+2931409 ,144.395332,29.528053,14.648,0.036,14.703,0.068,15.267,0.13,AAB,111,000,2000-04-02
09393548-2448279 ,144.897874,-24.807762,15.981,0.106,15.797,0.15,16.556,,ABU,110,000,2000-02-10
09394631-4104029 ,144.942959,-41.067493,6.902,0.029,6.321,0.049,6.056,0.023,AAA,111,000,2001-02-10
09410199+2201291 ,145.258311,22.024767,9.627,0.021,9.088,0.021,8.813,0.021,AAA,111,000,1998-01-22
09411033+1312344 ,145.29305,13.209568,6.971,0.02,6.369,0.044,6.128,0.02,AAA,111,000,2000-03-14
09423493+7002024 ,145.645577,70.034004,6.917,0.018,6.326,0.015,6.075,0.017,AAA,111,000,1999-03-03
09424635-6853060 ,145.69315,-68.88501,7.953,0.024,7.385,0.051,7.037,0.017,AAA,111,000,2000-01-09
09424960-6337560 ,145.706679,-63.632244,8.615,0.032,8.099,0.047,7.771,0.023,AAA,111,000,2000-01-08
09425182+7002221 ,145.715924,70.03949,7.326,0.02,6.731,0.018,6.469,0.016,AAA,111,000,1999-03-03
09432994-3833560 ,145.874784,-38.565556,10.901,0.023,10.366,0.022,10.029,0.019,AAA,111,000,1999-03-19
09434633-1747066 ,145.943062,-17.785175,9.616,0.024,9.118,0.023,8.874,0.021,AAA,111,000,1998-03-22
09442986-4546351 ,146.124443,-45.776417,6.632,0.023,6.045,0.044,5.78,0.02,AAA,111,000,1999-03-18
09444731-1812489 ,146.197145,-18.213593,8.122,0.026,7.536,0.038,7.257,0.02,AAA,111,000,2000-03-11
09445422-1220544 ,146.225934,-12.348452,8.496,0.024,7.919,0.024,7.601,0.018,AAA,111,000,1998-03-22
09455843-3253299 ,146.493499,-32.891647,9.204,0.024,8.603,0.031,8.279,0.026,AAA,111,000,1999-04-27
09510700-4330097 ,147.779192,-43.502705,5.451,0.018,4.998,0.026,4.717,0.021,AEA,111,000,1999-03-18
09510964-1219478 ,147.790173,-12.329959,6.988,0.024,6.4,0.036,6.15,0.026,AAA,111,000,2000-03-08
09535523+2056460 ,148.480133,20.946114,9.208,0.022,8.6,0.021,8.326,0.018,AAA,111,000,1998-01-23
09552387-2715405 ,148.84946,-27.261274,8.032,0.023,7.433,0.038,7.143,0.021,AAA,111,000,1999-03-08
09560868+6247185 ,149.0362,62.78849,6.03,0.024,5.369,0.044,5.2,0.024,AAA,111,000,1999-11-09
10073369-4555147 ,151.890412,-45.920753,15.653,0.068,15.686,0.122,15.56,0.229,ABD,111,000,2000-02-18
10092996+5117197 ,152.374861,51.288826,9.299,0.026,8.714,0.023,8.523,0.021,AAA,111,000,1999-12-05
10112218+4927153 ,152.842442,49.454254,3.894,0.29,3.298,0.26,2.962,0.288,DDD,111,000,1999-12-05
10120466-0241044 ,153.019428,-2.684582,7.021,0.023,6.471,0.049,6.193,0.026,AAA,111,000,1998-12-27
10121768-0344441 ,153.073691,-3.745589,5.888,0.021,5.258,0.016,5.015,0.02,AAA,111,000,1998-12-27
10123481+5703495 ,153.145054,57.063774,7.759,0.021,7.171,0.026,6.902,0.02,AAA,111,000,1999-01-20
10132597-7842551 ,153.358217,-78.715317,13.843,0.03,12.736,0.029,12.033,0.026,AAA,111,000,2000-01-13
10145184-4709244 ,153.716027,-47.156796,9.245,0.026,8.666,0.031,8.322,0.027,AAA,111,000,1999-03-29
10155390+1729271 ,153.974585,17.490881,8.696,0.02,8.147,0.046,7.861,0.023,AAA,111,000,1997-12-03
10164599-1157412 ,154.191664,-11.961463,7.323,0.019,6.711,0.042,6.452,0.018,AAA,111,000,1998-03-27
10193634+1952122 ,154.901455,19.870068,5.449,0.027,4.843,0.02,4.593,0.017,AEA,111,000,1998-01-26
10251088-1013434 ,156.295335,-10.228726,6.895,0.019,6.264,0.033,6.032,0.017,AAA,111,000,1999-01-15
10285555+0050275 ,157.231495,0.840983,6.176,0.021,5.605,0.033,5.311,0.023,AAA,111,000,2000-02-06
10302530+5559569 ,157.605444,55.999149,6.119,0.02,5.499,0.034,5.361,0.016,AAA,111,000,2000-01-10
10303759+5558501 ,157.656651,55.980598,4.033,0.218,3.758,0.198,3.644,0.222,DCD,111,000,2000-01-10
10352725+6926594 ,158.863572,69.449852,7.898,0.019,7.389,0.016,7.161,0.02,AAA,111,000,1999-02-09
10384782-8632441 ,159.699263,-86.545586,8.972,0.03,8.399,0.047,8.112,0.027,AAA,111,000,2000-01-03
10385559-2040572 ,159.731625,-20.682575,14.633,0.033,14.346,0.041,14.035,0.067,AAA,111,000,1999-02-24
10394435-3755136 ,159.934807,-37.920467,7.211,0.018,6.629,0.023,6.381,0.023,AAA,111,000,1999-04-06
10413809+3736397 ,160.408746,37.61105,8.493,0.027,8.005,0.038,7.714,0.024,AAA,111,000,1998-04-04
10430293-0912410 ,160.762219,-9.211414,9.667,0.027,9.097,0.026,8.728,0.019,AAA,111,000,1999-01-25
10442131-6112384 ,161.088833,-61.210678,8.492,0.021,8.054,0.044,7.728,0.027,AAA,111,000,1998-03-21
10442927-1838063 ,161.121984,-18.635109,10.057,0.022,9.553,0.024,9.291,0.019,AAA,111,000,1998-04-22
10475385+2124234 ,161.974394,21.406519,15.819,0.059,15.797,0.12,16.408,,ABU,110,000,1998-01-29
10481258-1120082 ,162.052429,-11.335619,8.857,0.021,8.263,0.036,7.926,0.033,AAA,111,000,1999-01-25
10481463-3956062 ,162.060998,-39.935066,9.538,0.022,8.905,0.044,8.447,0.023,AAA,111,000,1999-04-06
10494561+3532515 ,162.440042,35.547657,8.537,0.023,8.042,0.023,7.743,0.021,AAA,111,000,1998-12-13
10505201+0648292 ,162.716724,6.808135,7.319,0.023,6.707,0.051,6.371,0.016,AAA,111,000,2000-02-29
10520440+1359509 ,163.018357,13.997492,8.607,0.023,8.064,0.021,7.795,0.026,AAA,111,000,1997-12-15
10521423+0555098 ,163.0593,5.919404,9.834,0.024,9.279,0.023,8.941,0.023,AAA,111,000,2000-02-12
10551532-7356091 ,163.813837,-73.935867,10.63,0.023,10.047,0.024,9.666,0.024,AAA,111,000,2000-02-06
10562886+0700527 ,164.12027,7.014658,7.085,0.024,6.482,0.042,6.084,0.017,AAA,111,000,2000-03-01
10592802+4025485 ,164.86675,40.430161,3.96,0.296,3.736,0.224,3.75,0.34,DDD,111,000,1998-04-09
11000432+2249592 ,165.018017,22.833138,6.314,0.023,5.76,0.02,5.495,9.995,AAF,111,000,1998-01-30
11023832+2158017 ,165.659701,21.967142,6.522,0.02,5.899,0.018,5.688,0.021,AAA,111,000,1998-01-30
11052903+4331357 ,166.370971,43.526585,5.538,0.019,5.002,0.021,4.769,0.02,AAA,111,000,1998-12-09
11053133+4331170 ,166.380551,43.521404,8.742,0.026,8.177,0.024,7.839,0.026,AAA,111,000,1998-12-09
11093138-2435548 ,167.380771,-24.598579,6.948,0.021,6.358,0.038,6.097,0.023,AAA,111,000,1999-03-11
11110245+3026415 ,167.760237,30.444878,6.592,0.019,5.975,0.018,5.734,0.02,AAA,111,000,1998-03-24
11110509+3026459 ,167.771227,30.446089,5.764,0.02,5.13,0.02,4.979,0.018,AAA,111,000,1998-03-24
11115176+3332111 ,167.96567,33.536442,8.297,0.029,7.758,0.029,7.497,0.021,AAA,111,000,1998-05-10
11145133-2618235 ,168.713905,-26.306545,15.858,0.083,15.734,0.123,16.109,,ABU,110,000,1999-03-11
11160018-5732513 ,169.000752,-57.547611,7.811,0.02,7.304,0.053,7.035,0.031,AAA,111,000,2000-01-26
11163766-2757186 ,169.156936,-27.955194,9.364,0.022,8.909,0.023,8.621,0.019,AAA,111,000,1999-03-11
11181100+3131464 ,169.545852,31.52957,2.462,0.294,2.231,0.204,2.142,0.23,DCD,111,000,1998-03-10
11193058+4641437 ,169.877448,46.69548,10.087,0.022,9.534,0.021,9.199,0.017,AAA,111,000,1999-03-10
11200526+6550470 ,170.021955,65.846413,6.306,0.018,5.73,0.02,5.534,0.017,AAA,111,000,1999-02-03
11212655-2027095 ,170.360652,-20.45265,6.638,0.069,5.859,0.118,5.826,0.047,ABA,111,ccc,1998-05-17
11212663-2027134 ,170.360975,-20.453737,6.097,0.024,5.464,0.026,5.302,0.016,AAA,111,ddd,1998-05-17
11220826-3512363 ,170.534441,-35.210102,15.019,0.039,14.358,0.05,14.383,0.066,AAA,111,000,1999-03-24
11243947-6138542 ,171.164471,-61.648403,6.005,0.032,7.254,,5.164,0.026,AUA,101,c00,2000-02-10
11244030-6138512 ,171.167955,-61.647579,5.147,1.076,4.15,1.072,4.548,0.017,DDA,111,d00,2000-02-10
11285624+1010395 ,172.234347,10.17765,8.478,0.032,7.994,0.038,7.671,0.023,AAA,111,000,2000-03-02
11304179-0805425 ,172.674145,-8.095158,8.033,0.019,7.457,0.026,7.152,0.017,AAA,111,000,2001-01-20
11310835-1457201 ,172.784826,-14.955598,9.359,0.026,8.764,0.044,8.497,0.023,AAA,111,000,1999-02-19
11314655-4102473 ,172.943963,-41.046486,7.366,0.027,6.765,0.038,6.511,0.034,AAA,111,000,1999-04-11
11342953-3249533 ,173.623044,-32.831493,4.784,0.228,4.138,0.214,4.022,0.036,DCE,111,000,1999-03-24
11352695-3232232 ,173.862294,-32.539803,6.471,0.018,5.856,0.036,5.623,0.021,AAA,111,000,1999-03-24
11381671-7721484 ,174.569647,-77.363464,9.399,0.022,8.89,0.022,8.521,0.019,AAA,111,000,2000-01-25
11410247-4424184 ,175.260303,-44.405128,5.792,0.021,5.273,0.075,5.101,0.016,AAA,111,00d,2000-03-14
11410301+3412064 ,175.262552,34.201794,3.988,0.242,3.648,0.228,3.588,0.036,DDE,111,000,1998-05-11
11412152-3624346 ,175.339693,-36.409637,8.49,0.026,7.967,0.038,7.699,0.023,AAA,111,000,2000-01-19
11414471+4245072 ,175.436318,42.752026,7.608,0.018,7.069,0.023,6.822,0.016,AAA,111,000,1998-05-16
11421096+2642251 ,175.545669,26.70698,6.9,0.024,6.319,0.023,6.073,0.016,AAA,111,000,1998-03-02
11431977-5150255 ,175.832384,-51.840435,7.144,0.019,6.58,0.04,6.32,0.021,AAA,111,000,1999-05-10
11454297-6450297 ,176.429077,-64.841599,11.189,0.024,11.13,0.025,11.104,0.026,AAA,111,000,2000-02-10
11463107-4030013 ,176.629499,-40.500366,3.931,0.276,3.49,0.238,3.489,0.278,DDD,111,000,2000-01-19
11463269-4029476 ,176.636238,-40.496578,8.755,0.023,8.23,0.049,7.961,0.026,AAA,111,bb0,2000-01-19
11474143+7841283 ,176.92266,78.691208,6.724,0.024,6.217,0.044,5.954,0.027,AAA,111,000,2000-02-07
11474440+0048164 ,176.93502,0.804568,6.505,0.023,5.945,0.024,5.654,0.024,AAA,111,000,2000-02-10
11490366+1434197 ,177.265265,14.57216,1.854,0.274,1.925,0.194,1.883,0.192,DCC,111,000,1998-01-09
11504173+0145528 ,177.673881,1.764692,2.597,0.252,2.363,0.23,2.269,0.254,DDD,111,000,2000-03-07
11505787+4822395 ,177.74116,48.377666,8.488,0.029,7.952,0.027,7.637,0.017,AAA,111,000,1999-01-04
11510737+3516188 ,177.780727,35.271915,6.419,0.02,5.828,0.02,5.606,0.017,AAA,111,000,1998-03-10
11525880+3743060 ,178.245026,37.718334,4.937,0.196,4.5,0.024,4.373,0.027,CEA,111,000,2000-03-20
11540788+0948227 ,178.532852,9.806314,8.699,0.03,8.193,0.047,7.872,0.018,AAA,111,000,2000-03-04
11553952-3727350 ,178.914696,-37.45974,12.811,0.024,12.04,0.026,11.462,0.021,AAA,111,000,1999-04-15
11554286-2224586 ,178.928617,-22.416279,10.93,0.023,10.295,0.023,9.881,0.019,AAA,111,000,1999-04-22
11575619-2742251 ,179.48413,-27.70698,4.992,0.037,4.617,0.242,4.525,0.3,EDD,111,d0d,2000-03-19
11592743-5247188 ,179.864296,-52.788578,11.43,0.026,10.763,0.023,10.322,0.019,AAA,111,000,1999-05-11
12004444-1026452 ,180.185205,-10.445915,4.557,0.228,4.07,0.208,4.027,0.26,DCD,111,000,1999-02-07
12052666-2333125 ,181.361108,-23.553478,12.402,0.024,12.301,0.027,12.342,0.026,AAA,111,000,1998-04-23
12100559-1504156 ,182.523321,-15.071017,7.768,0.029,7.137,0.04,6.863,0.024,AAA,111,000,1998-04-03
12111179-1957376 ,182.799157,-19.96047,7.895,0.027,7.359,0.034,7.044,0.016,AAA,111,000,1998-04-17
12111697-1958213 ,182.820738,-19.97261,8.596,0.023,8.012,0.031,7.743,0.023,AAA,111,000,1998-04-17
12140866-2345172 ,183.536089,-23.754778,9.067,0.022,8.564,0.047,8.234,0.025,AAA,111,000,1998-04-27
12141654+0037263 ,183.568934,0.623998,8.456,0.026,7.86,0.049,7.54,0.027,AAA,111,000,2000-03-08
12171110-0311131 ,184.296262,-3.186993,15.86,0.061,15.748,0.119,15.887,,ABU,110,000,1999-01-30
12185939+1107338 ,184.747481,11.126083,8.525,0.027,7.88,0.029,7.57,0.031,AAA,111,000,2000-03-15
12212673+3038376 ,185.361375,30.643782,10.057,0.036,9.454,0.033,9.169,0.024,AAA,111,cc0,2000-04-06
12212705+3038357 ,185.362718,30.64325,9.987,0.057,9.44,0.061,9.116,0.037,EEE,111,cc0,2000-04-06
12215175-3136054 ,185.465655,-31.601515,16.377,0.134,16.058,0.183,15.631,,BCU,110,000,1999-04-04
12245243-1814303 ,186.218463,-18.24177,7.734,0.021,7.247,0.021,6.95,0.021,AAA,111,000,1999-03-08
12253211-1559418 ,186.38382,-15.99495,9.949,0.026,9.363,0.026,8.998,0.025,AAA,111,000,1998-03-31
12255432-2739466 ,186.476347,-27.662966,15.26,0.047,15.098,0.081,15.073,0.148,AAB,111,000,1998-07-04
12285759+0825316 ,187.239983,8.425453,7.844,0.035,7.203,0.053,6.956,0.026,AAA,111,000,2000-03-15
12293453-5559371 ,187.393891,-55.993656,8.89,0.034,8.354,0.044,8.065,0.021,AAA,111,000,2000-01-31
12311578+0848380 ,187.815782,8.810574,6.782,0.034,6.091,0.027,5.892,0.02,AAA,111,000,2000-03-16
12334454+4121270 ,188.435594,41.357502,3.213,0.218,2.905,0.198,2.848,0.31,DCD,111,000,2000-02-27
12362870+3512007 ,189.119601,35.200218,9.113,0.02,8.542,0.018,8.261,0.015,AAA,111,000,1998-03-04
12373919+6526148 ,189.413318,65.437447,16.053,0.087,15.739,0.145,16.058,,ABU,120,0c0,1999-03-13
12375231-5200055 ,189.467961,-52.00153,6.864,0.019,6.285,0.027,6.02,0.021,AAA,111,000,1999-05-14
12384914-3822527 ,189.704754,-38.381332,8.174,0.024,7.756,0.055,7.386,0.021,AAA,111,000,1999-04-09
12393641-2658111 ,189.901743,-26.969763,10.042,0.026,9.581,0.024,9.233,0.023,AAA,111,000,2000-03-17
12404633-4333595 ,190.193042,-43.566536,8.217,0.029,7.703,0.044,7.413,0.021,AAA,111,000,1999-05-07
12410647+1522359 ,190.276985,15.376658,5.834,0.021,5.273,0.036,5.075,0.017,AAA,111,000,2000-04-24
12413962-0126580 ,190.415091,-1.449464,2.041,0.272,1.925,0.224,1.873,0.232,DDD,111,000,1999-01-23
12440075-1110302 ,191.00315,-11.175062,9.516,0.023,8.969,0.022,8.674,0.023,AAA,111,000,1999-02-16
12455254-5506502 ,191.468933,-55.113956,8.991,0.02,8.429,0.044,8.124,0.021,AAA,111,000,2000-03-28
12462965-3139280 ,191.623549,-31.657801,15.024,0.042,14.186,0.035,13.974,0.056,AAA,111,000,1999-04-05
12475664+0945050 ,191.986009,9.751397,7.195,0.026,6.666,0.046,6.362,0.018,AAA,111,000,2000-03-17
12490273+6606366 ,192.261381,66.110168,6.88,0.024,6.299,0.046,6.07,0.024,AAA,111,000,2000-03-29
12504357-0046047 ,192.681561,-0.767976,5.753,0.02,5.215,0.084,4.882,0.02,AAA,111,000,1999-01-24
12545393-0122474 ,193.724709,-1.379858,14.891,0.035,14.09,0.025,13.837,0.054,AAA,111,000,1999-01-24
12590470-4336243 ,194.76961,-43.606773,10.534,0.022,9.954,0.021,9.52,0.021,AAA,111,000,1999-05-29
13003350+0541081 ,195.139608,5.685586,8.553,0.035,7.966,0.047,7.66,0.031,AAA,111,000,2000-02-26
13004255+1912354 ,195.177302,19.209852,12.717,0.022,12.08,0.023,11.624,0.02,AAA,111,000,1999-03-24
13004666+1222325 ,195.194437,12.375722,6.437,0.021,5.786,0.017,5.578,0.016,AAA,111,000,1998-01-23
13065025+3050549 ,196.709377,30.848591,10.226,0.022,9.619,0.016,9.315,0.017,AAA,111,000,1998-03-12
13093495+2859065 ,197.395632,28.985161,9.476,0.027,8.912,0.031,8.612,0.019,AAA,111,000,2000-04-11
13101268+4745190 ,197.552869,47.755291,9.584,0.02,8.995,0.017,8.687,0.016,AAA,111,000,1999-02-06
13115238+2752411 ,197.968278,27.878109,3.232,0.234,2.992,0.192,2.923,0.274,DCD,111,000,2000-01-05
13130939-4130396 ,198.289148,-41.511024,8.292,0.02,7.684,0.027,7.412,0.024,AAA,111,000,1999-05-03
13165106+1701021 ,199.21277,17.017254,4.901,0.037,4.584,0.017,4.381,0.036,EEE,111,ddd,1999-12-13
13165156+1701000 ,199.214835,17.016689,6.532,0.027,5.983,0.04,5.749,0.017,AAA,111,ddd,1999-12-13
13182443-1818387 ,199.601819,-18.310776,3.334,0.2,2.974,0.176,2.956,0.236,CCD,111,000,1998-04-17
13193356+3506373 ,199.889846,35.110367,6.383,0.021,5.788,0.026,5.56,0.016,AAA,111,000,1999-02-21
13193466+3506258 ,199.894445,35.107189,8.287,0.018,7.742,0.049,7.518,0.021,AAA,111,000,1999-02-21
13194569+4746409 ,199.940384,47.77803,5.338,0.026,4.721,0.018,4.494,0.018,EAA,111,000,2000-04-24
13200391-3524437 ,200.01632,-35.412148,8.831,0.029,8.247,0.046,7.981,0.033,AAA,111,000,1999-03-30
13225673+2428034 ,200.736399,24.467621,8.728,0.021,8.162,0.051,7.957,0.033,AAA,111,000,2000-01-06
13233804-2554449 ,200.908537,-25.912493,8.664,0.026,8.066,0.055,7.781,0.031,AAA,111,000,1999-05-02
13243553+6358281 ,201.148073,63.974487,15.596,0.067,14.576,0.056,14.058,0.06,AAA,111,000,2000-03-16
13282106-0221365 ,202.087764,-2.360146,7.515,0.021,6.913,0.051,6.613,0.023,AAA,111,000,1999-02-03
13282151-0221313 ,202.089633,-2.358708,9.24,0.03,8.571,0.038,8.302,0.034,AAA,111,000,1999-02-03
13295979+1022376 ,202.499127,10.37712,5.902,0.018,5.3,0.033,5.036,0.027,AAA,111,000,2000-03-19
13363181+0340458 ,204.132554,3.679414,13.065,0.024,12.819,0.026,12.69,0.021,AAA,111,000,2000-03-01
13372875+3543039 ,204.369816,35.71777,6.263,0.02,5.66,0.016,5.486,0.021,AAA,111,000,1999-01-13
13392410+4611114 ,204.850438,46.18652,7.054,0.018,6.513,0.036,6.284,0.017,AAA,111,000,2000-02-27
13424328+3317255 ,205.680362,33.290428,7.787,0.02,7.212,0.024,6.982,0.02,AAA,111,000,1998-03-21
13450502+1747105 ,206.270954,17.786264,6.997,0.024,6.401,0.015,6.22,0.016,AAA,111,000,1998-05-02
13454354+1453317 ,206.431434,14.892165,5.181,0.037,4.775,0.206,4.415,0.017,ECA,111,000,1998-05-02
13455074-1758047 ,206.461457,-17.967993,7.745,0.021,7.192,0.046,6.902,0.044,AAA,111,000,1998-05-16
13464607-3149258 ,206.691989,-31.823843,10.975,0.024,10.436,0.026,10.038,0.019,AAA,111,000,1998-07-25
13480299+2334462 ,207.012482,23.579527,13.921,0.027,13.669,0.036,13.621,0.04,AAA,111,000,2000-03-17
13481341+2336486 ,207.055893,23.613514,10.082,0.024,9.506,0.031,9.179,0.021,AAA,111,000,2000-01-08
13490399+2658469 ,207.266625,26.979713,5.077,0.048,4.561,0.026,6.333,,EAU,110,000,2000-04-11
13490401+2658447 ,207.266744,26.979107,7.084,,6.808,,4.415,0.027,UUA,1  ,00d,2000-04-11
13494500-2206392 ,207.437541,-22.110893,5.919,0.019,5.323,0.023,5.16,0.02,AAA,111,000,1998-05-17
13533877+7737083 ,208.411551,77.618973,8.635,0.019,8.056,0.017,7.795,0.021,AAA,111,000,1999-05-08
13544106+1823514 ,208.671111,18.397638,1.793,0.306,1.534,0.154,1.485,0.17,DBC,111,000,2000-03-30
13571306-2922252 ,209.30443,-29.37368,8.633,0.032,8.027,0.053,7.789,0.021,AAA,111,000,1998-06-26
13573203+6129343 ,209.383492,61.492886,5.018,0.26,4.402,0.206,4.094,8.888,DCF,111,000,1999-05-06
13580529-3937545 ,209.522061,-39.631821,9.72,0.024,9.226,0.024,8.948,0.02,AAA,111,000,1999-04-16
13581392+1234438 ,209.55804,12.578835,8.269,0.021,7.687,0.046,7.439,0.024,AAA,111,000,1999-12-18
13591045-1950034 ,209.793576,-19.834293,8.334,0.037,7.761,0.061,7.445,0.026,AAA,111,000,1999-02-04
14010324-0239180 ,210.263526,-2.655024,6.516,0.018,5.935,0.036,5.683,0.02,AAA,111,000,1999-02-10
14023312+4620239 ,210.638032,46.339977,6.269,0.075,5.646,0.047,5.386,0.034,AAA,111,cdd,1999-04-27
14023324+4620266 ,210.638502,46.340733,6.264,0.087,5.654,0.076,5.431,0.023,AAA,111,dcc,1999-04-27
14035157-4241528 ,210.964878,-42.698013,8.721,0.021,8.168,0.036,7.89,0.026,AAA,111,000,1999-05-15
14053729+8350248 ,211.405389,83.84024,14.63,0.045,13.491,0.044,12.848,0.033,AAA,111,c00,2000-02-18
14115998-4132211 ,212.999922,-41.539215,9.67,0.022,9.041,0.024,8.62,0.02,AAA,111,000,1999-04-16
14131288-5644314 ,213.303703,-56.742069,6.951,0.026,6.394,0.047,6.136,0.027,AAA,111,000,2000-02-23
14153253+0439312 ,213.88557,4.658679,9.433,0.026,8.936,0.022,8.618,0.025,AAA,111,000,2000-04-01
14153968+1910558 ,213.915334,19.182194,-2.252,0.157,-2.81,9.996,-2.911,0.17,CFC,111,000,2000-01-06
14155637+3616368 ,213.984885,36.276901,8.94,0.018,8.366,0.021,8.098,0.017,AAA,111,000,1998-04-20
14162408+1348263 ,214.100353,13.807318,13.148,0.025,12.456,0.028,12.114,0.023,AAA,111,000,2000-03-01
14190485-5922447 ,214.770211,-59.379097,4.976,0.03,4.671,0.262,4.332,0.036,EDE,111,00d,2000-03-09
14200739-0937127 ,215.030808,-9.620203,8.74,0.035,8.191,0.049,7.976,0.031,AAA,111,000,1999-03-10
14211512-0107199 ,215.313034,-1.122204,8.948,0.03,8.391,0.031,8.093,0.026,AAA,111,000,2000-05-03
14221943-7023371 ,215.580959,-70.393661,10.229,0.022,9.673,0.02,9.374,0.02,AAA,111,000,2000-03-31
14245599+0853155 ,216.233302,8.887656,8.42,0.034,7.802,0.038,7.59,0.027,AAA,111,000,2000-04-04
14252798-3650229 ,216.366594,-36.839722,13.747,0.028,12.575,0.022,11.805,0.027,AAA,111,000,1999-08-08
14280419+1356137 ,217.017482,13.93715,11.014,0.021,10.39,0.015,10.026,0.02,AAA,111,000,1999-02-18
14284323+3310391 ,217.180138,33.17754,11.99,0.021,11.225,0.029,10.744,0.024,AAA,111,000,2000-03-09
14292971+1531578 ,217.373821,15.532746,7.229,0.021,6.605,0.031,6.393,0.018,AAA,111,000,2000-01-12
14294291-6240465 ,217.428793,-62.679592,5.357,0.023,4.835,0.057,4.384,0.033,AAE,111,000,2000-03-12
14303787+5943249 ,217.657828,59.723595,10.79,0.018,10.14,0.02,9.788,0.02,AAA,111,000,1999-03-14
14310120-1217451 ,217.755009,-12.295886,7.803,0.026,7.259,0.049,6.961,0.021,AAA,111,000,1998-04-01
14320849+0811313 ,218.035409,8.192037,10.108,0.024,9.529,0.022,9.166,0.021,AAA,111,000,2000-04-05
14332887+5254315 ,218.370294,52.908764,5.436,0.037,4.872,0.029,4.789,0.017,EAA,111,000,2000-01-28
14341683-1231106 ,218.570143,-12.519636,6.838,0.019,6.262,0.044,5.939,0.034,AAA,111,000,1999-04-20
14392836+1929149 ,219.868204,19.487495,12.759,0.019,12.041,0.019,11.546,0.022,AAA,111,000,1997-06-10
14422164+6603208 ,220.590206,66.055786,7.306,0.024,6.733,0.026,6.491,0.024,AAA,111,000,1999-04-30
14472548-1742151 ,221.85617,-17.704218,14.948,0.029,14.64,0.047,14.724,0.108,AAB,111,000,1998-03-23
14511044+3106406 ,222.79352,31.111294,8.408,0.02,7.853,0.023,7.566,9.995,AAF,111,000,1998-03-24
14532374+1909104 ,223.348926,19.152889,4.882,0.26,4.165,0.036,4.316,0.326,DED,111,000,2000-05-09
14540797-6604476 ,223.533243,-66.07991,13.059,0.024,12.168,0.022,11.721,0.025,AAA,111,000,2000-03-21
14542923+1606039 ,223.621808,16.101109,6.633,0.023,5.99,0.021,5.77,0.018,AAA,111,0dd,1999-06-07
14551146+3006454 ,223.797759,30.112627,9.617,0.023,9.036,0.026,8.769,0.022,AAA,111,000,2000-03-15
14563831-2809473 ,224.159642,-28.16316,9.965,0.026,9.315,0.022,8.928,0.027,AAA,111,000,1998-06-26
14571496-2121477 ,224.312344,-21.363264,15.324,0.048,15.268,0.089,15.242,0.156,AAC,111,000,1998-05-16
14572788-2124526 ,224.366169,-21.414625,3.663,0.258,3.085,0.196,3.048,0.224,DCD,111,000,1998-05-16
14575374+5639242 ,224.473949,56.656734,10.207,0.029,9.635,0.029,9.269,0.02,AAA,111,000,2000-04-30
15005557+4525343 ,225.231544,45.426197,6.198,0.023,5.604,0.034,5.383,0.018,AAA,111,000,2000-02-06
15010818+2250020 ,225.284113,22.8339,11.866,0.022,11.181,0.03,10.706,0.024,AAA,111,000,2000-03-10
15011648-4339311 ,225.318702,-43.658665,6.931,0.029,6.309,0.027,6.074,0.024,AAA,111,000,1999-06-05
15031961+2525196 ,225.831719,25.422132,13.937,0.024,13.856,0.031,13.963,0.059,AAA,111,000,1999-05-22
15034736+4739152 ,225.947342,47.654228,3.416,0.282,3.125,0.228,3.011,0.268,DDD,111,000,2000-02-23
15065257+7027247 ,226.719079,70.456879,13.74,0.028,13.65,0.04,13.826,0.068,AAA,111,000,1999-05-16
15065441+1321060 ,226.726713,13.351689,13.365,0.023,12.38,0.021,11.741,0.019,AAA,111,000,1999-03-02
15074769-1627386 ,226.948719,-16.460728,12.83,0.027,11.895,0.024,11.312,0.026,AAA,111,000,1998-05-03
15150083+4847416 ,228.753476,48.794914,14.111,0.029,13.099,0.031,12.5,0.024,AAA,111,000,2000-03-20
15192689-0743200 ,229.862061,-7.722242,6.706,0.026,6.095,0.033,5.837,0.023,AAA,111,000,1999-03-18
15215291+2058394 ,230.470496,20.977634,6.61,0.021,5.96,0.016,5.756,0.018,AAA,111,000,1997-06-15
15221293-2749436 ,230.553894,-27.828779,9.094,0.024,8.564,0.038,8.274,0.023,AAA,111,000,1998-06-28
15235112+1727569 ,230.96304,17.46582,9.105,0.024,8.62,0.032,8.279,0.023,AAA,111,000,2000-04-26
15242475+2925318 ,231.103156,29.425508,11.206,0.022,10.535,0.021,10.155,0.015,AAA,111,000,1999-06-12
15303032+0926014 ,232.626364,9.433736,9.569,0.025,9.006,0.025,8.661,0.025,AAA,111,000,2000-04-11
15321302-4116314 ,233.054259,-41.275414,5.647,0.021,5.025,0.024,4.759,0.024,AAA,111,d0d,1999-04-07
15345704-1418486 ,233.737667,-14.313516,11.38,0.023,10.732,0.022,10.305,0.023,AAA,111,000,1998-04-02
15363450-3754223 ,234.14376,-37.9062,8.44,0.024,7.903,0.036,7.671,0.024,AAA,111,000,1999-05-14
15365868-1408006 ,234.244513,-14.133502,8.432,0.021,7.871,0.036,7.572,0.023,AAA,111,000,1998-04-02
15400352+4329396 ,235.014703,43.494358,8.312,0.029,7.777,0.031,7.563,0.026,AAA,111,cc0,1999-03-12
15400374+4329355 ,235.015591,43.493206,8.893,0.03,,,8.202,0.049,AXA,101,ccc,1999-03-12
15404341-5101357 ,235.180914,-51.026588,8.961,0.025,8.299,0.038,7.943,0.04,AAA,111,000,1999-07-05
15411642+7559347 ,235.318454,75.992996,8.26,0.018,7.716,0.02,7.442,0.023,AAA,111,000,1999-05-02
15420677-1928167 ,235.528239,-19.471308,7.92,0.019,7.421,0.036,7.168,0.027,AAA,111,000,1998-05-16
15462661+0721109 ,236.610877,7.353042,3.43,0.22,3.07,0.216,2.989,0.23,DCD,111,00d,2000-05-12
15462718-3325111 ,236.613275,-33.419773,15.631,0.051,15.446,0.092,15.485,0.181,AAC,111,00c,1998-07-09
15524460-2623134 ,238.185839,-26.387062,10.258,0.021,9.676,0.022,9.315,0.021,AAA,111,000,1999-05-06
15530228+1532369 ,238.259503,15.543587,15.825,0.071,15.94,0.163,15.507,0.182,ACC,111,000,1998-02-23
15550857-6325507 ,238.785729,-63.430771,2.23,0.296,2.209,0.254,2.152,0.29,DDD,111,00d,2000-03-26
15551573-0956055 ,238.815553,-9.934871,12.557,0.024,11.984,0.024,11.443,0.019,AAA,111,000,1999-03-23
15562720+1539413 ,239.11334,15.661475,3.149,0.242,2.875,0.224,2.703,0.314,DDD,111,000,2000-04-27
15595337-0815114 ,239.972382,-8.253167,7.185,0.03,6.601,0.047,6.343,0.029,AAA,111,000,1999-03-27
16001853-4543248 ,240.077246,-45.723576,14.994,0.036,13.937,0.046,13.417,0.038,AAA,111,000,1999-06-01
16025098+2035218 ,240.712436,20.589396,8.132,0.02,7.648,0.023,7.369,0.017,AAA,111,000,1999-05-21
16091625+0921077 ,242.317731,9.352147,7.969,0.023,7.346,0.042,7.136,0.016,AAA,111,000,2000-05-25
16134869-5734118 ,243.452906,-57.569946,5.888,0.02,5.395,0.027,5.293,0.024,AAA,111,000,1998-08-11
16153726-0822096 ,243.905279,-8.369341,4.667,0.26,4.162,0.178,4.186,0.292,DCD,111,d0d,1999-04-08
16164280+6714196 ,244.178352,67.2388,5.779,0.019,5.136,0.034,4.953,0.018,AAA,111,000,1999-05-26
16164537+6715224 ,244.189042,67.256226,6.908,0.021,6.3,0.021,6.066,0.02,AAA,111,000,1999-05-26
16200321-3731485 ,245.013385,-37.530163,8.339,0.101,8.035,0.098,7.765,0.112,AAB,111,ccc,1999-07-04
16200353-3731449 ,245.014748,-37.529163,6.793,0.023,6.223,0.021,5.95,0.021,AAA,111,000,1999-07-04
16233382-3913461 ,245.89094,-39.229481,11.577,0.021,11.708,0.023,11.768,0.022,AAA,111,000,1999-07-04
16240128-3911346 ,246.005351,-39.192963,4.405,0.258,4.025,0.19,3.933,0.036,DCE,111,000,2000-03-03
16240913+4821112 ,246.038045,48.35313,6.638,0.024,6.141,0.021,5.915,0.023,AAA,111,000,1998-06-18
16241436+0029158 ,246.059863,0.487727,15.494,0.054,15.524,0.1,15.518,,AAU,110,000,1999-04-22
16252459+5418148 ,246.352474,54.304127,6.608,0.02,6.063,0.018,5.833,0.024,AAA,111,000,1999-04-26
16265168-3812326 ,246.71534,-38.209064,10.365,0.024,9.8,0.024,9.443,0.019,AAA,111,000,2000-03-03
16282814-7005037 ,247.117282,-70.084366,4.11,0.27,3.646,0.226,3.661,0.284,DDD,111,d0d,2000-04-18
16283855+2308241 ,247.160625,23.140055,16.458,0.102,16.107,0.149,15.872,0.239,ABD,111,000,1997-06-08
16291840+0335371 ,247.326704,3.59364,15.29,0.041,14.485,0.044,14.184,0.061,AAA,111,000,2000-05-08
16301808-1239434 ,247.575357,-12.66206,5.95,0.024,5.373,0.04,5.075,0.024,AAA,111,000,1998-04-22
16311879+4051516 ,247.828309,40.864334,9.461,0.023,8.869,0.023,8.506,0.016,AAA,111,000,1999-06-03
16323318+0851225 ,248.138257,8.856272,13.849,0.026,13.611,0.029,13.488,0.033,AAA,111,000,2000-05-06
16331968-5207561 ,248.332013,-52.132256,8.309,0.024,7.759,0.053,7.434,0.029,AAA,111,000,1999-06-18
16362142-0219281 ,249.089291,-2.324499,4.446,0.276,4.053,0.208,4.039,0.234,DCD,111,000,1999-03-24
16400599+0042188 ,250.024992,0.70523,9.116,0.037,8.585,0.034,8.209,0.024,AAA,111,000,2000-05-08
16411728+3136093 ,250.322,31.602591,1.495,0.298,1.187,0.19,1.278,0.212,DCC,111,000,1998-05-05
16441502-3856371 ,251.0626,-38.943653,5.68,0.018,5.189,0.038,5.043,0.027,AAA,111,000,1999-05-07
16450635+3330330 ,251.276475,33.509182,5.48,0.023,4.878,0.018,4.712,0.021,AEA,111,0d0,1999-05-15
16452211-1319516 ,251.342129,-13.331015,12.451,0.028,11.685,0.025,11.145,0.026,AAA,111,000,1999-04-26
16463154+3434554 ,251.631453,34.582073,10.533,0.018,9.968,0.017,9.606,0.02,AAA,111,000,1999-05-18
16482562+5903228 ,252.106763,59.056351,12.425,0.021,12.463,0.021,12.523,0.03,AAA,111,000,1999-05-10
16505794+2227058 ,252.741458,22.451616,9.136,0.017,8.571,0.023,8.309,0.021,AAA,111,000,2000-03-09
16552527-0819207 ,253.8553,-8.322438,7.555,0.024,7.056,0.061,6.724,0.017,AAA,111,000,1999-04-11
16552880-0820103 ,253.870039,-8.336198,5.27,0.037,4.775,0.017,4.403,0.036,EEE,111,d00,1999-04-11
16553529-0823401 ,253.897053,-8.394476,9.776,0.029,9.201,0.024,8.816,0.023,AAA,111,000,1999-04-11
16570570-0420559 ,254.273772,-4.348883,7.971,0.023,7.442,0.08,7.12,0.021,AAA,111,000,1999-03-03
16580884+2544392 ,254.536873,25.74423,6.448,0.021,5.865,0.02,5.624,0.016,AAA,111,000,1999-06-08
17032384+5124219 ,255.849368,51.406086,8.768,0.027,8.193,0.018,7.921,0.021,AAA,111,000,1998-06-14
17050345-0503584 ,256.264394,-5.066249,5.522,0.024,4.942,0.026,4.726,0.023,AAA,111,000,1999-03-31
17051383-0505385 ,256.307646,-5.094045,6.78,0.029,6.193,0.021,5.975,0.026,AAA,111,000,1999-03-31
17064135-2643345 ,256.672321,-26.726269,14.109,0.03,13.972,0.044,13.988,0.06,AAA,111,000,1998-07-10
17070752+2133144 ,256.781348,21.554008,7.875,0.02,7.289,0.021,7.042,0.016,AAA,111,000,1999-03-21
17074571-1744523 ,256.940496,-17.747877,16.297,0.124,15.449,,15.845,,BUU,100,000,1998-04-23
17093153+4340531 ,257.381382,43.681442,7.38,0.019,6.757,0.016,6.485,0.016,AEA,111,000,1999-05-18
17101032-6043434 ,257.543007,-60.728748,5.694,0.023,5.204,0.021,5.091,0.024,AAA,111,000,2000-05-05
17105916-5230559 ,257.746529,-52.515553,6.866,0.024,6.229,0.024,6.026,0.021,AAA,111,000,1999-06-26
17113472+3826341 ,257.894674,38.44281,7.63,0.023,7.041,0.016,6.801,0.021,AAA,111,000,1998-05-10
17120780+4539587 ,258.032502,45.666332,5.552,0.03,5.066,0.016,4.834,0.023,AAA,111,000,1999-06-22
17161340-2632444 ,259.055872,-26.545677,4.155,0.25,,,3.466,0.256,DXD,101,0c0,1998-07-12
17174408+1140117 ,259.433667,11.669936,9.817,0.023,9.26,0.023,8.931,0.026,AAA,111,000,2000-04-30
17185456-4131395 ,259.727337,-41.527641,10.613,0.021,10.001,0.023,9.621,0.021,AAA,111,000,1999-05-13
17185698-3459236 ,259.737426,-34.989899,3.903,0.262,3.23,0.206,3.123,0.278,DCD,111,000,1998-08-10
17185868-3459483 ,259.744535,-34.996761,6.848,0.021,6.322,0.044,6.036,0.02,AAA,111,000,1998-08-10
17190292-4638134 ,259.762207,-46.637066,7.237,,5.112,0.023,4.856,0.02,UAA,11 ,00d,1999-07-15
17190373-4638109 ,259.765561,-46.636379,4.077,0.996,3.146,0.664,3.421,0.282,DDD,111,000,1999-07-15
17195266+4142510 ,259.969448,41.714188,7.712,0.024,7.132,0.02,6.915,0.018,AAA,111,000,1998-05-11
17195298+2630026 ,259.97076,26.500732,8.229,0.018,7.637,0.033,7.351,0.026,AAA,111,ddd,1999-06-05
17195422+2630030 ,259.975925,26.500834,7.273,0.02,6.71,0.031,6.422,0.018,AAA,111,ddd,1999-06-05
17250019+6718246 ,261.25081,67.306847,4.969,0.228,4.637,0.036,4.515,0.018,DEA,111,000,1999-05-19
17254521+0206406 ,261.438414,2.111288,4.934,0.024,4.341,0.044,4.37,0.274,AED,111,000,2000-06-10
17283991-4653424 ,262.166316,-46.89513,5.711,0.019,5.154,0.033,4.855,0.018,AAA,111,000,1999-07-15
17292729-8008573 ,262.363717,-80.149254,8.088,0.029,7.523,0.024,7.299,0.017,AAA,111,000,2000-04-08
17302272+0532547 ,262.594695,5.548531,6.24,0.02,5.654,0.042,5.422,0.029,AAA,111,000,2000-05-27
17311725+8205198 ,262.82188,82.088844,9.572,0.019,9.02,0.017,8.73,0.016,AAA,111,000,1999-06-10
17312974+2721233 ,262.873957,27.356485,12.094,0.027,11.391,0.03,10.914,0.021,AAA,111,000,2000-04-03
17351362-4840510 ,263.806765,-48.680843,6.667,0.023,6.08,0.029,5.829,0.021,AAA,111,000,2000-06-08
17362594+6820220 ,264.108104,68.339447,5.335,0.021,4.766,0.033,4.548,0.021,AEA,111,000,1999-05-20
17370367-4419088 ,264.265327,-44.319118,6.544,0.023,5.917,0.038,5.606,0.02,AAA,111,000,1999-07-20
17375330+1835295 ,264.472102,18.591537,6.36,0.023,5.79,0.02,5.572,0.02,AAA,111,000,1999-05-29
17391691+0333190 ,264.82047,3.555282,4.696,0.037,4.399,0.17,4.098,0.016,ECE,111,000,2000-05-27
17412462+2553343 ,265.352586,25.892878,16.451,0.099,16.356,0.216,16.785,,ADU,110,000,2000-04-11
17435595+4322441 ,265.983134,43.378929,6.812,0.024,6.221,0.018,5.964,0.02,AAA,111,000,1998-06-09
17461275-3206088 ,266.553157,-32.10247,7.113,0.018,6.528,0.033,6.251,0.026,AAA,111,ddd,1998-08-14
17461442-3206081 ,266.560112,-32.102268,7.46,0.018,6.862,0.017,6.586,0.016,AAA,111,ddd,1998-08-14
17462752+2743142 ,266.61469,27.720621,1.867,0.218,1.559,0.184,1.511,0.198,DCC,111,000,2000-03-12
17462934-0842362 ,266.622281,-8.710059,8.198,0.024,7.693,0.042,7.353,0.021,AAA,111,000,1999-04-20
17463427-5719081 ,266.642824,-57.318924,6.855,0.021,6.297,0.036,6.016,0.017,AAA,111,000,1999-07-27
17464063-3214045 ,266.669307,-32.234608,10.35,0.024,9.739,0.025,9.381,0.023,AAA,111,000,1998-08-14
17473683-5436310 ,266.903459,-54.608635,14.458,0.03,14.222,0.048,14.287,0.069,AAA,111,000,1999-07-27
17480817+7052353 ,267.034059,70.87648,12.709,0.021,12.528,0.023,12.507,0.023,AAA,111,000,1999-05-20
17502484-0016151 ,267.603506,-0.270865,13.294,0.023,12.411,0.022,11.849,0.021,AAA,111,000,1999-03-20
17574849+0441405 ,269.452044,4.694597,5.244,0.02,4.834,0.034,4.524,0.02,AAA,111,000,2000-05-28
17575096+4635182 ,269.462349,46.58839,7.847,0.02,7.254,0.023,7.0,0.017,AAA,111,000,1998-06-09
17580545+4633099 ,269.522729,46.552753,16.152,0.088,16.254,0.218,15.465,0.191,ADC,111,000,1998-06-09
18000116-1559235 ,270.004861,-15.989866,13.431,0.024,12.522,0.03,11.981,0.03,AAA,111,000,1998-04-15
18002648+0134565 ,270.110343,1.582384,14.298,0.038,13.12,0.037,12.421,0.025,AAA,211,c00,2000-09-24
18021660+6415445 ,270.569173,64.262383,8.541,0.024,7.962,0.023,7.652,0.02,AAA,111,000,1999-05-17
18024624+3731048 ,270.692701,37.518021,9.72,0.021,9.189,0.022,8.887,0.018,AAA,111,000,1998-05-28
18033605-1858503 ,270.900228,-18.980646,9.131,0.019,8.53,0.031,8.275,0.034,AAA,111,00s,1999-05-02
18050755-0301523 ,271.281491,-3.031218,6.161,0.019,5.571,0.04,5.306,0.021,AAA,111,000,1999-04-18
18054470-1422425 ,271.436254,-14.378476,9.777,0.022,9.209,0.022,8.861,0.021,AAA,111,000,1998-04-15
18073292-1557464 ,271.887196,-15.962905,8.639,0.024,8.085,0.044,7.827,0.027,AAA,111,000,1998-04-15
18093745+3827288 ,272.406061,38.458019,4.952,0.278,4.458,0.192,4.232,0.021,DCA,111,000,1998-05-28
18122138-4326411 ,273.089092,-43.444775,6.037,0.026,5.417,0.042,5.241,0.02,AAA,111,000,1999-05-18
18180345+3846359 ,274.514405,38.776657,9.197,0.023,8.629,0.024,8.37,0.017,AAA,111,ddd,1998-05-28
18180427+3846342 ,274.517817,38.776169,8.04,0.017,7.487,0.026,7.222,0.02,AAA,111,ddd,1998-05-28
18185725+6611332 ,274.738575,66.192558,8.74,0.021,8.264,0.049,7.948,0.018,AAA,111,000,2000-05-03
18210342+7243582 ,275.264288,72.732849,2.588,0.26,2.372,0.188,2.216,0.252,DCD,111,000,2000-03-29
18211982+6101079 ,275.332622,61.018867,14.075,0.032,13.81,0.03,13.797,0.052,AAA,111,000,1999-05-25
18212815+1414010 ,275.367305,14.233623,13.431,0.024,12.397,0.019,11.65,0.021,AAA,111,000,1999-03-27
18222719+6203025 ,275.613297,62.050705,8.64,0.032,8.047,0.024,7.743,0.023,AAA,111,000,1999-05-25
18242359-0536488 ,276.098292,-5.613583,10.6,0.024,10.034,0.026,9.62,0.024,AAA,111,ddd,1999-04-15
18261131+3014201 ,276.547157,30.23892,11.659,0.02,11.175,0.016,10.811,0.019,AAA,111,000,1998-04-19
18283572-4849046 ,277.148844,-48.817955,15.175,0.056,14.908,0.067,15.181,0.144,AAB,111,000,2000-10-08
18292423-3457451 ,277.350971,-34.962547,8.086,0.019,7.565,0.036,7.327,0.017,AAA,111,000,1999-07-05
18311897-1854314 ,277.829045,-18.908745,5.286,0.024,4.87,0.067,4.704,0.016,EEA,111,000,1999-07-07
18315840+4041104 ,277.993346,40.686234,8.065,0.018,7.436,0.021,7.184,0.016,AAA,111,000,1998-05-27
18343664+4007266 ,278.652677,40.124077,7.184,0.019,6.53,0.018,7.104,,AAU,110,000,1998-05-27
18353790+3259545 ,278.907925,32.998497,10.27,0.022,9.617,0.021,9.171,0.018,AAA,111,000,1998-04-20
18361922+1336261 ,279.08012,13.607276,8.186,0.021,7.605,0.027,7.367,0.021,AAA,111,000,1999-03-20
18365633+3847012 ,279.234723,38.783691,-0.177,0.206,-0.029,0.146,0.129,0.186,CBC,111,000,1999-04-20
18384474-1429249 ,279.686443,-14.490272,7.661,0.024,7.06,0.04,6.849,0.018,AAA,111,000,1998-05-04
18385342-2103065 ,279.722604,-21.051811,4.789,0.194,4.309,0.198,4.227,0.024,CCE,111,dd0,1998-06-24
18393308+2952164 ,279.887851,29.871227,11.011,0.023,10.383,0.028,10.005,0.021,AAA,111,000,2000-04-04
18410977+2447143 ,280.290734,24.787323,7.528,0.018,6.912,0.038,6.616,0.023,AAA,111,ddd,2000-04-04
18410977-4347327 ,280.290735,-43.792442,10.477,0.023,9.939,0.026,9.603,0.021,AAA,111,000,2000-06-22
18410981+2447195 ,280.290905,24.788759,8.86,0.132,8.031,0.162,7.774,0.106,BCA,111,ccc,2000-04-04
18413741+3942123 ,280.405907,39.703426,9.216,0.03,8.639,0.024,8.375,0.019,AAA,111,000,1999-04-20
18415908+3149498 ,280.496196,31.830513,7.523,0.02,6.977,0.016,6.722,0.02,AAA,111,000,1998-04-21
18421107-2328582 ,280.546147,-23.482849,8.261,0.024,7.729,0.04,7.436,0.024,AAA,111,000,1998-06-24
18424498+1354168 ,280.687455,13.904679,8.361,0.018,7.813,0.038,7.551,0.021,AAA,111,000,1999-05-29
18424666+5937499 ,280.69443,59.630535,5.189,0.017,4.741,0.036,4.432,0.02,EEA,111,ddd,2000-04-11
18424688+5937374 ,280.695353,59.62706,5.721,0.02,5.197,0.024,5.0,0.023,AAA,111,ddd,2000-04-23
18430697-5436481 ,280.779063,-54.613377,8.415,0.026,7.789,0.023,7.488,0.018,AAA,111,000,1999-08-02
18450541-6357475 ,281.272573,-63.963207,9.544,0.023,8.967,0.027,8.508,0.02,AAA,111,000,2000-05-29
18452294+1851585 ,281.345588,18.866251,9.273,0.037,8.639,0.036,8.431,0.022,AAA,111,000,1999-11-05
18481752+0741210 ,282.073022,7.689176,8.853,0.024,8.261,0.027,7.913,0.021,AAA,111,000,1999-08-05
18494929-2350101 ,282.455404,-23.836149,6.222,0.018,5.655,0.034,5.37,0.016,AAA,111,000,1998-05-18
18495119-5726486 ,282.463308,-57.446835,8.317,0.023,7.703,0.044,7.455,0.02,AAA,111,000,2000-03-23
18495449+1840295 ,282.477057,18.674862,9.38,0.023,8.815,0.026,8.509,0.018,AAA,111,000,1997-06-09
18521552+3537196 ,283.064682,35.622112,16.501,0.116,17.407,,17.076,,BUU,100,000,1998-04-22
18533991-3836442 ,283.416295,-38.612301,8.396,0.018,7.818,0.018,7.589,0.016,AAA,111,000,1999-10-19
18552740+0824090 ,283.864196,8.402504,6.311,0.019,5.68,0.021,5.434,0.02,AAA,111,000,1999-08-01
18554792-6914153 ,283.949689,-69.237602,10.466,0.021,9.877,0.021,9.512,0.021,AAA,111,000,2000-06-10
18580014+0554296 ,284.500585,5.908249,6.239,0.019,5.587,0.029,5.357,0.021,AAA,111,000,1999-08-10
18590745-4816279 ,284.781066,-48.274433,7.52,0.023,6.932,0.047,6.7,0.024,AAA,111,000,1999-09-23
19001024+7039512 ,285.042702,70.66423,13.334,0.023,13.44,0.031,13.417,0.048,AAA,111,000,1999-05-27
19070556+2053168 ,286.773187,20.888014,7.295,0.02,6.726,0.061,6.521,0.021,AAA,111,000,2000-04-12
19071320+2052372 ,286.805016,20.87702,7.278,0.021,6.752,0.051,6.517,0.023,AAA,111,000,2000-04-12
19074283+3232396 ,286.928461,32.54435,7.242,0.023,6.665,0.018,6.416,0.02,AAA,111,000,1998-04-24
19082996+3216520 ,287.124835,32.281113,7.905,0.023,7.346,0.021,7.074,0.016,AAA,111,000,1998-04-24
19095098+1740074 ,287.462417,17.668736,8.819,0.029,8.199,0.023,7.902,0.02,AAA,111,000,1997-07-13
19121455+0253111 ,288.060635,2.886438,7.087,0.02,6.572,0.018,6.294,0.024,AAA,111,000,1999-08-10
19123922-3614555 ,288.163419,-36.248772,9.523,0.022,9.008,0.057,8.769,0.019,AAA,111,000,1999-06-25
19165526+0510086 ,289.230259,5.169061,5.583,0.03,4.929,0.027,4.673,0.02,AAA,111,d00,1999-07-31
19165762+0509021 ,289.24009,5.150605,9.908,0.025,9.226,0.026,8.765,0.022,AAA,111,000,1999-07-31
19185863+3843214 ,289.744303,38.72263,13.776,0.03,13.669,0.032,13.519,0.025,AAA,111,000,2000-04-24
19203346-0739435 ,290.139422,-7.6621,8.221,0.029,7.661,0.026,7.414,0.02,AAA,111,000,1998-10-02
19203492-0739597 ,290.145519,-7.66661,12.351,0.026,12.356,0.025,12.421,0.026,AAA,111,000,1998-10-02
19204795-4533283 ,290.199811,-45.557869,7.661,0.019,7.13,0.024,6.845,0.026,AAA,111,000,1999-07-14
19205439-8233170 ,290.226625,-82.554726,8.555,0.03,8.004,0.038,7.686,0.042,AAA,111,000,2000-09-30
19213867+2052028 ,290.411164,20.867451,8.796,0.02,8.219,0.036,7.935,0.016,AAA,111,000,2000-04-12
19220206+0702310 ,290.508605,7.04195,8.524,0.026,7.937,0.023,7.688,0.02,AAA,111,000,1999-08-09
19241634+7533121 ,291.068089,75.553368,9.908,0.022,9.28,0.026,8.963,0.021,AAA,111,000,2000-05-20
19251275+0700362 ,291.303148,7.010075,14.763,0.046,13.693,0.03,12.937,0.037,AAA,111,000,1999-08-09
19284155+2356016 ,292.173164,23.933794,13.907,,14.199,0.042,13.609,,UAU,20 ,0c0,1997-06-16
19322153+6939413 ,293.089736,69.661484,3.423,0.27,3.039,0.214,2.9,0.324,DCD,111,000,1999-06-07
19454969+3223132 ,296.457075,32.387005,7.572,0.02,7.03,0.024,6.774,0.021,AAA,111,000,1998-05-01
19462386+3201021 ,296.599425,32.017262,6.883,0.032,6.215,0.02,6.041,0.017,AAA,111,000,1998-05-01
19462414+3200585 ,296.600618,32.016277,7.323,0.037,6.64,0.051,6.481,0.034,AAA,111,c00,1998-05-01
19484080+3555178 ,297.170032,35.921612,8.909,0.027,8.332,0.021,8.097,0.02,AAA,111,000,1998-05-01
19504698+0852060 ,297.695778,8.868339,0.313,0.168,0.102,0.22,0.102,0.248,CDD,111,000,1999-07-25
19510930+4628598 ,297.788774,46.483295,8.586,0.023,8.045,0.02,7.773,0.016,AAA,111,000,1998-06-13
19535508+4424550 ,298.479536,44.415287,8.275,0.026,7.728,0.031,7.387,0.018,AAA,111,ddd,1998-06-13
19541775-2356275 ,298.573991,-23.940987,4.747,0.254,4.158,0.24,4.043,0.252,DDD,111,d00,1999-05-31
19542064-2356398 ,298.586008,-23.94441,9.791,0.021,9.193,0.024,8.839,0.023,AAA,111,000,1998-08-12
19551878+0624238 ,298.828284,6.406622,2.294,0.248,1.925,0.202,1.712,0.23,DCD,111,0dd,2000-07-24
19562925-0102317 ,299.121898,-1.04214,13.07,0.029,13.029,0.031,13.014,0.04,AAA,111,000,1998-10-04
19590564-3338314 ,299.773538,-33.642067,16.866,0.145,16.077,,16.227,,BUU,100,000,1999-06-19
20000565+3057300 ,300.023557,30.958359,10.674,0.022,10.114,0.021,9.778,0.018,AAA,111,000,1998-05-11
20005017+3629465 ,300.209069,36.496262,15.811,0.088,15.809,0.17,16.798,,ACU,110,000,2000-06-12
20024703+0319344 ,300.695999,3.326233,5.476,0.024,4.956,0.026,4.796,0.017,AAA,111,000,2000-06-04
20035098+0559440 ,300.962441,5.995562,8.632,0.023,8.076,0.038,7.868,0.021,AAA,111,000,2000-06-04
20040195-6535586 ,301.008151,-65.599632,8.871,0.02,8.378,0.042,8.129,0.034,AAA,111,000,2000-06-06
20040474-6536016 ,301.019774,-65.600449,7.796,0.024,7.284,0.042,7.057,0.026,AAA,111,000,2000-06-06
20084376-6610563 ,302.182345,-66.182312,2.299,0.272,2.041,0.24,1.933,0.272,DDD,111,000,2000-10-07
20091824-0113377 ,302.326021,-1.227142,9.403,0.026,8.832,0.025,8.512,0.023,AAA,111,000,1998-09-15
20135335-4509506 ,303.472307,-45.164062,5.122,0.023,4.525,0.228,4.281,0.024,ADE,111,00d,1999-08-17
20151734-2701585 ,303.822259,-27.032944,4.112,0.294,3.582,0.266,3.501,0.232,DDD,111,000,1999-07-08
20260528+5834224 ,306.522037,58.57291,9.029,0.039,8.483,0.073,8.095,0.021,AAA,111,000,1999-11-28
20280382-7640164 ,307.015952,-76.671227,9.359,0.022,8.875,0.025,8.6,0.025,AAA,111,000,2000-06-08
20294834+0941202 ,307.451435,9.688957,8.228,0.02,7.666,0.036,7.307,0.024,AAA,111,000,2000-06-11
20303207+6526586 ,307.633655,65.449623,6.735,0.021,6.136,0.046,5.933,0.023,AAA,111,000,2000-11-09
20304235+0749358 ,307.676488,7.82662,14.227,0.029,13.435,0.033,13.319,0.039,AAA,111,000,2000-06-11
20403364+1529572 ,310.140179,15.499227,8.641,0.027,8.075,0.016,7.749,0.031,AAA,111,000,1997-07-11
20421878-5241572 ,310.578263,-52.69923,6.274,0.021,5.665,0.031,5.474,0.024,AAA,111,000,1999-09-17
20443743+1517352 ,311.155974,15.293121,11.025,0.022,10.49,0.016,10.061,0.018,AAA,111,000,1997-07-11
20450403+4429562 ,311.266809,44.498959,7.329,0.018,6.769,0.023,6.533,0.016,AAA,111,000,1998-11-26
20450949-3120266 ,311.28955,-31.340738,5.436,0.017,4.831,0.016,4.529,0.02,AAE,111,000,1998-08-29
20463725-8143141 ,311.655242,-81.720596,7.694,0.018,7.124,0.031,6.826,0.034,AAA,111,000,2000-10-11
20501615-3424424 ,312.567322,-34.411804,8.821,0.027,8.272,0.046,7.997,0.02,AAA,111,000,1999-07-09
20523304-1658289 ,313.137687,-16.974718,7.09,0.023,6.517,0.044,6.199,0.021,AAA,111,000,1999-06-01
20531977+6209156 ,313.332382,62.154354,5.429,0.029,4.919,0.059,4.618,0.024,AAA,111,000,1999-11-27
20533304+1037020 ,313.387677,10.617228,9.348,0.022,8.753,0.028,8.481,0.021,AAA,111,000,2000-07-24
20553706-1403545 ,313.904449,-14.065157,9.717,0.024,9.218,0.024,8.915,0.021,AAA,111,000,1999-07-06
20553771-1402078 ,313.907154,-14.035512,8.117,0.027,7.638,0.04,7.365,0.026,AAA,111,000,1999-07-06
21010521-4906241 ,315.271745,-49.106712,14.127,0.029,13.858,0.039,13.839,0.054,AAA,111,000,1999-08-25
21010742-4907248 ,315.280928,-49.123569,9.123,0.025,8.48,0.033,8.193,0.021,AAA,111,000,1999-08-25
21031390-5657479 ,315.807942,-56.963333,8.73,0.024,8.175,0.029,7.902,0.024,AAA,111,000,2000-10-05
21065341+3844529 ,316.722567,38.748055,3.114,0.268,2.54,0.198,2.248,0.318,DCD,111,000,1998-06-20
21065473+3844265 ,316.728082,38.740715,3.546,0.278,2.895,0.218,2.544,0.328,DDD,111,000,1998-06-20
21091740-1318080 ,317.322525,-13.302231,7.688,0.029,7.121,0.036,6.909,0.029,AAA,111,000,1999-06-26
21171431-2940034 ,319.309634,-29.667616,15.601,0.06,14.527,0.043,14.15,0.066,AAA,111,000,1998-08-04
21171534-3852022 ,319.31392,-38.867287,4.046,0.266,3.256,0.216,3.1,0.23,DCD,111,00d,1999-09-10
21210032-6239194 ,320.251369,-62.655403,15.434,0.054,14.535,0.06,14.27,0.074,AAA,111,000,2000-07-30
21262662-6521578 ,321.610946,-65.366081,3.34,0.248,2.992,0.224,2.969,0.252,DDD,111,00d,2000-07-17
21293671+1738353 ,322.402969,17.643166,6.249,0.021,5.737,0.024,5.453,0.02,AAA,111,000,1998-09-24
21304763-4042290 ,322.698487,-40.708057,8.87,0.021,8.419,0.042,8.134,0.016,AAA,111,000,1999-08-18
21311859-0947263 ,322.827475,-9.790651,7.316,0.023,6.701,0.034,6.379,0.02,AAA,111,000,1999-05-22
21333397-4900323 ,323.391555,-49.008995,5.349,0.032,4.766,0.256,4.501,0.018,ADE,111,000,1999-09-19
21362532-4401005 ,324.105504,-44.016811,9.456,0.024,8.834,0.027,8.53,0.023,AAA,111,000,2000-07-25
21380036+2743254 ,324.501524,27.723743,6.809,0.035,6.154,0.067,5.922,0.023,AAA,111,000,1999-11-20
21384369-3339555 ,324.682059,-33.665432,8.437,0.019,7.843,0.042,7.574,0.026,AAA,111,000,2000-07-24
21392676+0220226 ,324.861539,2.339638,15.264,0.049,14.165,0.053,13.582,0.045,AAA,111,000,2000-07-16
21424099+2059582 ,325.670824,20.999512,12.981,0.021,12.928,0.035,12.922,0.029,AAA,111,000,1999-12-02
21462206+3813047 ,326.591923,38.217999,7.949,0.019,7.465,0.033,7.198,0.018,AAA,111,000,1999-12-27
21464040-0010233 ,326.668339,-0.173154,8.364,0.024,7.825,0.031,7.489,0.026,AAA,111,000,1999-05-06
21470244-1607382 ,326.760169,-16.127279,2.254,0.264,2.063,0.194,2.014,0.222,DCD,111,000,1999-06-11
21471744-0444406 ,326.822681,-4.744619,9.416,0.022,8.84,0.025,8.501,0.023,AAA,111,000,1999-05-06
21514010+5917349 ,327.917089,59.293049,12.972,0.065,12.803,0.06,12.654,0.058,EAA,211,ccc,1999-11-14
21543318+5942187 ,328.638279,59.705215,15.661,0.07,15.765,0.168,15.338,,ACU,110,000,1999-10-08
21565513-0154100 ,329.229735,-1.902793,9.88,0.024,9.315,0.024,9.026,0.023,AAA,111,000,1998-09-23
21593479-5945104 ,329.894982,-59.752914,6.613,0.021,5.99,0.023,5.757,0.021,AAA,111,000,2000-10-04
22011310+2818248 ,330.304621,28.306915,7.635,0.026,7.035,0.031,6.777,0.021,AAA,111,000,1999-11-14
22020070-1928592 ,330.502926,-19.483128,8.046,0.018,7.496,0.061,7.185,0.02,AAA,111,000,1998-07-04
22021026+0124006 ,330.542766,1.40018,6.196,0.023,5.562,0.051,5.322,0.023,AAA,111,000,2000-08-26
22022935-3704512 ,330.622305,-37.080894,7.602,0.021,7.015,0.036,6.718,0.02,AAA,111,000,1999-07-05
22032156-5647093 ,330.839841,-56.785934,2.894,0.292,2.349,0.214,2.237,0.24,DCD,111,000,1999-11-08
22041052-5646577 ,331.043836,-56.782707,11.908,0.022,11.306,0.024,11.208,0.021,AAA,111,000,1999-11-08
22070067+2520424 ,331.752831,25.345123,2.954,0.222,2.729,0.184,2.564,0.29,DCD,111,000,2000-06-12
22094029-0438267 ,332.417906,-4.640765,6.51,0.024,5.899,0.044,5.594,0.017,AAA,111,000,1999-05-23
22112417+4059587 ,332.850716,40.999641,9.725,0.02,9.097,0.017,8.79,0.016,AAA,111,000,1998-10-07
22113008+1825341 ,332.875335,18.426151,6.725,0.037,6.035,0.036,5.823,0.016,AAA,111,000,1999-11-08
22134277-1741081 ,333.428231,-17.685608,8.955,0.029,8.422,0.046,8.115,0.018,AAA,111,000,1998-05-17
22135048-6342100 ,333.460373,-63.702793,10.923,0.025,10.296,0.023,9.938,0.023,AAA,111,000,2000-08-02
22171870-0848186 ,334.327954,-8.805194,9.459,0.027,8.84,0.031,8.531,0.023,AAA,111,000,1998-10-18
22171899-0848122 ,334.329155,-8.80339,9.024,0.023,8.487,0.061,8.167,0.031,AAA,111,000,1998-10-18
22181562-5337372 ,334.565108,-53.627014,4.426,0.26,3.925,0.248,3.913,0.272,DDD,111,000,1999-10-30
22221621-5433383 ,335.567553,-54.560642,6.462,0.029,5.842,0.04,5.663,0.021,AAA,111,000,1999-11-08
22230696-1736250 ,335.779023,-17.606953,8.242,0.027,7.638,0.047,7.319,0.018,AAA,111,000,1998-06-25
22244381-0158521 ,336.182562,-1.981151,14.073,0.027,12.818,0.026,12.023,0.023,AAA,111,000,1998-10-07
22270280+0649324 ,336.761679,6.825678,9.02,0.027,8.489,0.034,8.164,0.026,AAA,111,000,2000-08-28
22282889-4310262 ,337.120393,-43.173965,15.662,0.073,15.363,0.117,15.296,0.206,ABC,111,000,1998-11-23
22285440-1325178 ,337.226671,-13.421627,10.768,0.023,10.217,0.025,9.843,0.021,AAA,111,000,1998-06-25
22294885+4128479 ,337.453574,41.479992,8.849,0.02,8.326,0.018,8.039,0.019,AAA,111,000,1998-10-07
22330225+0922410 ,338.259378,9.378076,7.208,0.024,6.604,0.04,6.356,0.023,AAA,111,000,2000-08-06
22361685+5105487 ,339.070235,51.096867,14.584,0.036,14.486,0.054,14.445,0.092,AAA,111,000,2000-10-05
22382467-2921139 ,339.602813,-29.353874,7.406,0.019,6.807,0.024,6.569,0.021,AAA,111,000,1999-07-08
22382544-2921244 ,339.606022,-29.356789,8.573,0.037,7.985,0.034,7.702,0.024,AAA,111,000,1999-07-08
22382974-6522423 ,339.623924,-65.378426,7.271,0.021,6.721,0.034,6.428,0.024,AAA,111,000,1999-11-23
22384530-2036519 ,339.688774,-20.614422,7.344,0.024,6.817,0.057,6.491,0.016,AAA,111,000,2000-08-19
22384559-2037160 ,339.689992,-20.621136,5.669,0.019,5.108,0.049,4.8,0.016,AAA,111,000,2000-08-19
22401867-4931045 ,340.077812,-49.517944,9.839,0.065,9.263,0.074,9.005,0.057,AAA,222,ccc,1999-09-21
22401895-4931013 ,340.078976,-49.517048,9.929,0.026,9.384,0.029,9.029,0.021,AAA,222,ccc,1999-09-21
22404335-2940278 ,340.180628,-29.674395,5.773,0.019,5.261,0.042,5.039,0.017,AAA,111,000,1998-07-11
22415937-7500329 ,340.497406,-75.00914,10.429,0.022,9.897,0.022,9.6,0.021,AAA,111,000,2000-09-03
22464980+4420030 ,341.70753,44.334194,6.106,0.03,5.554,0.031,5.299,0.024,AAA,111,000,1998-10-12
22480446-2422075 ,342.018609,-24.368753,8.075,0.023,7.527,0.055,7.206,0.021,AAA,111,000,1998-07-11
22531672-1415489 ,343.319676,-14.263586,5.934,0.019,5.349,0.049,5.01,0.021,AAA,111,000,1999-07-07
22535314-0646536 ,343.471448,-6.781557,14.013,0.026,13.685,0.036,13.546,0.053,AAA,111,000,1998-10-14
22541892+3123498 ,343.578834,31.397175,15.262,0.047,15.018,0.081,14.902,0.147,AAB,111,000,1998-06-22
22554532-7527320 ,343.938857,-75.458916,6.616,0.018,6.084,0.027,5.811,0.021,AAA,111,000,2000-09-03
22562403-3133559 ,344.100147,-31.565529,4.533,0.037,3.804,0.21,3.805,0.24,ECD,111,000,1998-08-28
22562466-6003490 ,344.102778,-60.063637,8.984,0.026,8.36,0.031,8.108,0.023,AAA,111,000,1999-11-17
22563497+1633130 ,344.14571,16.553623,5.36,0.02,4.8,0.036,4.523,0.016,AEA,111,000,1997-09-23
22573901-2937193 ,344.412575,-29.622055,1.037,0.234,0.937,0.256,0.945,0.286,DDD,111,000,1998-07-11
23001607-2231276 ,345.06699,-22.52434,5.346,0.021,4.696,0.076,4.478,0.016,AEA,111,000,2000-08-06
23025250+4338157 ,345.718778,43.637699,9.316,0.021,8.783,0.016,8.453,0.016,AAA,111,000,1998-10-12
23055131-3551130 ,346.463814,-35.853634,4.338,0.258,3.608,0.23,3.465,0.2,DDC,111,000,1998-09-03
23062928-0502285 ,346.622013,-5.041274,11.354,0.022,10.718,0.021,10.296,0.023,AAA,111,000,1998-09-19
23131692+5710059 ,348.320504,57.168331,3.981,0.258,3.469,0.226,3.261,0.304,DDD,111,000,1999-11-14
23213752+1717284 ,350.406345,17.291241,7.391,0.029,6.771,0.024,6.507,0.016,AAA,111,000,1997-09-29
23243049+5751153 ,351.127052,57.854256,6.795,0.032,6.097,0.034,5.871,0.021,AAA,111,000,2000-11-24
23301612-4736459 ,352.567168,-47.612759,11.229,0.024,10.641,0.025,10.279,0.021,AAA,111,000,2000-10-17
23303802-8455189 ,352.658445,-84.921944,9.835,0.026,9.305,0.027,8.995,0.025,AAA,111,000,2000-10-11
23312174-2749500 ,352.840611,-27.830564,11.647,0.023,11.055,0.026,10.651,0.026,AAA,111,000,1999-06-12
23315208+1956142 ,352.967031,19.937283,6.162,0.024,5.575,0.021,5.326,0.018,AAA,111,ddd,1997-10-16
23315244+1956138 ,352.968527,19.937176,7.101,0.081,6.555,0.049,6.262,0.042,AAA,111,ccc,1997-10-16
23340328+0010452 ,353.513684,0.179235,7.664,0.024,7.07,0.034,6.828,0.02,AAA,111,000,2000-08-27
23351050-0223214 ,353.793768,-2.389288,9.148,0.021,8.505,0.033,8.183,0.02,AAA,111,000,2000-09-17
23365227-3628518 ,354.217798,-36.481056,9.191,0.037,8.666,0.04,8.422,0.026,AAA,111,000,1999-08-03
23373601+1622031 ,354.40006,16.367537,10.479,0.027,9.892,0.033,9.616,0.022,AAA,111,000,2000-11-24
23380819-1614100 ,354.534143,-16.236113,7.813,0.018,7.212,0.049,7.003,0.018,AAA,111,000,1998-06-23
23392083+7737563 ,354.836826,77.632324,1.661,0.348,1.19,0.176,1.038,0.206,DCC,111,000,2000-06-21
23393736-7243197 ,354.9057,-72.722153,5.249,0.018,4.745,0.061,4.581,0.029,AEA,111,000,1999-11-28
23395706+0537343 ,354.987775,5.626197,3.299,0.286,2.988,0.24,2.946,0.288,DDD,111,000,2000-08-28
23415498+4410407 ,355.479122,44.177994,6.884,0.026,6.247,0.027,5.929,0.02,AAA,111,000,1998-10-29
23425274+3049219 ,355.719762,30.822752,9.637,0.023,9.081,0.031,8.814,0.02,AAA,111,000,1999-10-03
23430628+3632132 ,355.776205,36.53701,8.11,0.029,7.446,0.036,7.226,0.02,AAA,111,000,1999-10-04
23491255+0224037 ,357.302331,2.401053,5.827,0.023,5.282,0.031,5.043,0.02,AAA,111,000,2000-08-15
23522534+7532403 ,358.105623,75.544533,4.875,0.242,4.286,0.228,4.148,0.332,DDD,111,000,2000-07-17
23532520-7056410 ,358.355024,-70.944748,8.683,0.024,8.1,0.038,7.779,0.027,AAA,111,000,1999-11-26
23535017-7537575 ,358.459062,-75.632645,6.45,0.019,5.783,0.017,5.549,0.027,AAA,111,000,2000-10-17
23594034-7335055 ,359.918122,-73.584862,16.16,0.105,15.912,0.194,15.159,,ACU,110,000,1999-12-16
