otype,description
"*","Star"
"**","Double or Multiple Star"
"**?","Double or Multiple Star Candidate"
"?","Object of Unknown Nature"
"a2*","alpha2 CVn Variable"
"a2?","alpha2 CVn Variable Candidate"
"AB*","Asymptotic Giant Branch Star"
"AB?","Asymptotic Giant Branch Star Candidate"
"Ae*","Herbig Ae/Be Star"
"Ae?","Herbig Ae/Be Star Candidate"
"AG?","Active Galaxy Nucleus Candidate"
"AGN","Active Galaxy Nucleus"
"As*","Association of Stars"
"As?","Association of Stars Candidate"
"bC*","beta Cep Variable"
"bC?","beta Cep Variable Candidate"
"bCG","Blue Compact Galaxy"
"BD*","Brown Dwarf"
"BD?","Brown Dwarf Candidate"
"Be*","Be Star"
"Be?","Be Star Candidate"
"BH","Black Hole"
"BH?","Black Hole Candidate"
"BiC","Brightest Galaxy in a Cluster (BCG)"
"BL?","BL Lac Candidate"
"Bla","Blazar"
"BLL","BL Lac"
"blu","Blue Object"
"BS*","Blue Straggler"
"BS?","Blue Straggler Candidate"
"bub","Bubble"
"BY*","BY Dra Variable"
"BY?","BY Dra Variable Candidate"
"Bz?","Blazar Candidate"
"C*","Carbon Star"
"C*?","Carbon Star Candidate"
"cC*","Classical Cepheid Variable"
"Ce*","Cepheid Variable"
"Ce?","Cepheid Variable Candidate"
"C?G","Cluster of Galaxies Candidate"
"CGb","Cometary Globule / Pillar"
"CGG","Compact Group of Galaxies"
"Cl*","Cluster of Stars"
"Cl?","Cluster of Stars Candidate"
"Cld","Cloud"
"ClG","Cluster of Galaxies"
"cm","Centimetric Radio Source"
"cor","Dense Core"
"CV*","Cataclysmic Binary"
"CV?","Cataclysmic Binary Candidate"
"DNe","Dark Cloud (nebula)"
"dS*","delta Sct Variable"
"EB*","Eclipsing Binary"
"EB?","Eclipsing Binary Candidate"
"El*","Ellipsoidal Variable"
"El?","Ellipsoidal Variable Candidate"
"Em*","Emission-line Star"
"EmG","Emission-line galaxy"
"EmO","Emission Object"
"Er*","Eruptive Variable"
"Er?","Eruptive Variable Candidate"
"err","Not an Object (Error, Artefact, ...)"
"ev","Transient Event"
"Ev*","Evolved Star"
"Ev?","Evolved Star Candidate"
"FIR","Far-IR source (λ >= 30 µm)"
"flt","Interstellar Filament"
"G","Galaxy"
"G?","Galaxy Candidate"
"gam","Gamma-ray Source"
"gB","Gamma-ray Burst"
"gD*","gamma Dor Variable"
"GiC","Galaxy towards a Cluster of Galaxies"
"GiG","Galaxy towards a Group of Galaxies"
"GiP","Galaxy in Pair of Galaxies"
"Gl?","Globular Cluster Candidate"
"glb","Globule (low-mass dark cloud)"
"GlC","Globular Cluster"
"gLe","Gravitational Lens"
"gLS","Gravitational Lens System (lens+images)"
"GNe","Nebula"
"Gr?","Group of Galaxies Candidate"
"GrG","Group of Galaxies"
"grv","Gravitational Source"
"GWE","Gravitational Wave Event"
"H2G","HII Galaxy"
"HB*","Horizontal Branch Star"
"HB?","Horizontal Branch Star Candidate"
"HH","Herbig-Haro Object"
"HI","HI (21cm) Source"
"HII","HII Region"
"HS*","Hot Subdwarf"
"HS?","Hot Subdwarf Candidate"
"HV*","High Velocity Star"
"HVC","High-velocity Cloud"
"HX?","High Mass X-ray Binary Candidate"
"HXB","High Mass X-ray Binary"
"IG","Interacting Galaxies"
"Ir*","Irregular Variable"
"IR","Infra-Red Source"
"ISM","Interstellar Medium Object"
"Le?","Gravitational Lens Candidate"
"LeG","Gravitationally Lensed Image of a Galaxy"
"LeI","Gravitationally Lensed Image"
"LeQ","Gravitationally Lensed Image of a Quasar"
"Lev","(Micro)Lensing Event"
"LI?","Gravitationally Lensed Image Candidate"
"LIN","LINER-type Active Galaxy Nucleus"
"LM*","Low-mass Star"
"LM?","Low-mass Star Candidate"
"LP*","Long-Period Variable"
"LP?","Long-Period Variable Candidate"
"LS?","Gravitational Lens System (lens+images) Candidate"
"LSB","Low Surface Brightness Galaxy"
"LX?","Low Mass X-ray Binary Candidate"
"LXB","Low Mass X-ray Binary"
"Ma*","Massive Star"
"Ma?","Massive Star Candidate"
"Mas","Maser"
"MGr","Moving Group"
"Mi*","Mira Variable"
"Mi?","Mira Variable Candidate"
"MIR","Mid-IR Source (3 to 30 µm)"
"mm","Millimetric Radio Source"
"MoC","Molecular Cloud"
"mR","Metric Radio Source"
"MS*","Main Sequence Star"
"MS?","Main Sequence Star Candidate"
"mul","Composite Object, Blend"
"N*","Neutron Star"
"N*?","Neutron Star Candidate"
"NIR","Near-IR Source (λ < 3 µm)"
"No*","Classical Nova"
"No?","Classical Nova Candidate"
"of?","Outflow Candidate"
"OH*","OH/IR Star"
"OH?","OH/IR Star Candidate"
"OpC","Open Cluster"
"Opt","Optical Source"
"Or*","Orion Variable"
"out","Outflow"
"pA*","Post-AGB Star"
"pA?","Post-AGB Star Candidate"
"PaG","Pair of Galaxies"
"PCG","Proto Cluster of Galaxies"
"PCG?","Proto Cluster of Galaxies Candidate"
"Pe*","Chemically Peculiar Star"
"Pe?","Chemically Peculiar Star Candidate"
"Pl","Extra-solar Planet"
"Pl?","Extra-solar Planet Candidate"
"PM*","High Proper Motion Star"
"PN","Planetary Nebula"
"PN?","Planetary Nebula Candidate"
"PoC","Part of Cloud"
"PoG","Part of a Galaxy"
"Psr","Pulsar"
"Pu*","Pulsating Variable"
"Pu?","Pulsating Variable Candidate"
"Q?","Quasar Candidate"
"QSO","Quasar"
"Rad","Radio Source"
"rB","Radio Burst"
"RB?","Red Giant Branch star Candidate"
"RC*","R CrB Variable"
"RC?","R CrB Variable Candidate"
"reg","Region defined in the Sky"
"rG","Radio Galaxy"
"RG*","Red Giant Branch star"
"RNe","Reflection Nebula"
"Ro*","Rotating Variable"
"Ro?","Rotating Variable Candidate"
"RR*","RR Lyrae Variable"
"RR?","RR Lyrae Variable Candidate"
"RS*","RS CVn Variable"
"RS?","RS CVn Variable Candidate"
"RV*","RV Tauri Variable"
"RV?","RV Tauri Variable Candidate"
"S*","S Star"
"S*?","S Star Candidate"
"s*b","Blue Supergiant"
"s?b","Blue Supergiant Candidate"
"SB*","Spectroscopic Binary"
"SB?","Spectroscopic Binary Candidate"
"SBG","Starburst Galaxy"
"SC?","Supercluster of Galaxies Candidate"
"SCG","Supercluster of Galaxies"
"SFR","Star Forming Region"
"sg*","Evolved Supergiant"
"sg?","Evolved Supergiant Candidate"
"sh","Interstellar Shell"
"smm","Sub-Millimetric Source"
"SN*","SuperNova"
"SN?","SuperNova Candidate"
"SNR","SuperNova Remnant"
"s*r","Red Supergiant"
"s?r","Red Supergiant Candidate"
"SR?","SuperNova Remnant Candidate"
"St*","Stellar Stream"
"SX*","SX Phe Variable"
"s*y","Yellow Supergiant"
"s?y","Yellow Supergiant Candidate"
"Sy*","Symbiotic Star"
"Sy?","Symbiotic Star Candidate"
"Sy1","Seyfert 1 Galaxy"
"Sy2","Seyfert 2 Galaxy"
"SyG","Seyfert Galaxy"
"TT*","T Tauri Star"
"TT?","T Tauri Star Candidate"
"ULX","Ultra-luminous X-ray Source"
"UV","UV-emission Source"
"UX?","Ultra-luminous X-ray Source Candidate"
"V*","Variable Star"
"V*?","Variable Star Candidate"
"var","Variable source"
"vid","Underdense Region of the Universe"
"WD*","White Dwarf"
"WD?","White Dwarf Candidate"
"WR*","Wolf-Rayet"
"WR?","Wolf-Rayet Candidate"
"WV*","Type II Cepheid Variable"
"WV?","Type II Cepheid Variable Candidate"
"X","X-ray Source"
"XB*","X-ray Binary"
"XB?","X-ray Binary Candidate"
"Y*?","Young Stellar Object Candidate"
"Y*O","Young Stellar Object"
