oidref,teff,log_g,fe_h,fe_h_prec,bibcode
6781,4748,4.55,-0.057,3,"2020ApJ...898..119R"
6781,4052,4.677,0.054,3,"2021ApJS..255....8R"
6781,4028,4.72,0.17,2,"2022A&A...663A...4S"
6781,4028,4.72,0.17,2,"2017AJ....153...21L"
6781,4055,4.64,0.11,2,"2018A&A...615A...6P"
6782,4065,4.71,0.19,2,"2017AJ....153...21L"
6782,4649,4.28,-0.017,3,"2020ApJ...898..119R"
6782,4076,4.675,0.034,3,"2021ApJS..255....8R"
6782,4065,4.71,0.19,2,"2022A&A...663A...4S"
6793,3675,4.84,-0.16,2,"2019A&A...625A..68S"
6793,3770,,-0.23,2,"2021A&A...656A.162M"
6793,3781,,-0.01,2,"2014ApJ...791...54G"
6793,3772,4.68,0.26,2,"2019A&A...627A.161P"
6793,3738,4.68,0.35,2,"2019A&A...627A.161P"
6793,3726,4.7,0.16,2,"2019A&A...627A.161P"
6793,3709,4.76,-0.14,2,"2020A&A...644A..68M"
6793,3827,4.761,-0.007,3,"2021ApJS..255....8R"
6793,3850,4.72,,32767,"2022ApJ...927..122H"
6793,3780,4.7,,32767,"2024A&A...687A.205M"
6793,3773,5.07,-0.07,2,"2021A&A...656A.162M"
6793,3750,4.8,,32767,"2020AJ....159...30H"
6793,3665,4.85,-0.16,2,"2018A&A...615A...6P"
6793,3911,,,,"1996A&AS..117..227A"
6793,3728,,,,"2014MNRAS.443.2561G"
6793,3500,5.0,,,"2018A&A...620A.180R"
6793,3560,4.5,,,"2013AJ....145..102L"
6793,3839,,,,"2005ApJ...626..446R"
9999,4383,0.92,-0.23,2,"1982MNRAS.201..807G"
9999,4300,1.4,0.09,2,"1990AJ.....99.1961F"
9999,4383,0.92,-0.23,2,"1982MNRAS.201..807G"
9999,4300,1.4,0.09,2,"1990AJ.....99.1961F"
9999,4402,1.84,0.12,2,"2012A&A...538A.143K"
9999,4248,1.03,0.0,2,"2014AJ....147..137L"
9999,4300,1.4,0.09,2,"1990AJ.....99.1961F"
9999,4383,0.92,-0.23,2,"1982MNRAS.201..807G"
9999,4279,1.18,0.01,2,"2022A&A...663A...4S"
9999,4402,1.84,0.12,2,"2023ApJS..266...41P"
9999,4232,,,,"2009A&A...497..497G"
9999,4259,,,,"2005ApJ...626..446R"
9999,4277,,,,"1999A&AS..139..335A"
9999,4470,,,,"1998AJ....116..981V"
51431,12445,,,,"2012A&A...537A.120Z"
51431,12800,,,,"2009A&A...501..297Z"
132509,27990,3.32,,,"2001A&A...378..861C"
132509,33037,,,,"1999A&A...349..151M"
251343,10303,4.13,0.5791,4,"2024A&A...681A.107R"
251443,26740,4.16,-0.23,2,"1992ApJ...387..673G"
251443,26740,4.16,-0.23,2,"2007MNRAS.374..664C"
251443,25500,3.7,-0.1,2,"2011A&A...531A.165P"
251443,26740,4.16,-0.23,2,"1992ApJ...387..673G"
251443,27000,3.95,0.05,2,"2012A&A...539A.143N"
251443,27800,4.26,0.0,2,"2021MNRAS.505.4496G"
251443,26920,,,,"2009A&A...501..297Z"
252807,,,-0.68,2,"2012A&A...541A..40M"
252807,4660,4.71,6.62,2,"2004A&A...420..183A"
252807,4707,4.12,-0.43,2,"2016A&A...587A...2B"
252807,4759,4.5,-1.02,2,"2007A&A...465..271R"
252807,4754,,,,"2011A&A...530A.138C"
252807,4715,4.46,,,"2003AJ....126.2048G"
252807,4660,4.71,,,"2004A&A...420..183A"
284455,3800,4.68,,32767,"2022ApJ...927..122H"
284455,3700,4.8,,32767,"2020AJ....159...30H"
284455,3570,4.5,,,"2013AJ....145..102L"
284455,3677,,,,"2014MNRAS.443.2561G"
284536,5270,3.05,-0.37,2,"1990ApJS...74.1075M"
284536,5270,3.05,-0.37,2,"1990ApJS...74.1075M"
284536,5272,3.15,0.18,2,"2016A&A...587A...2B"
284536,5270,3.05,-0.37,2,"1990ApJS...74.1075M"
284536,,3.0,-0.37,2,"2008AJ....135..209M"
284536,5205,2.5,-0.37,2,"2022A&A...663A...4S"
284536,5137,2.51,,,"2004A&A...420..183A"
317713,5793,,0.0,2,"1967PTarO..36..227K"
317713,6072,1.95,0.05,2,"1981IzKry..64....3B"
317713,6072,1.95,0.05,2,"1981IzKry..64....3B"
317713,6206,1.64,0.19,2,"2012A&A...538A.143K"
317713,5793,,0.0,2,"1967PTarO..36..227K"
317713,6072,1.95,0.05,2,"1981IzKry..64....3B"
317713,5933,1.95,0.03,2,"2022A&A...663A...4S"
326851,6555,,,,"2006A&A...450..735M"
326851,6641,,,,"2011A&A...530A.138C"
337565,7533,4.2,0.03,2,"2003A&A...398.1121E"
337565,7379,4.0338,-0.8589,4,"2024A&A...681A.107R"
337566,7272,,,,"2006A&A...450..735M"
387849,5040,2.3,-0.07,2,"1982MNRAS.201..807G"
387849,4940,3.1,-0.21,2,"1990ApJS...74.1075M"
387849,,,-0.17,2,"2008A&A...480...91S"
387849,5040,2.3,-0.07,2,"1982MNRAS.201..807G"
387849,4940,3.1,-0.21,2,"1990ApJS...74.1075M"
387849,5031,2.83,0.0,2,"2020ApJS..248...19T"
387849,5016,2.86,-0.08,2,"2022A&A...663A...4S"
387849,4998,2.59,-0.01,2,"2013AJ....146...73P"
387849,5055,2.82,-0.04,2,"2014ApJ...785...94L"
387849,4940,3.1,-0.21,2,"1990ApJS...74.1075M"
387849,5040,2.3,-0.07,2,"1982MNRAS.201..807G"
387849,5110,3.15,-0.01,2,"2007A&A...475.1003H"
387849,5083,2.8,-0.06,2,"2024A&A...692A.189R"
387849,4941,3.33,,,"2003AJ....126.2048G"
387849,5007,,,,"1998A&AS..129..505B"
387849,5017,,,,"1998A&A...339..858D"
486427,4742,2.31,,,"2003AJ....126.2048G"
486427,4421,,-0.19,2,"1953MSRSL..14..419G"
486427,3969,2.03,-0.23,2,"1968ApJS...16....1H"
486427,4667,2.23,-0.19,2,"1981ApJ...248..228L"
486427,4660,2.46,-0.2,2,"1990ApJS...74.1075M"
486427,,,-0.2,2,"2008A&A...480...91S"
486427,4667,2.23,-0.19,2,"1981ApJ...248..228L"
486427,4660,2.46,-0.2,2,"1990ApJS...74.1075M"
486427,4421,,-0.19,2,"1953MSRSL..14..419G"
486427,4660,2.46,-0.2,2,"1990ApJS...74.1075M"
486427,4667,2.23,-0.19,2,"1981ApJ...248..228L"
486427,4401,,-0.25,2,"2020A&A...633A..34C"
486427,4627,2.2,-0.18,2,"2022A&A...663A...4S"
486427,4660,2.46,-0.2,2,"2025A&A...698A..93J"
486473,6160,,,,"2011A&A...530A.138C"
529536,8842,4.0,0.24,2,"1971A&A....11..325S"
529536,8279,,,,"2012A&A...537A.120Z"
529537,9330,3.88,,,"2003AJ....126.2048G"
529550,5793,,0.0,2,"1985ApJ...290..284H"
529550,9700,4.0,0.2,1,"2016A&A...589A..83G"
529550,9340,,,,"2009A&A...501..297Z"
529551,7911,4.0019,-0.8894,4,"2024A&A...681A.107R"
529551,7955,3.88,,,"2003AJ....126.2048G"
529551,7943,,,,"2012A&A...537A.120Z"
529551,8008,,,,"1998A&AS..129..505B"
529551,8123,,,,"1998A&A...339..858D"
539678,7600,3.5,-0.3,1,"2016A&A...589A..83G"
539678,7769,3.91,,,"2003AJ....126.2048G"
539678,7907,,,,"2012A&A...537A.120Z"
658091,22840,,,32767,"2009A&A...501..297Z"
688057,27160,,,,"2009A&A...501..297Z"
691373,15536,3.6182,-0.8,4,"2024A&A...681A.107R"
691373,16970,,,,"2009A&A...501..297Z"
701829,3331,4.96,0.11,2,"2020A&A...644A..68M"
701829,2979,,-0.15,2,"2012ApJ...748...93R"
701829,,,-0.21,2,"2014AJ....147...20N"
701829,3167,,-0.21,2,"2015ApJ...804...64M"
701829,,,-0.33,2,"2005A&A...442..635B"
701829,3044,4.6,-0.02,2,"2019ApJ...878..134K"
701829,3179,5.0,-0.44,2,"2021A&A...656A.162M"
701829,3180,,-0.41,2,"2021A&A...656A.162M"
701829,3340,4.89,,32767,"2024A&A...687A.205M"
701829,3167,,,,"2017ApJ...851...26V"
701944,17099,7.95,,,"2017ApJ...848...11B"
701944,17292,7.983,,32767,"2024A&A...682A...5V"
701944,16265,,,32767,"2022ApJ...935L..12B"
701944,16176,7.87,,,"2009AJ....138.1681S"
701944,17100,7.95,,,"2011ApJ...743..138G"
702026,5091,,-0.19,2,"1964RGOB...87..227P"
702026,4308,,0.01,2,"1971JRASC..65..222B"
702026,5091,4.31,-0.34,2,"1983A&A...126..325S"
702026,5163,4.51,-0.25,2,"2008A&A...480...91S"
702026,5073,4.19,-0.31,2,"2007MNRAS.374..664C"
702026,5153,4.39,-0.31,2,"2008A&A...487..373S"
702026,5091,4.31,-0.34,2,"1983A&A...126..325S"
702026,5200,4.31,-0.25,2,"1998A&A...338..623M"
702026,5114,4.41,-0.26,2,"2011A&A...531A.165P"
702026,5030,4.4,-0.25,2,"2021AJ....161..134H"
702026,5246,4.52,-0.198,3,"2021ApJS..255....8R"
702026,5091,,-0.19,2,"1964RGOB...87..227P"
702026,5216,4.5,,,"2003AJ....126.2048G"
702026,5202,4.55,-0.28,2,"2012ApJ...756...46R"
702026,5250,4.55,-0.24,2,"2006AJ....131.3069L"
702026,5202,4.55,-0.27,2,"2018A&A...614A..55A"
702026,5202,4.59,-0.25,2,"2017AJ....153...21L"
702026,5084,4.318,-0.346,3,"2019A&A...629A..80H"
702026,5098,4.48,-0.36,2,"2020A&A...634A.136C"
702026,,,-0.31,2,"2020A&A...643A.106B"
702026,5109,4.49,-0.43,2,"2022AJ....164..174H"
702026,5133,4.45,-0.35,2,"2015A&A...573A..67P"
702026,5181,4.51,-0.29,2,"2024A&A...682A.145S"
702026,5068,,,,"2005ApJ...626..446R"
702026,,,-0.27,2,"2008A&A...485..571J"
702026,5130,4.43,-0.23,2,"2011AJ....141...90L"
702026,5130,4.42,-0.24,2,"2011AJ....141...90L"
702026,5153,4.39,-0.31,2,"2012A&A...545A..32A"
702026,5164,4.61,7.34,2,"2004A&A...420..183A"
702026,5202,4.55,-0.28,2,"2013ApJ...764...78R"
702026,5098,4.35,-0.36,2,"2013A&A...555A.150T"
702026,5153,4.39,-0.31,2,"2015A&A...576A..69D"
702026,5020,4.51,,,"2014MNRAS.442..220F"
702026,5166,4.58,,,"2015A&A...579A..20M"
702026,5004,4.18,-0.31,2,"2016A&A...587A...2B"
702026,5003,4.21,-0.32,2,"2016A&A...587A...2B"
702026,5092,4.51,-0.3,2,"2016ApJS..225...32B"
702026,4308,,0.01,2,"1971JRASC..65..222B"
702026,5040,,,,"1996A&AS..117..227A"
702026,5046,4.61,-0.34,2,"2006ApJ...652.1604B"
702026,5091,4.31,-0.34,2,"1983A&A...126..325S"
702026,5116,4.61,-0.38,2,"2007A&A...465..271R"
702026,5125,4.43,-0.33,2,"2005A&A...442..635B"
702026,5126,4.51,-0.31,2,"2004A&A...415.1153S"
702026,5147,,,,"2012ApJ...757..112B"
702026,5151,4.57,-0.28,2,"2005ApJS..159..141V"
702026,5153,4.39,-0.31,2,"2008A&A...487..373S"
702026,5161,,,,"1998A&AS..129..505B"
702026,5164,4.61,-0.17,2,"2004A&A...420..183A"
702026,5168,4.59,-0.27,2,"2004AN....325....3F"
702026,5185,4.73,-0.26,2,"2001A&A...373.1019S"
702026,5200,4.31,-0.25,2,"1998A&A...338..623M"
702026,5250,4.55,-0.24,2,"2005AJ....129.1063L"
702026,5261,,,,"2012ApJ...757..112B"
702026,5273,,,,"2009A&A...497..497G"
702026,5300,4.55,-0.26,2,"2003AJ....126.2015H"
702026,5311,,,,"2011A&A...530A.138C"
702026,5098,4.35,-0.36,2,"2017A&A...606A..94D"
702026,5124,4.53,,,"2003AJ....125.1598L"
702026,5128,4.37,-0.37,2,"2018MNRAS.479.1332M"
702026,5568,4.75,-0.54,2,"2018A&A...615A..76S"
702026,5200,4.58,-0.3,2,"2018AJ....155..111L"
702026,5151,4.54,-0.29,2,"2018AJ....155..126D"
702026,5153,-1.704,-0.31,2,"2014A&A...566A..66G"
702026,5133,4.52,-0.29,2,"2022A&A...663A...4S"
702026,5103,4.45,-0.17,2,"2021MNRAS.505.4496G"
702026,5153,4.446,-0.3,4,"2024A&A...683A.125P"
702026,5106,4.355,-0.34,4,"2024A&A...683A.125P"
702026,5117,4.41,-0.35,3,"2024A&A...691A..53S"
704346,12460,,,,"2009A&A...501..297Z"
704346,12274,,,,"2012A&A...537A.120Z"
725508,4570,2.73,-0.11,2,"1990ApJS...74.1075M"
725508,4570,2.73,-0.11,2,"1990ApJS...74.1075M"
725508,4570,2.73,-0.11,2,"1990ApJS...74.1075M"
725508,4616,2.67,0.11,2,"2008A&A...484L..21M"
725508,4697,2.76,0.1,2,"2001ApJ...551L..85Z"
725508,4603,2.6,-0.11,2,"2008AJ....135..209M"
725508,4628,2.72,0.03,2,"2022A&A...663A...4S"
725508,,,-0.11,2,"2008A&A...480...91S"
730469,6972,,,,"2011A&A...530A.138C"
730469,6991,4.01,,,"2003AJ....125.1598L"
732643,,,-0.02,2,"2018AJ....155..149B"
732646,13969,3.6352,0.4366,4,"2024A&A...681A.107R"
734747,22120,3.59,-0.31,2,"1992ApJ...387..673G"
734747,22120,3.59,-0.31,2,"1992ApJ...387..673G"
734747,21200,3.42,,32767,"2024A&A...687A.228D"
771345,12622,1.907,-0.159,4,"2023ApJS..266...11B"
771345,12100,1.75,,,"2012A&A...543A..80F"
771345,12130,,,,"2009A&A...501..297Z"
772036,9996,3.9194,-0.7264,4,"2024A&A...681A.107R"
772036,12050,,,,"1995A&AS..110..553S"
772036,12618,,,,"2012A&A...537A.120Z"
772036,13280,,,,"2009A&A...501..297Z"
797124,30000,3.5,,32767,"2023MNRAS.524.6285E"
797124,21455,3.5227,-0.5005,4,"2024A&A...681A.107R"
797715,35200,3.52,,,"2018A&A...613A..65H"
797715,35200,3.52,,32767,"2022A&A...665A.150H"
797715,40590,3.5451,0.486,4,"2023ApJS..266...11B"
797715,33118,3.8336,0.1431,4,"2024A&A...681A.107R"
797715,34000,3.82,,,"2006MNRAS.371..252L"
799395,6409,4.0048,,,"2018AJ....156...84K"
799395,6409,4.005,,,"2019AJ....157..196K"
799395,,4.2,,,"2019MNRAS.485.1508S"
799395,,4.3,,,"2019MNRAS.485.1508S"
799898,30100,3.31,,,"2018A&A...613A..65H"
799898,30000,3.5,,32767,"2024ApJ...971..166M"
799898,30100,3.33,,32767,"2022A&A...665A.150H"
799898,30300,3.22,,32767,"2024A&A...687A.228D"
800621,30700,4.3,-0.01,2,"2011A&A...532A...2N"
827056,30800,3.33,,32767,"2022A&A...665A.150H"
827056,30100,3.39,,32767,"2024A&A...687A.228D"
827500,30100,3.15,,32767,"2022A&A...665A.150H"
827500,31000,3.04,,32767,"2024A&A...687A.228D"
855312,5100,3.18,-0.01,2,"1990ApJS...74.1075M"
855312,,,0.03,2,"2008A&A...480...91S"
855312,5100,3.18,-0.01,2,"1990ApJS...74.1075M"
855312,5125,3.18,0.05,2,"1998A&A...338..623M"
855312,5100,3.18,-0.01,2,"1990ApJS...74.1075M"
855312,5125,3.18,0.05,2,"1998A&A...338..623M"
855312,5220,3.03,0.04,2,"2001ApJ...551L..85Z"
855312,5350,,-0.3,2,"2020A&A...633A..34C"
855312,,3.1,-0.01,2,"2008AJ....135..209M"
855312,5148,3.13,0.03,2,"2022A&A...663A...4S"
856709,12415,3.3448,-0.9391,4,"2024A&A...681A.107R"
856709,12905,3.73,,,"2010ApJ...722..605H"
856709,12618,,,,"2012A&A...537A.120Z"
856709,12905,3.73,,,"2010ApJ...722..605H"
859107,6380,4.3,0.2,2,"1989A&A...220..197B"
859107,7600,3.1,-0.3,1,"2016A&A...589A..83G"
859107,6380,4.3,0.05,2,"2022A&A...663A...4S"
859107,5663,,0.76,2,"1966ApJ...145..141S"
859107,8262,4.0,0.2,2,"1989A&A...220..197B"
859107,6380,4.3,-0.1,2,"1989A&A...220..197B"
859107,6380,4.3,0.2,2,"1989A&A...220..197B"
859107,6380,4.3,-0.1,2,"1989A&A...220..197B"
859107,6380,4.3,0.2,2,"1989A&A...220..197B"
859107,6380,4.3,-0.1,2,"1989A&A...220..197B"
864875,3700,5.0,,,"2013A&A...556A..15R"
864875,3813,,-0.19,2,"2021A&A...656A.162M"
864875,3796,,0.12,2,"2014ApJ...791...54G"
864875,3814,,,,"1996A&AS..117..227A"
864875,3790,,0.02,2,"2014MNRAS.443.2561G"
864875,3822,4.71,0.06,2,"2018A&A...615A...6P"
864875,3700,5.5,,,"2018A&A...620A.180R"
864875,3600,-1.271,0.02,2,"2019AJ....157...63K"
864875,3842,4.68,0.34,2,"2019A&A...627A.161P"
864875,3793,4.68,0.47,2,"2019A&A...627A.161P"
864875,3820,4.68,0.29,2,"2019A&A...627A.161P"
864875,3837,4.7,0.07,2,"2019A&A...625A..68S"
864875,3812,,-0.05,3,"2019A&A...629A..80H"
864875,3799,,0.222,3,"2018MNRAS.475.1960F"
864875,3728,5.0,-0.01,2,"2019ApJ...878..134K"
864875,3737,5.02,0.02,2,"2019ApJ...878..134K"
864875,3731,5.01,-0.01,2,"2019ApJ...878..134K"
864875,3760,5.08,-0.21,2,"2019ApJ...878..134K"
864875,3726,5.0,-0.02,2,"2019ApJ...878..134K"
864875,3720,4.99,-0.04,2,"2019ApJ...878..134K"
864875,3730,5.0,-0.01,2,"2019ApJ...878..134K"
864875,3752,5.07,-0.2,2,"2019ApJ...878..134K"
864875,3728,5.01,-0.01,2,"2019ApJ...878..134K"
864875,3722,4.99,-0.12,2,"2019ApJ...878..134K"
864875,3738,5.02,0.01,2,"2019ApJ...878..134K"
864875,3728,5.01,0.0,2,"2019ApJ...878..134K"
864875,3730,5.01,-0.01,2,"2019ApJ...878..134K"
864875,3635,,0.01,2,"2019ApJ...878..134K"
864875,3785,,-0.02,3,"2020A&A...639A..35H"
864875,3782,4.71,-0.06,2,"2020A&A...644A..68M"
864875,3801,4.98,-0.05,2,"2021A&A...656A.162M"
864875,4899,4.19,-0.08,3,"2020ApJ...898..119R"
864875,3829,4.73,0.15,2,"2021ApJS..255....8R"
864875,3796,,-0.07,2,"2024A&A...690A..58A"
864875,3782,,-0.06,2,"2024A&A...690A..58A"
864875,3751,,-0.05,2,"2024A&A...690A..58A"
864875,3801,,-0.02,2,"2024A&A...690A..58A"
864875,3738,,-0.07,2,"2024A&A...690A..58A"
864875,3433,,0.19,2,"2021MNRAS.508.5148C"
864875,3857,4.68,,32767,"2024A&A...687A.205M"
864875,3779,4.28,-0.1,2,"2025A&A...698A..93J"
864875,3782,,-0.06,3,"2024A&A...691A..53S"
869696,3600,1.5,0.04,2,"1998A&A...338..623M"
869696,3600,1.5,0.04,2,"1998A&A...338..623M"
889885,7500,3.3,-0.3,1,"2016A&A...589A..83G"
889885,7762,,,,"2012A&A...537A.120Z"
889885,7732,3.69,,,"2003AJ....126.2048G"
889888,6502,4.28,-0.09,2,"2019A&A...627A.138A"
952198,,2.0,0.14,2,"2022A&A...661A..63W"
952198,4350,2.17,0.02,2,"1990ApJS...74.1075M"
952198,4350,2.17,0.02,2,"1990ApJS...74.1075M"
952198,4528,2.22,0.14,2,"2007AJ....133.2464L"
952198,4437,2.17,0.17,2,"2011A&A...531A.165P"
952198,4500,2.55,0.14,2,"2013A&A...556A.150S"
952198,4350,2.17,0.02,2,"1990ApJS...74.1075M"
952198,4500,2.55,0.14,2,"2007A&A...475.1003H"
952198,4335,2.2,0.02,2,"2008AJ....135..209M"
952198,4425,2.36,0.08,2,"2022A&A...663A...4S"
952198,4352,1.92,0.01,2,"2021MNRAS.505.4496G"
952198,4390,2.23,-0.25,2,"2024A&A...691A.160S"
952198,4544,2.055,0.089,3,"2024A&A...691A..53S"
969524,6966,,,,"2012A&A...537A.120Z"
969524,6906,3.68,,,"2003AJ....126.2048G"
969524,6865,,,,"2011A&A...530A.138C"
983134,3604,,0.1,2,"2014MNRAS.443.2561G"
983134,3319,5.06,-0.03,2,"2018A&A...615A...6P"
983134,3261,4.93,-0.05,2,"2019A&A...627A.161P"
983134,3312,4.97,-0.25,2,"2019A&A...627A.161P"
983134,3268,4.92,-0.03,2,"2019A&A...627A.161P"
983134,3444,,0.106,3,"2018MNRAS.475.1960F"
983134,3289,5.1,-0.15,2,"2021A&A...656A.162M"
983134,3248,,-0.93,2,"2021A&A...656A.162M"
983134,3291,4.9,,32767,"2024A&A...687A.205M"
983134,3400,5.0,,,"2013AJ....145..102L"
983134,3400,5.5,,,"2018A&A...620A.180R"
983135,3314,5.07,-0.06,2,"2019A&A...625A..68S"
983135,3905,,0.181,3,"2018MNRAS.475.1960F"
983135,3400,5.0,,32767,"2023MNRAS.524.6085K"
983135,3628,,0.08,2,"2014MNRAS.443.2561G"
983135,3400,5.0,,,"2013AJ....145..102L"
983633,9031,3.9385,0.1921,4,"2023ApJS..266...11B"
983633,9900,4.0,0.1,1,"2016A&A...589A..83G"
983635,10286,4.0,0.98,2,"1974ApJ...189..101S"
983635,9550,3.83,-0.13,2,"2011A&A...531A.165P"
983635,10069,,,,"2012A&A...537A.120Z"
983635,9551,3.88,0.24,2,"2021MNRAS.505.4496G"
983635,11500,4.5,,32767,"2023MNRAS.519.5472M"
983636,8842,4.25,0.45,2,"1974ApJ...189..101S"
983636,10069,,,,"2012A&A...537A.120Z"
983676,3885,,0.03,2,"2014MNRAS.443.2561G"
983676,3570,4.5,,,"2013AJ....145..102L"
988144,7585,,,32767,"2022ApJ...935L..12B"
988144,7740,8.0,,,"2009AJ....138.1681S"
988144,7870,8.08,,,"2015ApJS..219...19L"
988144,7740,8.02,,,"2021AJ....162..162B"
988144,7585,7.96,,,"2019ApJ...885...74C"
988145,6615,3.89,,,"2016MNRAS.456.1221R"
988145,6612,4.0,-0.02,2,"2007PASJ...59..335T"
988145,6500,4.04,,,"2009A&A...508.1313F"
988145,6629,4.05,,,"2003AJ....126.2048G"
988145,6554,4.0,,,"2015A&A...582A..49H"
988145,5860,,0.22,2,"1948ApJ...107..151G"
988145,6720,,-0.4,2,"1951PDAO....8....1W"
988145,,,-0.29,2,"1965ApJ...142..278E"
988145,6300,,0.03,2,"1966ApJ...143..336M"
988145,6632,,0.07,2,"1970MNRAS.148..477P"
988145,6545,,0.0,2,"1971MNRAS.155..139G"
988145,6720,,0.74,2,"1975SenAR.164..126H"
988145,6632,4.0,-0.15,2,"1978ApJ...223..937T"
988145,6632,4.0,0.02,2,"1982A&A...113..135K"
988145,6811,4.1,0.04,2,"1984Msngr..38...33E"
988145,6545,4.04,0.01,2,"1985A&AS...59..403S"
988145,6704,4.03,-0.02,2,"1993A&A...275..101E"
988145,6650,,-0.18,2,"1994A&A...281..775N"
988145,6650,4.1,0.04,2,"1995PASP..107..219A"
988145,6632,4.0,0.02,2,"1982A&A...113..135K"
988145,6811,4.1,0.04,2,"1984Msngr..38...33E"
988145,6545,4.04,0.01,2,"1985A&AS...59..403S"
988145,6704,4.03,-0.02,2,"1993A&A...275..101E"
988145,6650,,-0.18,2,"1994A&A...281..775N"
988145,6650,4.1,0.04,2,"1995PASP..107..219A"
988145,6605,4.13,-0.06,2,"1996A&A...314..191G"
988145,6500,4.0,0.0,2,"1996PASJ...48..601K"
988145,6470,4.0,0.01,2,"1997A&A...323..909F"
988145,6470,4.01,-0.01,2,"1998A&A...338..161F"
988145,6500,4.04,0.0,2,"1999A&A...343..519M"
988145,6696,4.13,-0.02,2,"1999A&A...351..247V"
988145,6560,4.0,-0.02,2,"2000ApJ...530..939C"
988145,6500,4.04,0.0,2,"2000A&A...364..249M"
988145,6470,4.02,-0.03,2,"2000A&A...362.1077Z"
988145,6562,4.01,0.03,2,"2011AJ....141...90L"
988145,6562,4.03,0.04,2,"2011AJ....141...90L"
988145,6562,4.02,0.02,2,"2011AJ....141...90L"
988145,6562,3.99,0.02,2,"2011AJ....141...90L"
988145,6562,4.0,-0.0,2,"2011AJ....141...90L"
988145,6562,3.98,0.03,2,"2011AJ....141...90L"
988145,6562,3.99,0.03,2,"2011AJ....141...90L"
988145,6562,4.08,-0.02,2,"2011AJ....141...90L"
988145,6677,4.08,7.63,2,"2004A&A...420..183A"
988145,6648,4.01,-0.02,2,"2012ApJ...756...46R"
988145,6648,4.01,-0.02,2,"2013ApJ...764...78R"
988145,6614,3.99,-0.04,2,"2016A&A...587A...2B"
988145,6595,3.9,-0.05,2,"2016A&A...587A...2B"
988145,6613,3.9,-0.1,2,"2016A&A...587A...2B"
988145,6580,3.86,-0.11,2,"2016A&A...587A...2B"
988145,6591,3.92,-0.1,2,"2016A&A...587A...2B"
988145,6628,3.97,-0.09,2,"2016A&A...587A...2B"
988145,6616,3.97,-0.09,2,"2016A&A...587A...2B"
988145,6614,3.95,-0.1,2,"2016A&A...587A...2B"
988145,6623,3.94,-0.1,2,"2016A&A...587A...2B"
988145,,,-0.29,2,"1965ApJ...142..278E"
988145,5860,,0.22,2,"1948ApJ...107..151G"
988145,6300,,0.03,2,"1966ApJ...143..336M"
988145,6340,,,,"1995A&AS..110..553S"
988145,6470,4.0,0.01,2,"1997A&A...323..909F"
988145,6470,4.01,-0.01,2,"1998A&A...338..161F"
988145,6470,4.02,-0.03,2,"2000A&A...362.1077Z"
988145,6482,4.0,-0.13,2,"2006ApJ...652.1604B"
988145,6485,3.89,0.01,2,"2010MNRAS.405.1907B"
988145,6500,4.0,0.0,2,"1996PASJ...48..601K"
988145,6500,4.04,0.0,2,"1999A&A...343..519M"
988145,6500,4.04,0.0,2,"2000A&A...364..249M"
988145,6506,,,,"2009A&A...497..497G"
988145,6510,3.96,-0.03,2,"2008A&A...492..823B"
988145,6510,3.96,-0.03,2,"2003A&A...407..691K"
988145,6515,3.993,-0.161,3,"2014MNRAS.443..698S"
988145,6543,3.99,-0.0,2,"2005ApJS..159..141V"
988145,6545,,0.0,2,"1971MNRAS.155..139G"
988145,6545,4.04,0.01,2,"1985A&AS...59..403S"
988145,6545,3.99,0.01,2,"2014A&A...564A.133J"
988145,6560,4.0,-0.02,2,"2000ApJ...530..939C"
988145,6561,4.0,-0.1,2,"2007A&A...465..271R"
988145,6562,,,,"2013ApJ...771...40B"
988145,6563,,,,"2013ApJ...771...40B"
988145,6573,,,,"2013ApJ...771...40B"
988145,6579,,,,"1996A&AS..117..227A"
988145,6582,,,,"2013ApJ...771...40B"
988145,6591,,,,"2005ApJ...626..446R"
988145,6593,3.9,0.022,3,"2010MNRAS.403.1368G"
988145,6597,,,,"2013ApJ...771...40B"
988145,6605,4.13,-0.06,2,"1996A&A...314..191G"
988145,6610,4.0,-0.11,2,"1997A&A...323..901H"
988145,6612,4.0,-0.02,2,"2005PASJ...57...27T"
988145,6632,,0.07,2,"1970MNRAS.148..477P"
988145,6632,4.0,0.02,2,"1982A&A...113..135K"
988145,6632,4.0,0.05,2,"1999ApJ...521..753T"
988145,6632,4.0,-0.15,2,"1978ApJ...223..937T"
988145,6632,4.02,0.01,2,"2004A&A...425..187T"
988145,6650,,-0.18,2,"1994A&A...281..775N"
988145,6650,4.05,0.03,2,"2010A&A...523A..71G"
988145,6650,4.1,0.04,2,"1995PASP..107..219A"
988145,6660,4.05,-0.04,2,"2013MNRAS.428.3164D"
988145,6677,4.08,0.03,2,"2004A&A...420..183A"
988145,6696,4.13,-0.02,2,"1999A&A...351..247V"
988145,6703,,,,"2011A&A...530A.138C"
988145,6704,4.03,-0.02,2,"1993A&A...275..101E"
988145,6720,,-0.4,2,"1951PDAO....8....1W"
988145,6720,,0.74,2,"1975SenAR.164..126H"
988145,6811,4.1,0.04,2,"1984Msngr..38...33E"
988145,6850,4.45,-0.04,2,"2005AJ....129.1063L"
988145,6850,4.45,-0.04,2,"2006AJ....131.3069L"
988145,6850,4.55,-0.04,2,"2003AJ....126.2015H"
988145,6654,3.95,-0.04,2,"2017AJ....153...21L"
988145,6474,3.9642,0.01,3,"2019A&A...624A..19B"
988145,6554,4.0,,,"2021A&A...647A.162P"
988145,6593,4.0428,0.037,3,"2020AJ....160..120J"
988145,6612,4.0,-0.02,2,"2022MNRAS.514.2450T"
988145,6597,4.0,,,"2016MNRAS.456.1221R"
988145,6485,3.89,,,"2016MNRAS.456.1221R"
988145,6579,3.84,,,"2016MNRAS.456.1221R"
988145,6573,4.0,,,"2016MNRAS.456.1221R"
988145,6593,3.9,,,"2016MNRAS.456.1221R"
988145,6690,3.85,,,"2016MNRAS.456.1221R"
988145,6563,4.0,,,"2016MNRAS.456.1221R"
988145,6660,4.05,,,"2016MNRAS.456.1221R"
988145,6602,3.98,,,"2016MNRAS.456.1221R"
988145,6562,4.0,,,"2016MNRAS.456.1221R"
988145,6587,4.06,-0.01,2,"2015A&A...573A..67P"
988145,6800,4.5,0.0,1,"2016A&A...589A..83G"
988145,6468,3.972,0.011,3,"2021MNRAS.506..150B"
988145,6589,3.9,0.06,2,"2023A&A...676A.129H"
988145,6391,3.128,-0.41,4,"2023ApJS..266...11B"
988145,6485,4.1115,0.007,3,"2023A&A...671A..61N"
988145,6483,4.1145,0.007,3,"2023A&A...671A..61N"
988145,6485,4.1039,0.007,3,"2023A&A...671A..61N"
988145,6494,4.1188,0.011,3,"2023A&A...671A..61N"
988145,6478,4.1123,0.006,3,"2023A&A...671A..61N"
988145,6438,3.996,-0.0117,4,"2022ApJS..259...35A"
988145,6700,4.3,,32767,"2024MNRAS.532..394J"
988145,7590,7.96,,32767,"2024MNRAS.532..394J"
988145,6582,3.98,-0.02,2,"2024A&A...682A.145S"
988145,6769,4.056,0.0,4,"2024A&A...683A.125P"
988145,6582,3.98,-0.02,2,"2025A&A...698A..93J"
988145,6456,4.198,0.011,3,"2024A&A...692A.228C"
1004126,3907,,0.0,2,"1957ApJ...126..357B"
1004126,4421,,-0.2,2,"1958ApJ...127..172G"
1004126,4900,2.4,0.23,2,"1990AJ.....99.1961F"
1004126,5000,2.9,-0.16,2,"1990ApJS...74.1075M"
1004126,4996,2.72,-0.04,2,"2008A&A...480...91S"
1004126,5017,2.63,-0.08,2,"2007MNRAS.374..664C"
1004126,,,0.05,2,"2008A&A...480...91S"
1004126,4900,2.4,0.23,2,"1990AJ.....99.1961F"
1004126,5000,2.9,-0.16,2,"1990ApJS...74.1075M"
1004126,4950,2.9,-0.2,2,"1998A&A...338..623M"
1004126,5101,3.04,0.03,2,"2007AJ....133.2464L"
1004126,5029,2.61,-0.01,2,"2011A&A...531A.165P"
1004126,4979,2.58,-0.06,2,"2014ApJ...785...94L"
1004126,5096,3.0,-0.04,2,"2016A&A...587A...2B"
1004126,3907,,0.0,2,"1957ApJ...126..357B"
1004126,4421,,-0.2,2,"1958ApJ...127..172G"
1004126,4900,2.4,0.23,2,"1990AJ.....99.1961F"
1004126,4950,2.9,-0.2,2,"1998A&A...338..623M"
1004126,5000,2.9,-0.16,2,"1990ApJS...74.1075M"
1004126,5030,2.95,-0.02,2,"2007A&A...475.1003H"
1004126,5032,2.6,0.05,2,"2006A&A...456.1109M"
1004126,5120,2.98,0.03,2,"2015A&A...580A..24D"
1004126,5040,,-0.2,2,"2020A&A...633A..34C"
1004126,4932,2.8,-0.16,2,"2008AJ....135..209M"
1004126,5032,2.61,-0.01,2,"2020MNRAS.494.1724J"
1004126,4982,2.73,-0.02,2,"2022A&A...663A...4S"
1004126,5034,2.67,0.1,2,"2021MNRAS.505.4496G"
1004126,5001,,,,"1999A&AS..139..335A"
1004126,5010,,,,"2005ApJ...626..446R"
1004126,5032,,,,"2006MNRAS.371..879K"
1004126,5108,,,,"2009A&A...497..497G"
1109665,4980,2.79,,,"2020A&A...635A...8C"
1109665,5035,2.963,0.18,4,"2024A&A...683A.125P"
1109665,5006,2.84,0.2563,4,"2024A&A...687A.239C"
1109665,4900,2.7,0.11,2,"2011A&A...535A..30C"
1109665,4956,2.7,0.14,2,"2022A&A...663A...4S"
1109665,4941,2.69,0.184,3,"2025A&A...704A.220B"
1109666,8060,3.87,0.46,2,"1997A&A...323..901H"
1109666,8100,4.0,0.5,2,"1998A&A...338.1073B"
1109666,8170,4.0,0.46,2,"2007A&A...476..911F"
1109667,,,0.09,2,"2018AJ....155..149B"
1113500,5300,3.02,-0.14,2,"1990ApJS...74.1075M"
1113500,5300,3.02,-0.14,2,"1990ApJS...74.1075M"
1113500,5700,3.02,-0.11,2,"1998A&A...338..623M"
1113500,5152,3.28,0.17,2,"2014ApJ...791...58A"
1113500,5130,2.93,0.17,2,"2014ApJ...791...58A"
1113500,5141,3.1,-0.25,2,"2014ApJ...791...58A"
1113500,5084,3.0,-0.17,2,"2016A&A...585A..73N"
1113500,5141,3.1,-0.25,2,"2014ApJ...791...58A"
1113500,5300,3.02,-0.14,2,"1990ApJS...74.1075M"
1113500,5700,3.02,-0.11,2,"1998A&A...338..623M"
1113500,5084,3.0,-0.17,2,"2018A&A...615A..31D"
1113500,,3.0,-0.14,2,"2008AJ....135..209M"
1113500,5282,3.1,-0.14,2,"2022A&A...663A...4S"
1113500,5118,2.983,-0.16,4,"2024A&A...683A.125P"
1148647,5945,4.55,0.12,2,"2015A&A...574A.124D"
1148647,5959,4.55,0.12,2,"2022A&A...663A...4S"
1148647,5983,,,,"2006A&A...450..735M"
1148647,5922,,,,"2011A&A...530A.138C"
1234294,12840,,,,"1995A&AS..110..553S"
1234294,11066,,,,"2012A&A...537A.120Z"
1234294,13490,3.93,,,"2001A&A...378..861C"
1234294,11500,3.9,,,"2018MNRAS.474.5287A"
1284247,3536,,-0.09,2,"2021MNRAS.508.5148C"
1284247,3164,,,,"2018MNRAS.475.1960F"
1284443,3423,,,,"2018MNRAS.475.1960F"
1284443,3600,5.0,,32767,"2023MNRAS.524.6085K"
1284443,3726,,-0.07,2,"2014MNRAS.443.2561G"
1284443,3487,,-0.01,2,"2021MNRAS.508.5148C"
1284443,3565,4.6498,0.0,4,"2024A&A...683A.125P"
1298956,4802,4.231,-0.26,4,"2024A&A...683A.125P"
1298958,6345,4.0,-0.3,2,"1990ApJ...354..310B"
1298958,6436,3.94,-0.25,2,"1993A&A...275..101E"
1298958,6345,4.0,-0.3,2,"1990ApJ...354..310B"
1298958,6436,3.94,-0.25,2,"1993A&A...275..101E"
1298958,6409,4.06,-0.24,2,"1996A&A...314..191G"
1298958,6307,3.7,-0.27,2,"2007PASJ...59..335T"
1298958,,,-0.26,2,"2012A&A...541A..40M"
1298958,6527,4.07,-0.12,2,"2011A&A...531A.165P"
1298958,6307,3.7,-0.27,2,"2005PASJ...57...27T"
1298958,6345,4.0,-0.3,2,"1990ApJ...354..310B"
1298958,6409,4.06,-0.24,2,"1996A&A...314..191G"
1298958,6436,3.94,-0.25,2,"1993A&A...275..101E"
1298958,,,-0.302,3,"2020AJ....160...83S"
1298958,,,-0.349,3,"2020AJ....160...83S"
1298958,6356,3.92,-0.27,2,"2022A&A...663A...4S"
1298958,6401,3.74,-0.16,2,"2007MNRAS.374..664C"
1298958,6521,4.03,-0.31,2,"2021MNRAS.505.4496G"
1298958,6448,3.91,-0.26,2,"2018A&A...614A..55A"
1298958,6454,,,,"2011A&A...530A.138C"
1298958,6278,,,,"1998A&A...339..858D"
1298958,6331,,,,"1998A&AS..129..505B"
1298958,6340,,,,"1998A&A...339..858D"
1298958,6502,4.02,,,"2003AJ....125.1598L"
1298958,5999,3.5,,,"2020AJ....160...83S"
1298958,5907,3.4,,,"2020AJ....160...83S"
1325078,4691,2.6,0.02,2,"2013A&A...554A..84M"
1325078,4681,2.65,0.0,2,"2013A&A...556A.150S"
1325078,4838,2.87,-0.1,2,"2015A&A...574A..50J"
1325078,4686,2.57,0.0,2,"2016A&A...588A..98M"
1325078,4580,2.69,-0.14,2,"1990ApJS...74.1075M"
1325078,4575,2.1,-0.03,2,"1995AJ....110.2968L"
1325078,4662,2.55,-0.02,2,"2008A&A...480...91S"
1325078,4578,2.39,-0.09,2,"2007MNRAS.374..664C"
1325078,,,-0.02,2,"2008A&A...480...91S"
1325078,4580,2.69,-0.14,2,"1990ApJS...74.1075M"
1325078,4575,2.1,-0.03,2,"1995AJ....110.2968L"
1325078,4751,2.69,0.05,2,"2007AJ....133.2464L"
1325078,4696,2.59,0.03,2,"2011A&A...531A.165P"
1325078,4667,2.56,-0.1,2,"2016A&A...587A...2B"
1325078,4674,2.58,-0.08,2,"2016A&A...587A...2B"
1325078,4575,2.1,-0.03,2,"1995AJ....110.2968L"
1325078,4580,2.69,-0.14,2,"1990ApJS...74.1075M"
1325078,4605,2.59,0.01,2,"2007MNRAS.382..553L"
1325078,4651,,,,"2006MNRAS.371..879K"
1325078,4715,2.7,-0.03,2,"2007A&A...475.1003H"
1325078,4745,2.71,0.04,2,"2015A&A...580A..24D"
1325078,4757,2.71,0.05,2,"2005A&A...437.1127S"
1325078,4610,2.53,-0.03,2,"2017A&A...598A.100J"
1325078,4656,2.4,,,"2016A&A...585A...5B"
1325078,4610,2.53,0.0,2,"2019A&A...625A.141L"
1325078,4603,2.6,-0.14,2,"2008AJ....135..209M"
1325078,4610,2.53,0.0,2,"2022A&A...666A.125F"
1325078,,2.4,-0.03,2,"2022A&A...661A..63W"
1325078,4665,2.55,-0.03,2,"2022A&A...663A...4S"
1325078,4547,2.28,-0.16,2,"2021MNRAS.505.4496G"
1325078,4631,2.32,-0.03,2,"2024A&A...682A.145S"
1325078,4698,2.511,0.03,4,"2024A&A...683A.125P"
1325078,4673,2.4,0.01,3,"2024A&A...691A..53S"
1407662,7900,2.5,-0.2,1,"2016A&A...589A..83G"
1408792,8455,,,,"2006A&A...458..293P"
1408792,9057,,,,"2012A&A...537A.120Z"
1408792,8673,3.96,,,"2003AJ....126.2048G"
1408792,8360,,,,"1995A&AS..110..553S"
1417523,5020,2.84,-0.38,2,"1990ApJS...74.1075M"
1417523,5020,2.84,-0.38,2,"1990ApJS...74.1075M"
1417523,5020,2.84,-0.38,2,"1990ApJS...74.1075M"
1417523,5170,2.75,-0.18,2,"2007A&A...475.1003H"
1417523,5095,2.79,-0.28,2,"2022A&A...663A...4S"
1426745,5476,4.499,-0.131,3,"2022AJ....163..152S"
1426745,3338,,-0.34,2,"2021A&A...656A.162M"
1426745,3333,4.71,,,"2021A&A...649A.147S"
1426745,3250,4.9,,32767,"2020AJ....159...30H"
1426745,3213,,-0.28,2,"2015ApJS..220...16T"
1426745,3247,,-0.24,2,"2015ApJS..220...16T"
1426745,3300,,-0.29,2,"2015ApJS..220...16T"
1426745,3326,5.03,0.04,2,"2018A&A...615A...6P"
1426745,3335,4.91,-0.36,2,"2021A&A...656A.162M"
1426745,3425,4.6708,-0.566,3,"2020AJ....160..120J"
1426745,3392,4.81,0.05,2,"2019A&A...627A.161P"
1426745,3257,4.86,0.09,2,"2019A&A...627A.161P"
1426745,3327,5.03,0.05,2,"2019A&A...625A..68S"
1426745,3145,4.54,0.03,2,"2019ApJ...878..134K"
1426745,3090,,0.06,2,"2019ApJ...878..134K"
1426745,3335,4.95,-0.2,2,"2022ApJ...927..123S"
1426745,3289,5.08,-0.04,2,"2020A&A...644A..68M"
1426745,3352,4.678,,32767,"2022ApJS..259...35A"
1426745,3340,4.67,,32767,"2022ApJS..259...35A"
1426745,3251,,-0.14,2,"2024A&A...690A..58A"
1426745,3250,4.94,,32767,"2022ApJ...927..122H"
1426745,3402,4.87,,32767,"2024A&A...687A.205M"
1426745,6118,4.9,0.26,4,"2024A&A...683A.125P"
1426745,,,-0.22,2,"2014AJ....147...20N"
1426745,3284,,-0.12,2,"2015ApJ...804...64M"
1426745,3393,,-0.11,2,"2014ApJ...791...54G"
1426745,,,-0.19,2,"2005A&A...442..635B"
1426745,3168,,-0.02,2,"2014MNRAS.443.2561G"
1426745,3280,4.85,0.1,2,"2019A&A...627A.161P"
1426745,3483,4.994,-0.31,2,"2025A&A...696A..62O"
1426745,3130,4.5,,,"2013AJ....145..102L"
1426745,3200,5.0,,,"2018A&A...620A.180R"
1426886,4857,4.54,-0.19,2,"2012A&A...541A..40M"
1426886,4881,4.63,-0.11,2,"2018AJ....155..111L"
1426886,4692,4.56,,,"2014MNRAS.442..220F"
1426886,4841,4.55,-0.07,2,"2008A&A...480...91S"
1426886,4529,4.4,-0.21,2,"2012A&A...538A.143K"
1426886,4922,4.33,-0.21,2,"2010ApJ...720.1290G"
1426886,4739,4.58,,,"2003AJ....126.2048G"
1426886,4829,4.6,-0.16,2,"2012A&A...547A.106M"
1426886,4829,4.6,-0.16,2,"2013A&A...552A.128M"
1426886,4924,4.68,,,"2015A&A...579A..20M"
1426886,4718,,,,"1996A&AS..117..227A"
1426886,4723,,,,"2005ApJ...626..446R"
1426886,4724,,,,"1998A&A...339..858D"
1426886,4759,,,,"1998A&AS..129..505B"
1426886,4829,4.6,-0.16,2,"2008A&A...489..923M"
1426886,4829,4.6,-0.16,2,"2012A&A...547A.106M"
1426886,4846,4.29,-0.19,2,"2005A&A...442..635B"
1426886,4866,4.66,-0.12,2,"2005ApJS..159..141V"
1426886,4867,4.64,-0.12,2,"2006ApJ...652.1604B"
1426886,4893,,,,"2009A&A...497..497G"
1426886,4929,,,,"2011A&A...530A.138C"
1426886,5000,4.5,-0.07,2,"2005AJ....129.1063L"
1426886,5000,4.5,-0.07,2,"2006AJ....131.3069L"
1426886,5100,4.55,-0.03,2,"2003AJ....126.2015H"
1426886,4726,4.58,,,"2003AJ....125.1598L"
1426886,4831,4.24,-0.2,2,"2018MNRAS.479.1332M"
1426886,4914,4.62,-0.15,2,"2018A&A...614A..55A"
1426886,4886,4.63,-0.04,2,"2017AJ....153...21L"
1426886,4699,4.58,-0.21,2,"2019A&A...627A.138A"
1426886,4901,4.626,,,"2019A&A...629A..80H"
1426886,4786,4.589,-0.089,3,"2020AJ....160..120J"
1426886,4729,4.29,,,"2020A&A...636A..85S"
1426886,4829,4.6,-0.16,2,"2015MNRAS.454.1585M"
1426886,4777,4.4,-0.03,2,"2015A&A...573A..67P"
1426886,4740,4.4,-0.09,2,"2021AJ....161..134H"
1426886,4813,4.584,-0.036,3,"2021ApJS..255....8R"
1426886,4823,4.507,-0.091,3,"2019ApJ...879...69T"
1426886,4870,4.57,-0.13,2,"2022A&A...663A...4S"
1426886,4529,4.4,-0.21,2,"2023ApJS..266...41P"
1426886,4790,4.583,-0.1142,4,"2022ApJS..259...35A"
1426886,4583,4.52,-0.13,2,"2024A&A...682A.145S"
1426886,4777,4.562,-0.1188,4,"2022ApJS..259...35A"
1426886,4790,4.189,-0.17,4,"2024A&A...683A.125P"
1426886,5681,,0.139,3,"2022AJ....163..152S"
1426886,4607,4.96,0.02,2,"2025A&A...696A..62O"
1426886,4583,4.52,-0.13,2,"2025A&A...698A..93J"
1430030,,,-0.2,2,"2012A&A...541A..40M"
1430030,6176,4.17,-0.37,2,"1990ApJ...354..310B"
1430030,6000,4.1,-0.28,2,"1986ApJ...309..762B"
1430030,6176,4.17,-0.37,2,"1990ApJ...354..310B"
1430030,6228,4.15,-0.32,2,"1993A&A...275..101E"
1430030,6184,3.92,-0.3,2,"1996A&A...314..191G"
1430030,6110,3.85,-0.37,2,"2000Priv.C........F"
1430030,6221,3.94,-0.2,2,"2007PASJ...59..335T"
1430030,6156,4.09,-0.36,2,"2005A&A...442..635B"
1430030,6160,4.0,-0.28,2,"2003ARep...47..422M"
1430030,6176,4.17,-0.37,2,"1990ApJ...354..310B"
1430030,6234,3.99,-0.31,2,"2018A&A...614A..55A"
1430030,6250,4.01,-0.19,2,"2017AJ....153...21L"
1430030,6167,4.04,-0.32,3,"2013MNRAS.435..952S"
1430030,6193,4.07,-0.27,2,"2022A&A...663A...4S"
1430030,6238,3.96,-0.27,2,"2021MNRAS.505.4496G"
1430030,6223,3.95,-0.27,2,"2024A&A...682A.145S"
1430030,5663,,-0.05,2,"1965ApJ...141..588H"
1430030,6000,4.1,-0.28,2,"1986ApJ...309..762B"
1430030,6228,4.15,-0.32,2,"1993A&A...275..101E"
1430030,6167,4.04,-0.32,2,"2007MNRAS.374..664C"
1430030,6243,4.03,-0.21,2,"2011A&A...531A.165P"
1430030,6178,3.97,-0.27,2,"2010ApJ...720.1290G"
1430030,6222,3.98,-0.19,2,"2011AJ....141...90L"
1430030,6222,3.94,-0.2,2,"2011AJ....141...90L"
1430030,6222,4.07,-0.3,2,"2011AJ....141...90L"
1430030,6205,3.89,-0.33,2,"2016A&A...587A...2B"
1430030,6091,3.82,-0.39,2,"2016A&A...587A...2B"
1430030,5663,,-0.05,2,"1965ApJ...141..588H"
1430030,6000,4.1,-0.28,2,"1986ApJ...309..762B"
1430030,6110,3.85,-0.37,2,"2000Priv.C........F"
1430030,6119,3.85,-0.35,2,"2008MNRAS.384..173F"
1430030,6119,,,,"1998A&A...339..858D"
1430030,6146,4.22,-0.21,2,"1999ApJ...521..753T"
1430030,6184,3.92,-0.3,2,"1996A&A...314..191G"
1430030,6204,4.0,-0.22,2,"2005ApJS..159..141V"
1430030,6221,3.94,-0.2,2,"2005PASJ...57...27T"
1430030,6228,4.15,-0.32,2,"1993A&A...275..101E"
1430030,6350,4.35,-0.24,2,"2003AJ....126.2015H"
1430030,6376,4.29,-0.26,2,"2006AJ....131.3069L"
1430030,6313,4.35,-0.2,2,"2018MNRAS.479.1332M"
1430030,6095,3.75,-0.34,2,"2010AJ....140..293B"
1430030,4929,,,,"2009A&A...497..497G"
1430030,6085,,,,"1999A&AS..139..335A"
1430030,6090,,,,"2013ApJ...771...40B"
1430030,6167,,,,"2012ApJ...746..101B"
1430030,6222,,,,"1998A&AS..129..505B"
1430030,6259,,,,"2011A&A...530A.138C"
1430030,6730,,,,"1995A&AS..110..553S"
1430031,3569,,-0.25,2,"2012ApJ...748...93R"
1430031,,,-0.2,2,"2014AJ....147...20N"
1430031,,,-0.36,2,"2005A&A...442..635B"
1430031,3676,,-0.14,2,"2014MNRAS.443.2561G"
1430031,3730,5.05,0.04,2,"2019ApJ...878..134K"
1430031,3694,4.99,-0.01,2,"2019ApJ...878..134K"
1430031,3473,,-0.33,2,"2015ApJS..220...16T"
1430031,3587,,-0.38,2,"2015ApJS..220...16T"
1430031,3850,,-0.45,2,"2015ApJS..220...16T"
1494513,4810,2.75,-0.08,2,"1990ApJS...74.1075M"
1494513,4810,2.75,-0.08,2,"1990ApJS...74.1075M"
1494513,4810,2.75,-0.08,2,"1990ApJS...74.1075M"
1494513,4815,2.55,-0.11,2,"2007A&A...475.1003H"
1494513,4813,2.65,-0.09,2,"2022A&A...663A...4S"
1498140,6579,3.99,-0.37,2,"1990ApJ...354..310B"
1498140,6579,3.99,-0.37,2,"1990ApJ...354..310B"
1498140,6579,3.99,-0.37,2,"1990ApJ...354..310B"
1498140,6636,,,,"2011A&A...530A.138C"
1507612,6399,4.07,-0.21,2,"2021MNRAS.505.4496G"
1507612,6146,4.3,-0.22,2,"1986ApJ...309..762B"
1507612,6300,4.32,-0.22,2,"2007MNRAS.374..664C"
1507612,6146,4.3,-0.22,2,"1986ApJ...309..762B"
1507612,6490,4.09,-0.11,2,"2011A&A...531A.165P"
1507612,6146,4.3,-0.22,2,"1986ApJ...309..762B"
1507612,6354,3.93,-0.16,2,"2017AJ....153...21L"
1507612,6312,4.0,-0.17,2,"2022A&A...663A...4S"
1507612,6979,5.0,-3.248,3,"2025A&A...695A..75Y"
1512653,,,0.0,2,"1957ApJ...125..123S"
1512653,4500,1.71,-0.08,2,"1982MNRAS.201..807G"
1512653,4345,1.8,0.15,2,"1986A&AS...65...11K"
1512653,4200,2.0,0.46,2,"1990AJ.....99.1961F"
1512653,4360,2.37,0.04,2,"1990ApJS...74.1075M"
1512653,4500,1.71,-0.08,2,"1982MNRAS.201..807G"
1512653,4345,1.8,0.15,2,"1986A&AS...65...11K"
1512653,4200,2.0,0.46,2,"1990AJ.....99.1961F"
1512653,4360,2.37,0.04,2,"1990ApJS...74.1075M"
1512653,4392,1.87,,,"2003AJ....126.2048G"
1512653,,,0.0,2,"1957ApJ...125..123S"
1512653,4200,2.0,0.46,2,"1990AJ.....99.1961F"
1512653,4282,,,,"2009A&A...497..497G"
1512653,4300,,,,"1998A&A...339..858D"
1512653,4329,,,,"1999A&AS..139..335A"
1512653,4335,,,,"1998A&AS..129..505B"
1512653,4343,,,,"2005ApJ...626..446R"
1512653,4345,1.8,0.15,2,"1986A&AS...65...11K"
1512653,4360,2.37,0.04,2,"1990ApJS...74.1075M"
1512653,4500,1.71,-0.08,2,"1982MNRAS.201..807G"
1512653,4544,2.56,0.28,2,"2001ApJ...551L..85Z"
1512653,4315,2.4,0.04,2,"2008AJ....135..209M"
1512653,4347,2.04,0.21,2,"2022A&A...663A...4S"
1513426,10667,3.8609,-0.8114,4,"2024A&A...681A.107R"
1513426,10740,,,,"2012A&A...537A.120Z"
1612109,9183,,,,"2012A&A...537A.120Z"
1612109,11000,4.5,,32767,"2023MNRAS.519.5472M"
1633935,6523,4.2,0.0,2,"2016A&A...587A...2B"
1633935,6504,4.23,0.0,2,"2016A&A...587A...2B"
1633935,6507,4.21,0.18,2,"2017AJ....153...21L"
1633935,6354,4.0357,-0.5275,4,"2024A&A...681A.107R"
1633935,5161,,,,"2011A&A...530A.138C"
1633935,5518,,,,"2011A&A...530A.138C"
1634077,5022,4.4818,-0.1696,4,"2024A&A...681A.107R"
1689552,5047,4.63,-0.25,2,"2019AJ....158..101M"
1689552,5092,,,,"2011A&A...530A.138C"
1689590,11737,3.549,0.1668,4,"2023ApJS..266...11B"
1689590,11962,3.56,,,"2003AJ....126.2048G"
1689590,11535,,,,"2012A&A...537A.120Z"
1689590,12540,,,,"1995A&AS..110..553S"
1705278,3899,1.0,0.0,2,"2025A&A...698A..93J"
1705278,3807,1.15,-0.09,2,"2024A&A...690A.226N"
1705278,3700,1.35,0.0,2,"1998A&A...338..623M"
1705278,3700,1.35,0.0,2,"1998A&A...338..623M"
1705278,3899,1.0,,32767,"2008AJ....135..209M"
1710353,4624,,-0.26,2,"1958ApJ...127..172G"
1710353,4065,2.14,-0.71,2,"1968ApJS...16....1H"
1710353,5091,2.76,-0.37,2,"1981ApJ...248..228L"
1710353,4980,2.98,-0.52,2,"1990ApJS...74.1075M"
1710353,5091,2.76,-0.37,2,"1981ApJ...248..228L"
1710353,4980,2.98,-0.52,2,"1990ApJS...74.1075M"
1710353,4454,1.91,-0.42,2,"2015A&A...580A..24D"
1710353,4980,2.98,-0.52,2,"1990ApJS...74.1075M"
1710353,5091,2.76,-0.37,2,"1981ApJ...248..228L"
1710353,4306,,,,"2006MNRAS.371..879K"
1710354,3818,1.79,-0.49,2,"1968ApJS...16....1H"
1710354,4667,2.39,-0.35,2,"1981ApJ...248..228L"
1710354,4470,2.12,-0.38,2,"2007MNRAS.374..664C"
1710354,3949,,,,"1998AJ....116..981V"
1710354,4308,,-0.22,2,"1953MSRSL..14..419G"
1710354,4200,,0.1,2,"1958ApJ...127..172G"
1710354,4470,2.35,-0.49,2,"1990ApJS...74.1075M"
1710354,4667,2.39,-0.35,2,"1981ApJ...248..228L"
1710354,4470,2.35,-0.49,2,"1990ApJS...74.1075M"
1710354,4426,1.84,-0.38,2,"2011A&A...531A.165P"
1710354,4372,1.66,-0.44,2,"2013A&A...554A..84M"
1710354,4428,1.97,-0.41,2,"2013A&A...556A.150S"
1710354,4465,2.12,-0.51,2,"2015A&A...574A..50J"
1710354,4308,,-0.22,2,"1953MSRSL..14..419G"
1710354,4395,1.66,-0.47,2,"2015A&A...576A..94S"
1710354,4470,2.35,-0.49,2,"1990ApJS...74.1075M"
1710354,4667,2.39,-0.35,2,"1981ApJ...248..228L"
1710354,4274,,-0.54,2,"2020A&A...633A..34C"
1710354,4418,1.85,-0.43,2,"2022A&A...663A...4S"
1710354,4376,1.67,-0.44,2,"2016A&A...588A..98M"
1710354,4384,1.77,-0.44,2,"2021MNRAS.505.4496G"
1710354,4447,1.99,-0.38,3,"2024A&A...691A..53S"
1800870,5793,,0.0,2,"1985ApJ...290..284H"
1800870,5860,,-0.01,2,"1965ApJ...141..588H"
1800870,5950,4.3,-0.35,2,"1994A&A...291..505C"
1800870,5950,4.3,-0.35,2,"1994A&A...291..505C"
1800870,5793,,0.0,2,"1985ApJ...290..284H"
1800870,5860,,-0.01,2,"1965ApJ...141..588H"
1800870,5950,4.3,-0.35,2,"1994A&A...291..505C"
1800870,6005,4.39,-0.33,2,"2008MNRAS.384..173F"
1800870,5929,4.34,-0.26,2,"2022A&A...663A...4S"
1800870,5932,4.11,-0.33,2,"2025A&A...698A..93J"
1800871,5650,4.5,-0.34,2,"1994A&A...291..505C"
1800871,5650,4.5,-0.34,2,"1994A&A...291..505C"
1800871,5600,,-0.12,2,"1965ApJ...141..588H"
1800871,5650,4.5,-0.34,2,"1994A&A...291..505C"
1800871,5692,4.46,-0.35,2,"2008MNRAS.384..173F"
1800871,5796,4.43,-0.29,2,"2002AJ....124.2224Z"
1800871,5686,4.46,-0.31,2,"2022A&A...663A...4S"
1800871,5600,,-0.12,2,"1965ApJ...141..588H"
1800871,5667,4.44,-0.68,2,"2017AJ....153...21L"
1800871,5890,4.04,-0.35,2,"2025A&A...698A..93J"
1800872,5667,4.44,-0.68,2,"2022A&A...663A...4S"
1958021,9465,3.4783,-0.7596,4,"2024A&A...681A.107R"
1958021,9528,,,,"2012A&A...537A.120Z"
1976768,6462,4.3,-0.3,2,"1986ApJ...303..724B"
1976768,6462,4.3,-0.3,2,"1986ApJ...303..724B"
1976768,6462,4.3,-0.3,2,"1986ApJ...303..724B"
1976768,6969,4.17,,,"2003AJ....126.2048G"
1976768,6881,,,,"2011A&A...530A.138C"
1976768,7015,,,,"2012A&A...537A.120Z"
1976891,8000,,2.9,2,"1955ApJS....1..431B"
1976891,9164,4.5,0.46,2,"1960MmSAI..31..279H"
1976891,10723,3.2,0.17,2,"1967ApJS...15...21W"
1976891,12000,4.0,1.8,2,"1970ApJ...159..473C"
1976891,11658,3.78,0.68,2,"2012A&A...538A.143K"
1976891,12303,4.09,0.9,2,"2011A&A...531A.165P"
1976891,10723,3.2,0.17,2,"1967ApJS...15...21W"
1976891,12000,4.0,1.8,2,"1970ApJ...159..473C"
1976891,9164,4.5,0.46,2,"1960MmSAI..31..279H"
1976891,11658,3.78,0.68,2,"2023ApJS..266...41P"
1976891,10626,3.3,0.0,2,"2021MNRAS.505.4496G"
1976891,11630,,,,"2009A&A...501..297Z"
1976891,11300,3.8,,,"2019AstBu..74...62M"
2049993,3900,4.5,,32767,"2023MNRAS.524.6085K"
2049993,3600,,0.25,2,"2014ApJ...791...54G"
2049993,3833,4.713,0.247,3,"2021ApJS..255....8R"
2049993,3870,,,,"1996A&AS..117..227A"
2049993,3929,,,,"2005ApJ...626..446R"
2049993,3725,,,,"2014MNRAS.443.2561G"
2049993,3481,,,,"2018MNRAS.475.1960F"
2049993,3721,4.7,,,"2020A&A...644A..68M"
2049993,5011,4.08,-0.048,3,"2020ApJ...898..119R"
2049993,3850,4.68,,32767,"2022ApJ...927..122H"
2049993,3646,4.6831,0.0,4,"2024A&A...683A.125P"
2049993,3700,4.8,,32767,"2020AJ....159...30H"
2049993,3570,4.5,,,"2013AJ....145..102L"
2104799,6365,4.19,-0.23,2,"2022A&A...663A...4S"
2104799,6365,4.19,-0.23,2,"2005AJ....129.1063L"
2104799,6391,4.09,-0.09,2,"2017AJ....153...21L"
2120085,3806,,-0.22,2,"2014MNRAS.443.2561G"
2120085,3850,4.62,,32767,"2022ApJ...927..122H"
2120085,3800,4.8,,32767,"2020AJ....159...30H"
2120085,3550,4.5,,,"2013AJ....145..102L"
2120086,,,-0.05,2,"2014AJ....147...20N"
2120086,3500,4.89,,32767,"2022ApJ...927..122H"
2120086,3450,4.9,,32767,"2020AJ....159...30H"
2120086,3400,5.0,,,"2013AJ....145..102L"
2120086,3461,,,,"2014MNRAS.443.2561G"
2285300,4826,,0.05,2,"2020A&A...633A..34C"
2285332,4800,2.2,0.36,2,"1995AJ....110.2425L"
2285332,4730,2.24,-0.13,2,"1990ApJS...74.1075M"
2285332,4800,2.2,0.36,2,"1995AJ....110.2425L"
2285332,4730,2.24,-0.13,2,"1990ApJS...74.1075M"
2285332,4550,2.2,-0.13,2,"2008AJ....135..209M"
2285332,4730,2.24,-0.13,2,"1990ApJS...74.1075M"
2285332,4800,2.2,0.36,2,"1995AJ....110.2425L"
2295064,6763,4.36,-0.01,2,"2007AJ....133.2464L"
2295064,6637,3.97,-0.24,2,"2003A&A...398.1121E"
2295064,6583,3.656,-0.5229,4,"2023ApJS..266...11B"
2295064,6642,,,,"1998A&AS..129..505B"
2295064,6777,,,,"2011A&A...530A.138C"
2295064,6820,,,,"1995A&AS..110..553S"
2295064,6751,4.21,,,"2003AJ....125.1598L"
2303122,3703,4.795,0.09,2,"2021ApJS..255....8R"
2303122,3533,,-0.08,2,"2014ApJ...791...54G"
2303122,3780,,-0.15,2,"1998MNRAS.299..753Z"
2303122,3649,,,,"2014MNRAS.443.2561G"
2303122,3596,4.77,-0.03,2,"2020A&A...644A..68M"
2303122,,,-0.04,2,"2014AJ....147...20N"
2303122,3750,4.75,,32767,"2022ApJ...927..122H"
2303122,3223,,-0.12,2,"2021MNRAS.508.5148C"
2303122,3554,4.7573,0.0,4,"2024A&A...683A.125P"
2303122,3510,4.5,,,"2013AJ....145..102L"
2309077,6707,4.27,-0.03,2,"2018AJ....155..111L"
2309077,6632,4.1,-0.16,2,"1986A&A...160..264F"
2309077,6632,4.1,-0.13,2,"1986A&A...165..183F"
2309077,6632,4.1,-0.16,2,"1986A&A...160..264F"
2309077,6632,4.1,-0.13,2,"1986A&A...165..183F"
2309077,6598,4.18,-0.1,2,"2000Priv.C........F"
2309077,6598,4.18,-0.1,2,"2000Priv.C........F"
2309077,6632,4.1,-0.13,2,"1986A&A...165..183F"
2309077,6632,4.1,-0.16,2,"1986A&A...160..264F"
2309077,6990,4.409,0.01,4,"2024A&A...683A.125P"
2309077,6597,,,,"2005ApJ...626..446R"
2309077,6716,,,,"2011A&A...530A.138C"
2309077,6745,4.25,,,"2003AJ....125.1598L"
2309077,6900,,,,"2009A&A...497..497G"
2309078,8128,3.83,0.1,2,"2003A&A...398.1121E"
2309078,8241,,,,"2012A&A...537A.120Z"
2309078,8128,3.91,,,"2003AJ....125.1598L"
2309740,4507,4.59,-0.04,2,"2011A&A...531A.165P"
2309740,4683,3.7,-0.24,2,"2013A&A...552A.128M"
2309740,4585,4.58,0.03,2,"2000A&A...363..692T"
2309740,4585,4.7,0.04,2,"1998A&AS..129..237F"
2309740,4636,4.6,0.12,2,"2018AJ....155..111L"
2309740,4564,4.24,0.03,2,"2016A&A...587A...2B"
2309740,4624,4.79,0.01,2,"1976A&A....51...85H"
2309740,4622,4.38,0.03,2,"2008A&A...480...91S"
2309740,4615,4.36,-0.05,2,"2011AJ....141...90L"
2309740,4575,4.28,0.09,2,"2005AJ....129.1063L"
2309740,4575,4.28,0.09,2,"2006AJ....131.3069L"
2309740,4675,4.64,0.05,2,"2018A&A...614A..55A"
2309740,4501,4.7,0.02,3,"2013MNRAS.435..952S"
2309740,4724,4.63,0.02,2,"2024A&A...682A.145S"
2309740,3684,,0.24,2,"2021MNRAS.508.5148C"
2309740,5003,4.828,-0.08,4,"2024A&A...683A.125P"
2309740,4683,3.7,-0.24,2,"2011ARep...55..689M"
2309740,4661,4.62,,,"2014MNRAS.442..220F"
2309740,4585,4.7,0.04,2,"1998A&AS..129..237F"
2309740,4585,4.58,0.03,2,"2000A&A...363..692T"
2309740,4600,4.7,0.04,2,"2009A&A...508.1313F"
2309740,4799,4.6,0.03,2,"2010ApJ...720.1290G"
2309740,4615,4.4,0.06,2,"2011AJ....141...90L"
2309740,4683,3.7,-0.24,2,"2012A&A...547A.106M"
2309740,4484,,,,"2009A&A...497..497G"
2309740,4507,,,,"2012ApJ...757..112B"
2309740,4551,,,,"1998A&A...339..858D"
2309740,4571,,,,"2005ApJ...626..446R"
2309740,4605,,,,"1996A&AS..117..227A"
2309740,4609,,,,"1998A&AS..129..505B"
2309740,4624,4.79,0.01,2,"1976A&A....51...85H"
2309740,4683,3.7,-0.24,2,"2004A&A...418..551M"
2309740,4683,3.7,-0.24,2,"2012A&A...547A.106M"
2309740,4683,,,,"2003A&A...411..559K"
2309740,4683,,,,"2004A&A...427..933K"
2309740,4693,4.36,0.07,2,"2005A&A...437.1127S"
2309740,4744,4.76,0.12,2,"2005ApJS..159..141V"
2309740,4749,,,,"2011A&A...530A.138C"
2309740,4772,4.38,-0.12,2,"2018MNRAS.479.1332M"
2309740,4625,4.59,0.14,2,"2017AJ....153...21L"
2309740,4683,3.7,-0.24,2,"2015MNRAS.454.1585M"
2309740,4632,4.49,0.02,2,"2022A&A...663A...4S"
2309740,4400,4.14,-0.31,2,"2021MNRAS.505.4496G"
2309740,4660,4.61,0.01,2,"2024A&A...690A..97C"
2309879,800,4.6,,32767,"2024ApJ...961..210P"
2309879,800,4.4,,32767,"2024ApJ...961..210P"
2309879,800,5.1,0.09,2,"2013MNRAS.433..457B"
2309879,837,4.62,,32767,"2025ApJ...982...79B"
2309879,900,4.63,,32767,"2025ApJ...988...31L"
2309879,812,4.57,,32767,"2025ApJ...988...31L"
2309879,700,4.5,,32767,"2025ApJ...988...31L"
2309879,912,4.83,,32767,"2025ApJ...988...31L"
2309879,799,4.91,,32767,"2025ApJ...988...31L"
2309879,817,5.05,,32767,"2025ApJ...988...31L"
2309903,4077,5.0,-0.05,2,"2022A&A...663A...4S"
2309903,4077,5.0,-0.05,2,"2017AJ....153...21L"
2309903,3663,4.74,-0.97,2,"2011A&A...531A.165P"
2309903,,,0.1,2,"2014AJ....147...20N"
2309903,3788,,-0.01,2,"2014MNRAS.443.2561G"
2309903,2804,,0.69,2,"2019ApJ...878..134K"
2309903,3754,4.67,0.08,2,"2020A&A...644A..68M"
2309903,3534,3.06,-1.14,2,"2021MNRAS.505.4496G"
2309903,3391,,-0.01,2,"2021MNRAS.508.5148C"
2312565,21490,,,,"1995A&AS..110..553S"
2341920,11200,3.1,0.62,2,"1967cmrs..R....339A"
2341920,11200,3.8,0.2,2,"1984MNRAS.206...85G"
2341920,10750,4.0,0.05,2,"1993A&A...274..335S"
2341920,11200,3.8,0.2,2,"1984MNRAS.206...85G"
2341920,10750,4.0,0.05,2,"1993A&A...274..335S"
2341920,11200,3.1,0.62,2,"1967cmrs..R....339A"
2341920,10328,,,,"2012A&A...537A.120Z"
2353493,6349,4.565,-0.03,4,"2024A&A...683A.125P"
2361575,4941,4.5,-0.59,2,"1988A&A...191..237P"
2361575,4941,4.5,-0.59,2,"1988A&A...191..237P"
2361575,4646,4.61,,,"2014MNRAS.442..220F"
2361575,4819,4.66,-0.43,2,"2005A&A...437.1127S"
2361575,4941,4.5,-0.59,2,"1988A&A...191..237P"
2361575,7086,4.9,0.49,4,"2024A&A...683A.125P"
2361575,4886,4.51,-0.52,2,"2022A&A...663A...4S"
2361575,4653,4.61,-0.47,2,"2024A&A...690A..97C"
2361576,3351,4.96,-0.53,2,"2013A&A...556A.150S"
2361576,3472,,-0.3,2,"2014ApJ...791...54G"
2361576,3567,,-0.48,2,"2019ApJ...878..134K"
2361576,3693,4.7,0.06,2,"2020A&A...644A..68M"
2361576,3634,4.951,-0.338,3,"2021ApJS..255....8R"
2361576,3445,4.96,-0.5,3,"2024A&A...691A..53S"
2490957,5091,4.6,0.09,2,"1975A&A....44....9P"
2490957,5100,4.3,-0.3,2,"2003AJ....126.2015H"
2490957,5143,4.6,-0.24,2,"1999ApJ...521..753T"
2490957,5143,4.6,-0.39,2,"1989A&A...225..369C"
2490957,5200,4.6,-0.19,2,"2005AJ....129.1063L"
2490957,5103,4.64,-0.23,2,"2017AJ....153...21L"
2490957,5132,4.53,-0.22,2,"2022A&A...663A...4S"
2490957,5087,4.58,-0.25,2,"2025A&A...699A.151S"
2490957,5091,4.6,0.09,2,"1975A&A....44....9P"
2490957,5143,4.6,-0.39,2,"1989A&A...225..369C"
2490957,5143,4.6,-0.39,2,"1989A&A...225..369C"
2490957,5055,4.61,-0.3,2,"2024A&A...690A..97C"
2490959,4308,4.7,0.0,2,"1975A&A....39...97P"
2490959,4541,4.7,-0.34,2,"1991epu...R.....27C"
2490959,4541,4.54,-0.37,2,"2007MNRAS.374..664C"
2490959,4541,4.7,-0.34,2,"1991epu...R.....27C"
2490959,4525,,-0.18,2,"1997A&A...323..809F"
2490959,4380,4.71,-0.27,2,"2011A&A...531A.165P"
2490959,4600,4.7,-0.34,2,"2013ApJ...764...78R"
2490959,4442,4.69,,,"2014MNRAS.442..220F"
2490959,4308,4.7,0.0,2,"1975A&A....39...97P"
2490959,4312,,,,"2005ApJ...626..446R"
2490959,4345,,,,"1996A&AS..117..227A"
2490959,4349,,,,"1998A&A...339..858D"
2490959,4377,,,,"1998A&AS..129..505B"
2490959,4452,,,,"2011A&A...530A.138C"
2490959,4525,,-0.18,2,"1997A&A...323..809F"
2490959,4541,4.67,-0.21,2,"1999ApJ...521..753T"
2490959,4461,4.638,-0.13,2,"2021ApJS..255....8R"
2490959,4476,4.57,-0.21,2,"2022A&A...663A...4S"
2490959,4765,4.956,-0.197,4,"2023ApJS..266...11B"
2490959,4541,4.7,-0.13,2,"1970A&A.....6..385S"
2490959,4541,4.7,-0.13,2,"1970A&A.....6..385S"
2490959,4541,4.7,-0.34,2,"1991epu...R.....27C"
2490959,4568,4.67,-0.18,2,"2005A&A...437.1127S"
2490959,4590,4.28,-0.12,2,"2005AJ....129.1063L"
2490959,4590,4.28,-0.12,2,"2006AJ....131.3069L"
2490959,4543,4.68,-0.13,2,"2018A&A...614A..55A"
2490959,4474,4.69,-0.22,2,"2018AJ....155..111L"
2490959,4463,4.68,-0.09,2,"2017AJ....153...21L"
2490959,4561,4.24,-0.34,3,"2019A&A...629A..80H"
2490959,4584,4.45,-0.105,3,"2020ApJ...898..119R"
2490959,4541,4.54,-0.37,3,"2013MNRAS.435..952S"
2490959,4388,4.52,-0.5,2,"2021MNRAS.505.4496G"
2491022,5091,4.6,-0.01,2,"1975A&A....44....9P"
2491022,5091,4.6,-0.3,2,"1989A&A...225..369C"
2491022,5091,4.6,-0.3,2,"1989A&A...225..369C"
2491022,5031,4.63,-0.28,2,"2007A&A...465..271R"
2491022,5091,4.6,-0.01,2,"1975A&A....44....9P"
2491022,5091,4.6,-0.3,2,"1989A&A...225..369C"
2491022,5200,4.5,-0.19,2,"2005AJ....129.1063L"
2491022,5171,4.61,-0.22,2,"2018AJ....155..111L"
2491022,5199,4.62,-0.22,2,"2017AJ....153...21L"
2491022,5144,4.59,-0.22,2,"2022A&A...663A...4S"
2491022,5093,4.77,-0.33,2,"2024A&A...690A..97C"
2491684,4960,4.57,7.31,2,"2004A&A...420..183A"
2491684,5087,4.58,-0.25,2,"2012ApJ...756...46R"
2491684,5087,4.58,-0.25,2,"2013ApJ...764...78R"
2491684,5005,4.5,-0.16,2,"2016A&A...587A...2B"
2491684,5108,,-0.23,2,"2018A&A...614A..55A"
2491684,5087,4.58,-0.25,2,"2022A&A...663A...4S"
2491684,4979,4.53,-0.32,2,"2025A&A...699A.151S"
2529099,16294,3.8012,0.2121,4,"2024A&A...681A.107R"
2529161,30540,,,,"2009A&A...501..297Z"
2556894,6146,4.0,0.62,2,"1986A&A...166..195R"
2556894,6146,4.0,0.62,2,"1986A&A...166..195R"
2556894,5350,4.0,0.52,2,"1998A&A...338..623M"
2556894,5458,2.55,0.13,2,"2012A&A...538A.143K"
2556894,5350,4.0,0.52,2,"1998A&A...338..623M"
2556894,6146,4.0,0.62,2,"1986A&A...166..195R"
2556894,5458,2.55,0.13,2,"2023ApJS..266...41P"
2556894,4878,,,,"1999A&AS..139..335A"
2556894,4932,,,,"2005ApJ...626..446R"
2556894,4977,,,,"1998A&A...339..858D"
2556967,10957,4.0,0.3,2,"1984MNRAS.206...85G"
2556967,10800,3.95,0.45,2,"1993A&A...274..335S"
2556967,10800,3.95,0.45,2,"1993A&A...274..335S"
2556967,10957,4.0,0.3,2,"1984MNRAS.206...85G"
2556967,10600,4.1,,,"2013A&A...551A..30B"
2562034,7244,3.65,-0.04,2,"2003A&A...398.1121E"
2562034,6950,,,,"1995A&AS..110..553S"
2562034,7388,3.55,,,"2003AJ....125.1598L"
2596252,3376,,-0.22,2,"2012ApJ...748...93R"
2596252,3279,,-0.26,2,"2015ApJ...804...64M"
2596252,3279,,-0.14,2,"2014MNRAS.443.2561G"
2596252,3343,5.05,-0.04,2,"2018A&A...615A...6P"
2596252,3300,5.0,,,"2018A&A...620A.180R"
2596252,3306,4.87,-0.02,2,"2019A&A...627A.161P"
2596252,3321,4.87,-0.04,2,"2019A&A...627A.161P"
2596252,3295,4.88,-0.04,2,"2019A&A...627A.161P"
2596252,3345,5.04,-0.05,2,"2019A&A...625A..68S"
2596252,3441,,-0.16,2,"2019ApJ...878..134K"
2596252,3306,5.11,-0.23,2,"2020A&A...644A..68M"
2596252,3397,5.07,-0.25,2,"2021A&A...656A.162M"
2596252,3243,,-0.32,2,"2024A&A...690A..58A"
2596252,3300,4.99,,32767,"2022ApJ...927..122H"
2596252,3318,,-0.16,2,"2021MNRAS.508.5148C"
2596252,3334,4.92,,32767,"2024A&A...687A.205M"
2596252,3287,4.9989,0.0,4,"2024A&A...683A.125P"
2596252,3300,5.2,,32767,"2020AJ....159...30H"
2596252,3413,,-0.27,2,"2021A&A...656A.162M"
2596342,3845,,-0.39,2,"2012ApJ...748...93R"
2596342,3438,,-0.08,2,"2014MNRAS.443.2561G"
2596342,3441,,-0.16,2,"2019ApJ...878..134K"
2596342,2813,,1.64,2,"2021MNRAS.508.5148C"
2596342,3400,5.2,,32767,"2020AJ....159...30H"
2596342,3269,,,,"2018MNRAS.475.1960F"
2596403,2324,4.51,,32767,"2023ApJ...959...63S"
2596403,2727,,-0.32,2,"2012ApJ...748...93R"
2596403,2700,,-0.07,2,"2015ApJ...804...64M"
2596403,2830,1.46,-1.25,2,"2019A&A...627A.138A"
2596403,2665,5.1,0.04,2,"2019ApJ...878..134K"
2596403,2676,5.24,0.17,2,"2019ApJ...878..134K"
2596403,3005,5.25,-0.08,2,"2021A&A...656A.162M"
2596403,2700,5.5,,,"2013A&A...556A..15R"
2596403,2700,5.0,,,"2015ApJS..219...33G"
2596403,2800,5.4,,,"2018A&A...620A.180R"
2596403,2989,,0.0,2,"2021A&A...656A.162M"
2730728,3271,,,,"1998AJ....116..981V"
2773303,4000,0.5,,,"2013AJ....146..134K"
2773303,3932,1.35,-0.04,2,"2016A&A...587A...2B"
2773303,3807,1.05,-0.17,2,"2014A&A...564A.133J"
2773303,3807,1.05,,,"2015A&A...582A..49H"
2773303,3867,,,,"1999A&AS..139..335A"
2773303,3877,,,,"2005ApJ...626..446R"
2773303,3880,,,,"1998A&A...339..858D"
2773303,3978,1.2,-0.22,2,"2006A&A...458..609D"
2773303,4150,1.7,-0.4,2,"2007A&A...475.1003H"
2773303,4189,,,,"1998AJ....116..981V"
2773303,4000,,-0.2,2,"2020A&A...633A..34C"
2773303,4000,0.5,,,"2020AJ....160...83S"
2773303,,,-0.227,3,"2020AJ....160...83S"
2773303,3888,1.0288,-0.193,3,"2021MNRAS.506..150B"
2773303,3890,1.0,-0.1,2,"2008AJ....135..209M"
2773303,3929,1.11,-0.31,2,"2023A&A...676A.129H"
2773303,4037,1.6956,0.043,3,"2023A&A...671A..61N"
2773303,4049,1.6795,0.043,3,"2023A&A...671A..61N"
2773303,4022,1.6735,0.027,3,"2023A&A...671A..61N"
2773303,4013,1.5811,0.01,3,"2023A&A...671A..61N"
2773303,4021,1.6347,0.022,3,"2023A&A...671A..61N"
2773303,4030,1.6836,0.036,3,"2023A&A...671A..61N"
2773303,4044,1.7303,0.066,3,"2023A&A...671A..61N"
2773303,4041,1.7174,0.052,3,"2023A&A...671A..61N"
2773303,3904,1.06,-0.26,2,"2024A&A...682A.145S"
2773303,3904,1.06,-0.26,2,"2025A&A...698A..93J"
2773303,3952,1.905,-0.042,3,"2024A&A...692A.228C"
2775644,11110,,,,"1995A&AS..110..553S"
2775644,11220,,,,"2009A&A...501..297Z"
2775644,10715,,,,"2012A&A...537A.120Z"
2799583,5496,,,,"1998A&AS..129..505B"
2799583,4667,,0.1,2,"1966AnAp...29..593H"
2799583,5592,3.94,0.24,2,"2000Priv.C........F"
2799583,5615,4.07,0.31,2,"2016A&A...585A..73N"
2799583,5502,,,,"2013ApJ...771...40B"
2799583,4941,,0.48,2,"1966AnAp...29..593H"
2799583,5419,3.8,0.13,2,"1972AcA....22..141G"
2799583,5538,3.91,0.16,2,"1974A&A....34..263H"
2799583,5419,4.1,0.3,2,"1978NInfo..45...90V"
2799583,5419,4.1,0.32,2,"1986A&AS...65...11K"
2799583,5520,3.7,0.04,2,"1990ApJS...74.1075M"
2799583,5532,3.88,0.2,2,"2008A&A...480...91S"
2799583,5419,4.1,0.32,2,"1986A&AS...65...11K"
2799583,5520,3.7,0.04,2,"1990ApJS...74.1075M"
2799583,5596,3.93,0.23,2,"1998A&A...338..161F"
2799583,5450,3.7,0.11,2,"1998A&A...338..623M"
2799583,5590,3.94,0.24,2,"2009A&A...508.1313F"
2799583,5580,3.99,0.29,2,"2007PASJ...59..335T"
2799583,5621,4.06,0.31,2,"2011ApJ...736...87K"
2799583,5454,3.82,0.22,2,"2011A&A...531A.165P"
2799583,5397,3.96,7.8,2,"2004A&A...420..183A"
2799583,5485,3.97,0.22,2,"2012ApJ...756...46R"
2799583,5485,3.97,0.22,2,"2013ApJ...764...78R"
2799583,5562,3.98,0.28,2,"2015A&A...574A..50J"
2799583,5510,3.9,0.29,2,"2016A&A...587A...2B"
2799583,5542,3.95,0.25,2,"2016A&A...587A...2B"
2799583,5558,4.0,0.24,2,"2016A&A...587A...2B"
2799583,5559,3.97,0.27,2,"2016ApJS..225...32B"
2799583,4667,,0.1,2,"1966AnAp...29..593H"
2799583,4941,,0.48,2,"1966AnAp...29..593H"
2799583,5397,3.96,0.26,2,"2004A&A...420..183A"
2799583,5419,4.1,0.3,2,"1978NInfo..45...90V"
2799583,5419,4.1,0.32,2,"1986A&AS...65...11K"
2799583,5450,3.7,0.11,2,"1998A&A...338..623M"
2799583,5509,4.0,0.21,2,"2007A&A...465..271R"
2799583,5520,3.7,0.04,2,"1990ApJS...74.1075M"
2799583,5538,3.91,0.16,2,"1974A&A....34..263H"
2799583,5540,3.95,0.24,2,"2005AJ....129.1063L"
2799583,5540,3.95,0.24,2,"2006AJ....131.3069L"
2799583,5580,3.99,0.29,2,"2005PASJ...57...27T"
2799583,5583,3.99,0.28,2,"2011A&A...526A..71D"
2799583,5592,3.94,0.24,2,"2000Priv.C........F"
2799583,5596,3.93,0.23,2,"1998A&A...338..161F"
2799583,5597,4.1,0.3,2,"2005ApJS..159..141V"
2799583,5603,4.05,0.26,2,"2015A&A...580A..24D"
2799583,5650,4.0,0.25,2,"2003ARep...47..422M"
2799583,5609,4.03,0.27,2,"2018MNRAS.479.1332M"
2799583,5615,4.07,0.31,2,"2018A&A...615A..31D"
2799583,5487,3.96,0.23,2,"2018A&A...614A..55A"
2799583,5560,3.99,0.23,2,"2017AJ....153...21L"
2799583,5600,4.07,0.26,2,"2020AJ....159...90S"
2799583,5535,4.12,0.27,2,"2015A&A...573A..67P"
2799583,5633,4.022,0.318,3,"2021ApJS..255....8R"
2799583,5513,3.97,0.25,2,"2022A&A...663A...4S"
2799583,5536,3.99,0.3,2,"2023AJ....165..145L"
2799583,5560,3.99,0.23,2,"2023ApJS..266...41P"
2799583,5492,3.92,0.24,2,"2021MNRAS.505.4496G"
2799583,5665,4.05,0.25,2,"2024A&A...682A.145S"
2799583,5633,4.02,0.31,2,"2025A&A...698A..93J"
2824657,13002,3.5,,,"2001A&A...378..861C"
2824657,11429,,,,"2012A&A...537A.120Z"
2824657,13200,4.0,,,"2006MNRAS.371..252L"
2824708,4270,1.79,-0.17,2,"1990ApJS...74.1075M"
2824708,4270,1.79,-0.17,2,"1990ApJS...74.1075M"
2824708,4383,0.93,0.02,2,"2021MNRAS.502..328D"
2824708,4339,1.679,-0.0512,4,"2022ApJS..259...35A"
2868583,9882,,0.1,2,"1964IAUS...26..227H"
2868583,13263,2.5,0.49,2,"1986MNRAS.219..479B"
2868583,13263,2.5,0.49,2,"1986MNRAS.219..479B"
2868583,17700,3.2226,-1.0401,4,"2024A&A...681A.107R"
2896864,10000,3.6,0.0,1,"2016A&A...589A..83G"
2900021,8000,3.9,0.18,2,"1968AnAp...31...15P"
2900021,8400,,0.4,2,"1973MNRAS.161..193S"
2900021,8170,3.9,0.6,2,"1991A&A...249..205B"
2900021,7914,3.7,0.38,2,"2011A&A...531A.165P"
2900021,8000,3.9,0.18,2,"1968AnAp...31...15P"
2900021,8170,3.9,0.6,2,"1991A&A...249..205B"
2900021,8400,,0.4,2,"1973MNRAS.161..193S"
2900021,8019,3.77,0.22,2,"2021MNRAS.505.4496G"
2900025,7211,,,,"2012A&A...537A.120Z"
2903812,,,0.0,2,"1957ApJ...125..123S"
2903812,4893,2.2,0.15,2,"1982MNRAS.201..807G"
2903812,4800,2.76,-0.09,2,"1990ApJS...74.1075M"
2903812,4826,2.57,-0.01,2,"2008A&A...480...91S"
2903812,,,-0.02,2,"2008A&A...480...91S"
2903812,4893,2.2,0.15,2,"1982MNRAS.201..807G"
2903812,4800,2.76,-0.09,2,"1990ApJS...74.1075M"
2903812,4828,2.62,0.06,2,"2011A&A...531A.165P"
2903812,4866,2.69,0.07,2,"2014ApJ...785...94L"
2903812,4723,2.2212,-0.5531,4,"2024A&A...681A.107R"
2903812,4846,2.9,-0.03,2,"2016A&A...587A...2B"
2903812,,,0.0,2,"1957ApJ...125..123S"
2903812,4800,2.76,-0.09,2,"1990ApJS...74.1075M"
2903812,4893,2.2,0.15,2,"1982MNRAS.201..807G"
2903812,4788,2.76,0.04,2,"2019A&A...625A.141L"
2903812,4775,2.7,-0.09,2,"2008AJ....135..209M"
2903812,4788,2.76,0.04,2,"2022A&A...666A.125F"
2903812,4815,2.64,0.02,2,"2022A&A...663A...4S"
2903812,4767,2.65,-0.04,2,"2021MNRAS.505.4496G"
2903812,4788,2.76,0.01,2,"2017A&A...598A.100J"
2903812,4571,,,,"2009A&A...497..497G"
2903812,4796,,,,"1999A&AS..139..335A"
2903812,4817,,,,"2005ApJ...626..446R"
2903812,4860,,,,"1998A&A...339..858D"
2933504,4345,,-0.25,2,"1953MSRSL..14..419G"
2933504,4893,2.85,0.08,2,"1973A&A....23..369V"
2933504,4893,2.85,-0.1,2,"1977A&A....54..465P"
2933504,4755,2.7,0.0,2,"1978NInfo..45...90V"
2933504,5040,2.9,-0.06,2,"1981ApJ...248..228L"
2933504,4846,1.93,-0.1,2,"1982MNRAS.201..807G"
2933504,4721,2.52,-0.15,2,"2008A&A...480...91S"
2933504,4846,1.93,-0.1,2,"1982MNRAS.201..807G"
2933504,4853,2.79,-0.09,2,"2015A&A...580A..24D"
2933504,4860,2.6,-0.07,2,"2012A&A...543A.160T"
2933504,4893,2.85,0.08,2,"1973A&A....23..369V"
2933504,4911,2.98,-0.05,2,"2005A&A...442..635B"
2933504,5040,2.9,-0.06,2,"1981ApJ...248..228L"
2933504,4864,2.74,-0.11,2,"2018MNRAS.479.1332M"
2933504,4711,2.59,-0.18,2,"2017A&A...598A.100J"
2933504,4711,2.59,-0.15,2,"2019A&A...625A.141L"
2933504,4820,,-0.1,2,"2020A&A...633A..34C"
2933504,4710,2.8,-0.27,2,"2008AJ....135..209M"
2933504,4711,2.59,-0.15,2,"2022A&A...666A.125F"
2933504,4742,2.5,-0.16,2,"2022A&A...665A.135M"
2933504,,,-0.14,2,"2008A&A...480...91S"
2933504,4755,2.8,0.0,2,"1986A&AS...65...11K"
2933504,4730,2.89,-0.27,2,"1990ApJS...74.1075M"
2933504,4675,2.1,-0.18,2,"1995AJ....110.2968L"
2933504,4798,2.56,-0.1,2,"2007MNRAS.374..664C"
2933504,5040,2.9,-0.06,2,"1981ApJ...248..228L"
2933504,4846,1.93,-0.1,2,"1982MNRAS.201..807G"
2933504,4755,2.8,0.0,2,"1986A&AS...65...11K"
2933504,4730,2.89,-0.27,2,"1990ApJS...74.1075M"
2933504,4675,2.1,-0.18,2,"1995AJ....110.2968L"
2933504,4748,2.52,-0.17,2,"2011A&A...531A.165P"
2933504,,,-0.23,2,"2014AJ....147...20N"
2933504,4775,2.65,-0.26,2,"2016A&A...587A...2B"
2933504,,,-0.05,2,"2005A&A...442..635B"
2933504,4345,,-0.25,2,"1953MSRSL..14..419G"
2933504,4675,2.1,-0.18,2,"1995AJ....110.2968L"
2933504,4677,,,,"2009A&A...497..497G"
2933504,4730,2.89,-0.27,2,"1990ApJS...74.1075M"
2933504,4755,2.7,0.0,2,"1978NInfo..45...90V"
2933504,4755,2.8,0.0,2,"1986A&AS...65...11K"
2933504,4785,2.75,-0.11,2,"2007A&A...475.1003H"
2933504,4843,2.78,-0.11,2,"2011A&A...526A..71D"
2933504,4742,2.5,-0.21,2,"2022A&A...668A..88N"
2933504,4755,2.57,-0.13,2,"2022A&A...663A...4S"
2933504,4728,2.48,-0.13,2,"2021MNRAS.505.4496G"
2933504,4654,,,,"1998A&A...339..858D"
2933504,4799,2.39,,,"2003AJ....126.2048G"
2933504,4710,,,,"2005ApJ...626..446R"
2933504,4710,,,,"2006MNRAS.371..879K"
2933504,4725,,,,"1999A&AS..139..335A"
2933504,4732,,,,"1998A&AS..129..505B"
3015395,8814,,,,"2012A&A...542A.116A"
3015395,9180,,,,"1995A&AS..110..553S"
3015395,9132,4.11,,,"2003AJ....125.1598L"
3032673,16678,4.3756,-0.0223,4,"2023ApJS..266...11B"
3032673,14180,4.23,,,"2014A&A...562A.128S"
3032673,18110,,,,"1995A&AS..110..553S"
3032690,17000,4.002,0.579,3,"2018A&A...612A..99R"
3032690,16809,4.136,-0.0192,4,"2023ApJS..266...11B"
3032690,17279,4.07,-0.25,2,"2023A&A...676A.129H"
3032690,21430,,,,"1995A&AS..110..553S"
3033496,13370,4.0385,0.1851,4,"2023ApJS..266...11B"
3033496,13600,4.3,0.48,2,"2014A&A...561A.147B"
3033496,12620,4.04,-0.17,2,"2023A&A...676A.129H"
3033496,13600,4.3,,,"2013A&A...551A..30B"
3033496,12500,3.691,,,"2018A&A...612A..99R"
3046343,6422,4.32,0.12,2,"2018AJ....155..111L"
3046343,6366,,,,"2012A&A...542A.116A"
3046343,6271,4.15,,,"2014MNRAS.442..220F"
3046343,6438,,,,"2011A&A...530A.138C"
3046343,6440,,,,"2006A&A...450..735M"
3046343,6500,4.08,,,"2003AJ....125.1598L"
3046343,6647,4.42,0.2,2,"2022A&A...667A..63Z"
3046343,6408,4.32,0.12,2,"2022A&A...663A...4S"
3046343,5046,2.59,-0.05,2,"2024A&A...690A..97C"
3101617,20880,,,,"1995A&AS..110..553S"
3142397,7274,4.05,,,"2003AJ....125.1598L"
3149272,13335,,,,"2012A&A...537A.120Z"
3149272,14090,,,,"2009A&A...501..297Z"
3149932,4900,,0.0,2,"2020A&A...633A..34C"
3149932,4817,2.82,0.0,2,"2015MNRAS.448.2749A"
3149932,4926,2.83,0.03,2,"2015MNRAS.448.2749A"
3149932,4866,2.7,-0.01,2,"2015MNRAS.448.2749A"
3149932,4892,2.74,0.054,3,"2022A&A...657A..87O"
3149932,4866,2.7,-0.01,2,"2022A&A...663A...4S"
3149932,4866,2.7,-0.01,2,"2015MNRAS.448.2749A"
3149933,5795,,,,"2011A&A...530A.138C"
3149933,6541,,,,"2012A&A...542A.116A"
3206362,13300,3.8,-0.21,2,"2021MNRAS.502.3670G"
3206362,14125,,,,"2012A&A...537A.120Z"
3237166,4375,,0.13,2,"1997A&A...323..809F"
3237166,4375,,0.13,2,"1997A&A...323..809F"
3237166,4422,4.61,,,"2014MNRAS.442..220F"
3261639,10715,,,,"2012A&A...537A.120Z"
3261639,10825,,,,"2005A&A...444..941P"
3261639,10800,4.2,,,"2017AJ....154...31G"
3261640,8019,,,,"2006A&A...458..293P"
3261640,8300,3.3,,,"2017AJ....154...31G"
3261644,9550,4.0,0.17,2,"2018MNRAS.480..488I"
3261644,9097,,,,"2006A&A...458..293P"
3261644,9183,,,,"2012A&A...537A.120Z"
3269938,7870,,,,"1995A&AS..110..553S"
3269938,7908,,,,"1998A&AS..129..505B"
3269938,7943,3.7,,,"2003AJ....125.1598L"
3282920,,4.13,,,"2019MNRAS.485.1508S"
3282920,15000,3.4,,,"2018MNRAS.474.5287A"
3282926,,,0.0,2,"2018AJ....155..149B"
3282926,11800,4.3,,32767,"2023MNRAS.519.3958I"
3282926,10839,,,,"2012A&A...537A.120Z"
3282937,22230,4.0,,,"2006MNRAS.371..252L"
3282937,23823,4.0,,,"2001A&A...378..861C"
3282937,22150,3.43,,,"2018MNRAS.474.5287A"
3300133,21640,,,,"1995A&AS..110..553S"
3300162,21900,,,,"1995A&AS..110..553S"
3322478,6501,3.86,-0.36,2,"2003A&A...398.1121E"
3322478,6541,3.88,-0.27,2,"1990ApJ...354..310B"
3322478,6541,3.88,-0.27,2,"1990ApJ...354..310B"
3322478,6541,3.88,-0.27,2,"1990ApJ...354..310B"
3322478,6460,3.3,-0.3,4,"2023ApJS..266...11B"
3322478,6624,3.8,-0.25,2,"2018A&A...614A..55A"
3322478,6524,,,,"2006A&A...458..293P"
3322478,6561,,,,"1998A&A...339..858D"
3322478,6671,,,,"2011A&A...530A.138C"
3322478,7600,,,,"1995A&AS..110..553S"
3322478,6618,3.82,,,"2003AJ....125.1598L"
3322478,6678,,,,"2012A&A...542A.116A"
3360143,33250,3.877,-0.258,4,"2023ApJS..266...11B"
3360143,,3.55,,,"2019MNRAS.485.1508S"
3360143,26720,,,,"1995A&AS..110..553S"
3360143,,3.55,,,"2019MNRAS.485.1508S"
3379714,3498,,-0.01,2,"2021MNRAS.508.5148C"
3379714,5554,4.552,-0.085,3,"2022AJ....163..152S"
3379714,2810,4.59,0.04,2,"2023ApJS..266...41P"
3379714,3054,,,,"2012ApJ...757..112B"
3379714,2883,,,,"2014MNRAS.443.2561G"
3379714,2900,5.0,,,"2013A&A...556A..15R"
3379714,2810,4.59,0.04,2,"2019ApJ...878..134K"
3379714,3306,5.05,-0.04,2,"2020A&A...644A..68M"
3379714,2756,,-0.18,2,"2024A&A...690A..58A"
3379714,2804,,-0.21,2,"2024A&A...690A..58A"
3379714,2756,,-0.18,3,"2024A&A...691A..53S"
3387848,4754,4.62,-0.13,2,"2024A&A...682A.145S"
3387848,4649,4.44,-0.13,2,"2017A&A...606A..94D"
3387848,4500,4.7,0.04,2,"1980A&A....86..308K"
3387848,4555,,,,"2012ApJ...757..112B"
3387848,4582,4.5,-0.23,2,"1988A&A...206..100A"
3387848,4754,4.45,-0.2,2,"2008A&A...487..373S"
3387848,4500,4.7,0.04,2,"1980A&A....86..308K"
3387848,4582,4.5,-0.23,2,"1988A&A...206..100A"
3387848,4754,4.45,-0.2,2,"2012A&A...545A..32A"
3387848,4649,4.63,-0.19,2,"2013ApJ...764...78R"
3387848,4649,4.44,-0.13,2,"2013A&A...555A.150T"
3387848,4754,4.45,-0.2,2,"2015A&A...576A..69D"
3387848,4500,4.7,0.04,2,"1980A&A....86..308K"
3387848,4574,,,,"1998A&A...339..858D"
3387848,4577,,,,"1998A&AS..129..505B"
3387848,4582,4.5,-0.23,2,"1988A&A...206..100A"
3387848,4629,4.36,-0.06,2,"2004A&A...415.1153S"
3387848,4642,,,,"2005ApJ...626..446R"
3387848,4700,4.68,0.01,2,"2001A&A...373.1019S"
3387848,4731,,,,"2011A&A...530A.138C"
3387848,4754,4.45,-0.2,2,"2008A&A...487..373S"
3387848,4758,,,,"2009A&A...497..497G"
3387848,4882,2.869,-0.61,2,"2018A&A...615A..76S"
3387848,4938,4.576,-0.2,2,"2018A&A...615A..76S"
3387848,4707,4.65,-0.23,2,"2018A&A...614A..55A"
3387848,4682,4.62,-0.16,2,"2018AJ....155..111L"
3387848,4616,4.248,-0.162,3,"2019A&A...629A..80H"
3387848,4776,4.59,-0.105,3,"2020A&A...639A..35H"
3387848,4617,4.58,-0.09,2,"2022AJ....164..174H"
3387848,4754,-1.7155,-0.2,2,"2014A&A...566A..66G"
3387848,4682,4.6,-0.12,2,"2022AJ....164...87K"
3387848,4641,4.29,-0.13,2,"2022A&A...663A...4S"
3387848,5013,4.933,-0.036,4,"2023ApJS..266...11B"
3387848,4700,4.5,-0.17,2,"2024ApJ...964..110L"
3387848,4693,4.299,-0.19,4,"2024A&A...683A.125P"
3387848,4694,4.4,-0.17,3,"2024A&A...691A..53S"
3396054,5727,4.27,0.1,2,"1990ApJ...350..827F"
3396054,5800,4.31,0.22,2,"1992A&A...263..219C"
3396054,5720,4.27,0.15,2,"1993A&A...275..101E"
3396054,5551,3.89,0.15,2,"1996A&A...314..191G"
3396054,5830,4.34,0.25,2,"1997A&A...328..261N"
3396054,5519,4.26,7.67,2,"2004A&A...420..183A"
3396054,5809,4.32,0.23,2,"2012ApJ...756...46R"
3396054,5809,4.32,0.23,2,"2013ApJ...764...78R"
3396054,5751,4.19,0.22,2,"2016A&A...587A...2B"
3396054,5781,4.27,0.27,2,"2016A&A...587A...2B"
3396054,5519,4.26,0.12,2,"2004A&A...420..183A"
3396054,5551,3.89,0.15,2,"1996A&A...314..191G"
3396054,5569,3.89,0.03,2,"2006MNRAS.370..163B"
3396054,5720,4.27,0.15,2,"1993A&A...275..101E"
3396054,5727,4.27,0.1,2,"1990ApJ...350..827F"
3396054,5727,4.38,0.29,2,"1980MNRAS.191...23E"
3396054,5777,,,,"2005ApJ...626..446R"
3396054,5800,4.31,0.22,2,"1992A&A...263..219C"
3396054,5793,4.4,0.17,2,"1986A&A...166..195R"
3396054,5793,,,,"2013ApJ...771...40B"
3396054,5793,,0.22,2,"1971RGOB..173...63F"
3396054,5727,4.38,0.29,2,"1980MNRAS.191...23E"
3396054,5793,4.4,0.17,2,"1986A&A...166..195R"
3396054,5793,4.4,0.2,2,"1986A&A...165..126S"
3396054,5793,4.5,0.2,2,"1988A&A...206..100A"
3396054,5727,4.42,0.2,2,"1988A&A...190..148E"
3396054,5727,4.27,0.1,2,"1990ApJ...350..827F"
3396054,5800,4.31,0.22,2,"1992A&A...263..219C"
3396054,5720,4.27,0.15,2,"1993A&A...275..101E"
3396054,5727,4.38,0.29,2,"1980MNRAS.191...23E"
3396054,5793,4.4,0.17,2,"1986A&A...166..195R"
3396054,5793,4.4,0.2,2,"1986A&A...165..126S"
3396054,5793,4.5,0.2,2,"1988A&A...206..100A"
3396054,5727,4.42,0.2,2,"1988A&A...190..148E"
3396054,5850,,0.22,2,"1997A&A...323..809F"
3396054,5813,4.36,,,"2015A&A...579A..20M"
3396054,5665,,,,"2011A&A...530A.138C"
3396054,5727,4.42,0.2,2,"1988A&A...190..148E"
3396054,5745,4.31,0.22,2,"2010MNRAS.405.1907B"
3396054,5792,4.31,,,"2015A&A...582A..49H"
3396054,5793,,0.22,2,"1971RGOB..173...63F"
3396054,5793,4.4,0.2,2,"1986A&A...165..126S"
3396054,5793,4.5,0.2,2,"1988A&A...206..100A"
3396054,5801,4.38,0.25,2,"2007A&A...465..271R"
3396054,5801,4.33,0.21,2,"2005ApJS..159..141V"
3396054,5824,4.34,0.24,2,"2008A&A...488..653P"
3396054,5830,4.34,0.25,2,"1997A&A...328..261N"
3396054,5830,4.34,0.24,2,"2001A&A...367..253F"
3396054,5840,4.31,0.26,2,"2014A&A...564A.133J"
3396054,5844,4.3,0.28,2,"2005A&A...437.1127S"
3396054,5850,,0.22,2,"1997A&A...323..809F"
3396054,5857,4.44,0.23,2,"2012A&A...542A..84D"
3396054,5939,4.38,0.275,3,"2014MNRAS.443..698S"
3396054,5753,4.26,0.2,2,"2018AJ....155..111L"
3396054,5788,4.316,0.219,3,"2020A&A...639A.127C"
3396054,5792,4.31,,,"2021A&A...647A.162P"
3396054,5271,4.0261,0.252,3,"2021MNRAS.506..150B"
3396054,5776,4.3,0.2,2,"2022A&A...663A...4S"
3396054,5804,4.29,0.2,2,"2024A&A...682A.145S"
3396054,5838,4.42,0.2,2,"2024A&A...690A..97C"
3396059,5781,4.26,0.25,2,"2016A&A...589A.115S"
3396297,5362,,0.12,2,"1971RGOB..173...63F"
3396297,5250,4.73,0.37,2,"1980MNRAS.191...23E"
3396297,5305,4.5,0.14,2,"1988A&A...206..100A"
3396297,5250,4.73,0.37,2,"1980MNRAS.191...23E"
3396297,5325,4.58,0.26,2,"1992A&A...263..219C"
3396297,5350,,0.28,2,"1997A&A...323..809F"
3396297,5255,4.51,0.24,2,"1997A&A...328..261N"
3396297,5223,4.44,0.25,2,"2008A&A...488..653P"
3396297,5225,4.51,0.23,2,"2001A&A...367..253F"
3396297,5305,4.65,0.2,2,"1986A&A...165..126S"
3396297,5250,4.65,0.26,2,"1988A&A...190..148E"
3396297,5325,4.58,0.26,2,"1992A&A...263..219C"
3396297,5305,4.65,0.2,2,"1986A&A...165..126S"
3396297,5305,4.5,0.14,2,"1988A&A...206..100A"
3396297,5250,4.65,0.26,2,"1988A&A...190..148E"
3396297,4970,4.59,7.73,2,"2004A&A...420..183A"
3396297,5230,4.57,0.27,2,"2012ApJ...756...46R"
3396297,5230,4.57,0.27,2,"2013ApJ...764...78R"
3396297,5234,4.4,0.16,2,"2013A&A...556A.150S"
3396297,5251,4.56,,,"2015A&A...579A..20M"
3396297,5094,4.26,0.28,2,"2016A&A...587A...2B"
3396297,5098,4.38,0.31,2,"2016A&A...587A...2B"
3396297,4970,4.59,0.27,2,"2004A&A...420..183A"
3396297,5145,4.52,0.3,2,"2010MNRAS.405.1907B"
3396297,5150,,,,"2005ApJ...626..446R"
3396297,5178,4.56,0.23,2,"2005ApJS..159..141V"
3396297,5199,4.37,0.19,2,"2005A&A...437.1127S"
3396297,5203,4.56,0.18,2,"2007A&A...465..271R"
3396297,5231,4.53,,,"2015A&A...582A..49H"
3396297,5232,,,,"2013ApJ...771...40B"
3396297,5250,4.65,0.26,2,"1988A&A...190..148E"
3396297,5250,4.73,0.37,2,"1980MNRAS.191...23E"
3396297,5255,4.51,0.24,2,"1997A&A...328..261N"
3396297,5260,4.54,0.22,2,"2014A&A...564A.133J"
3396297,5305,4.5,0.14,2,"1988A&A...206..100A"
3396297,5305,4.65,0.2,2,"1986A&A...165..126S"
3396297,5325,4.58,0.26,2,"1992A&A...263..219C"
3396297,5350,,0.28,2,"1997A&A...323..809F"
3396297,5362,,0.12,2,"1971RGOB..173...63F"
3396297,5364,4.482,0.175,3,"2014MNRAS.443..698S"
3396297,5242,4.57,0.29,2,"2018AJ....155..111L"
3396297,5495,4.44,,,"2020AJ....160...83S"
3396297,5565,4.41,,,"2020AJ....160...83S"
3396297,,,0.09,3,"2020AJ....160...83S"
3396297,,,0.16,3,"2020AJ....160...83S"
3396297,5231,4.53,,,"2021A&A...647A.162P"
3396297,5244,4.54,0.24,2,"2022A&A...663A...4S"
3396297,5207,4.53,0.24,2,"2024A&A...682A.145S"
3396297,5182,4.59,0.18,2,"2024A&A...690A..97C"
3421428,22500,3.75,,,"2006MNRAS.371..252L"
3421428,22439,4.09,,,"2001A&A...378..861C"
3421428,20000,4.0,,,"2017MNRAS.471.3398A"
3421428,23950,4.0,,,"2018MNRAS.474.5287A"
3447940,4050,,-0.5,2,"2020A&A...633A..34C"
3488423,19890,,,,"1995A&AS..110..553S"
3488477,24090,,,,"2009A&A...501..297Z"
3518079,22210,,,,"1995A&AS..110..553S"
3525017,5235,4.56,-0.35,2,"2022A&A...663A...4S"
3525017,5334,4.528,-0.42,4,"2023ApJS..266...11B"
3525017,5305,4.5,-0.35,2,"1988A&A...191..237P"
3525017,5305,4.5,-0.35,2,"1988A&A...191..237P"
3525017,,,-1.078,3,"2020AJ....160...83S"
3525017,5247,4.5,-0.34,2,"2018A&A...614A..55A"
3525017,5193,4.52,,,"2014MNRAS.442..220F"
3525017,3999,4.49,,,"2020AJ....160...83S"
3525017,5242,4.4,-0.37,2,"2010ApJ...720.1290G"
3525017,5131,4.61,7.15,2,"2004A&A...420..183A"
3525017,5273,4.53,-0.32,2,"2012ApJ...756...46R"
3525017,5273,4.53,-0.32,2,"2013ApJ...764...78R"
3525017,5171,4.32,-0.3,2,"2016A&A...587A...2B"
3525017,5131,4.61,-0.38,2,"2004A&A...420..183A"
3525017,5151,4.61,-0.42,2,"2007A&A...465..271R"
3525017,5226,,,,"2011A&A...530A.138C"
3525017,5256,4.61,-0.34,2,"2005ApJS..159..141V"
3525017,5300,4.41,-0.33,2,"2005A&A...437.1127S"
3525017,5305,4.5,-0.35,2,"1988A&A...191..237P"
3525017,5220,4.5,-0.35,2,"2018AJ....155..111L"
3525017,5242,4.434,-0.39,4,"2024A&A...683A.125P"
3525017,4759,4.57,0.25,2,"2024A&A...690A..97C"
3552265,4270,1.79,-0.17,2,"1990ApJS...74.1075M"
3552265,4270,1.79,-0.17,2,"2022A&A...663A...4S"
3552265,4680,,-0.1,2,"2020A&A...633A..34C"
3564141,13032,,,,"2012A&A...537A.120Z"
3564141,8000,4.5,,,"2020AJ....160...83S"
5415558,740,3.9,,32767,"2024ApJ...961..210P"
5415558,790,4.61,,32767,"2025ApJ...982...79B"
5415558,695,4.35,0.09,2,"2013MNRAS.433..457B"
5415558,771,4.12,,32767,"2025ApJ...994..237M"
5545921,4050,,0.21,2,"2014MNRAS.443.2561G"
5545921,3364,,0.19,3,"2018MNRAS.475.1960F"
5545921,3386,,,,"2017ApJ...851...26V"
5613427,9021,3.79,,,"2003AJ....125.1598L"
5613427,9320,,,,"1995A&AS..110..553S"
5613427,9290,,,,"2012A&A...537A.120Z"
5615812,6199,3.9,-0.18,2,"2015A&A...577A...9B"
5615812,6129,3.82,-0.26,2,"2016A&A...587A...2B"
5615812,6000,,-0.35,2,"1997A&A...323..809F"
5615812,6015,3.8,-0.28,2,"2010MNRAS.405.1907B"
5615812,6186,3.94,-0.24,2,"2018AJ....155..111L"
5615812,6195,3.95,-0.22,2,"2022A&A...663A...4S"
5615812,6197,4.06,-0.26,2,"2022A&A...663A...4S"
5615812,6195,3.95,-0.22,2,"2017AJ....153...21L"
5615812,6152,4.15,-0.27,2,"1990ApJ...354..310B"
5615812,6152,4.15,-0.27,2,"1990ApJ...354..310B"
5615812,6000,,-0.35,2,"1997A&A...323..809F"
5615812,6073,3.91,-0.3,2,"2012ApJ...756...46R"
5615812,6073,3.91,-0.3,2,"2013ApJ...764...78R"
5615812,6199,3.92,-0.18,2,"2014A&A...562A..71B"
5615812,6019,3.93,-0.37,2,"2007A&A...465..271R"
5615812,6078,3.98,-0.3,2,"2004A&A...420..183A"
5615812,6152,4.15,-0.27,2,"1990ApJ...354..310B"
5615812,6170,3.93,-0.206,3,"2010MNRAS.403.1368G"
5615812,6240,4.27,-0.2,2,"2001A&A...373.1019S"
5615812,6275,4.4,-0.19,2,"2004A&A...415.1153S"
5615812,6280,4.26,-0.24,2,"2005AJ....129.1063L"
5615812,6280,4.26,-0.24,2,"2006AJ....131.3069L"
5615812,6111,3.448,-0.454,4,"2023ApJS..266...11B"
5615812,6305,4.102,-0.17,4,"2024A&A...683A.125P"
5615812,6181,3.95,-0.26,2,"2018A&A...614A..55A"
5615812,6258,3.81,,,"2003AJ....125.1598L"
5615812,6110,,,,"1995A&AS..110..553S"
5615812,6222,,,,"2011A&A...530A.138C"
5620693,8114,4.12,,32767,"2003AJ....125.1598L"
5620693,7870,4.14,0.08,2,"2003A&A...398.1121E"
6341820,21135,4.0,,,"2001A&A...378..861C"
6341820,19600,3.4,,,"2018MNRAS.474.5287A"
7426150,10046,,,,"2012A&A...537A.120Z"
9700385,4460,,-0.6,2,"2020A&A...633A..34C"
11575582,,,0.08,2,"2018AJ....155..149B"
11584687,5447,4.4476,-0.1127,4,"2024A&A...681A.107R"
11584687,5698,4.75,,,"2015A&A...579A..20M"
11584687,5588,5.0,0.05,2,"1998A&AS..129..237F"
11584687,5638,4.63,0.09,2,"2012A&A...538A.143K"
11584687,5511,4.86,0.01,2,"2012A&A...541A..40M"
11584687,5539,4.49,0.0,2,"2002NewA....7..211G"
11584687,5545,,,,"2006A&A...450..735M"
11584687,5574,,,,"2011A&A...530A.138C"
11584687,5588,5.0,0.05,2,"1998A&AS..129..237F"
11584687,5503,4.52,,,"2003AJ....125.1598L"
11584687,5560,4.75,0.02,2,"2022A&A...663A...4S"
11584687,5499,4.67,0.09,2,"2024A&A...690A..97C"
11584687,5500,4.0,,32767,"2023MNRAS.519.5472M"
