query_id,oid,main_id,otype,ra,dec,sp_type,sp_bibcode,plx_value,plx_err,pmra,pmdec,rvz_radvel,V,ids
"* alf CrB A",2831152,"* alf CrB","SB*",233.67195203403162,26.714685000024716,"A1IV","2003AJ....126.2048G",42.2408,0.977,118.927,-87.711,1.7,2.24,"TIC 274945059|Gaia DR3 1222646935698492160|GJ 9524|HIP 76267|PLX 3519|SBC9 850|LSPM J1534+2642|ASCC  690485|2MASS J15344125+2642529|USNO-B1.0 1167-00260913|*   5 CrB|* alf CrB|AG+26 1496|BD+27  2512|FK5  578|GC 20947|GCRV  8990|GEN# +1.00139006|GSC 02029-01690|HD 139006|HGAM    637|HIC  76267|HR  5793|CNS5 3837|TIC 471011926|IRAS 15325+2652|IRC +30275|JP11  2622|N30 3502|NAME Alphecca|PMC 90-93   410|PPM 104146|ROT  2204|SAO  83893|SBC7   545|SKY# 28165|SRS  30578|TD1 18384|TYC 2029-1690-1|UBV   21417|UBV M  20847|V* alf CrB|[HFE83] 1115|PLX 3519.00|EUVE J1534+26.7|[ZEH2003] RX J1534.6+2642  1|RX J1534.6+2642|1RXS J153441.5+264252|* alf CrB A|* alf CrB B|uvby98 100139006|WEB 12948"
"* alf CrB B",2831152,"* alf CrB","SB*",233.67195203403162,26.714685000024716,"A1IV","2003AJ....126.2048G",42.2408,0.977,118.927,-87.711,1.7,2.24,"TIC 274945059|Gaia DR3 1222646935698492160|GJ 9524|HIP 76267|PLX 3519|SBC9 850|LSPM J1534+2642|ASCC  690485|2MASS J15344125+2642529|USNO-B1.0 1167-00260913|*   5 CrB|* alf CrB|AG+26 1496|BD+27  2512|FK5  578|GC 20947|GCRV  8990|GEN# +1.00139006|GSC 02029-01690|HD 139006|HGAM    637|HIC  76267|HR  5793|CNS5 3837|TIC 471011926|IRAS 15325+2652|IRC +30275|JP11  2622|N30 3502|NAME Alphecca|PMC 90-93   410|PPM 104146|ROT  2204|SAO  83893|SBC7   545|SKY# 28165|SRS  30578|TD1 18384|TYC 2029-1690-1|UBV   21417|UBV M  20847|V* alf CrB|[HFE83] 1115|PLX 3519.00|EUVE J1534+26.7|[ZEH2003] RX J1534.6+2642  1|RX J1534.6+2642|1RXS J153441.5+264252|* alf CrB A|* alf CrB B|uvby98 100139006|WEB 12948"
"* alf Oph A",2715185,"* alf Oph","**",263.73362272030505,12.560037391671425,"A5IVnn","2001AJ....121.2148G",67.13,1.06,108.07,-221.57,11.7,2.07,"TIC 289643770|WISE J173456.17+123330.2|GJ 681|HIP 86032|Gaia DR3 4493746564376875520|PLX 4000|LSPM J1734+1233|ASCC  965558|USNO-B1.0 1025-00347133|* alf Oph|*  55 Oph|2E  3921|AG+12 1827|BD+12  3252|CSV 101982|CSV 101662|FK5  656|GAT 1321|GC 23837|GCRV 10159|GEN# +1.00159561|HD 159561|HIC  86032|HR  6556|CNS5 4331|TIC 471011992|IRAS 17326+1235|IRC +10331|JP11  2871|LTT 15218|N30 3915|NAME Rasalhague|NLTT 45084|NSV  9189|PMC 90-93   465|PPM 133563|ROT  2468|SAO 102932|SKY# 31749|SRS  30656|TD1 20664|UBV   14978|UBV M  22280|[GS83]  83|uvby98 100159561|2MASS J17345606+1233361|PLX 4000.00|1E 1732.6+1200|1RXS J173456.3+123344|2E 1732.6+1235|TYC 1000-2508-1|* alf Oph A|WEB 14516|* alf Oph B|** MCY    4|WDS J17349+1234AB"
"* alf Oph B",2715185,"* alf Oph","**",263.73362272030505,12.560037391671425,"A5IVnn","2001AJ....121.2148G",67.13,1.06,108.07,-221.57,11.7,2.07,"TIC 289643770|WISE J173456.17+123330.2|GJ 681|HIP 86032|Gaia DR3 4493746564376875520|PLX 4000|LSPM J1734+1233|ASCC  965558|USNO-B1.0 1025-00347133|* alf Oph|*  55 Oph|2E  3921|AG+12 1827|BD+12  3252|CSV 101982|CSV 101662|FK5  656|GAT 1321|GC 23837|GCRV 10159|GEN# +1.00159561|HD 159561|HIC  86032|HR  6556|CNS5 4331|TIC 471011992|IRAS 17326+1235|IRC +10331|JP11  2871|LTT 15218|N30 3915|NAME Rasalhague|NLTT 45084|NSV  9189|PMC 90-93   465|PPM 133563|ROT  2468|SAO 102932|SKY# 31749|SRS  30656|TD1 20664|UBV   14978|UBV M  22280|[GS83]  83|uvby98 100159561|2MASS J17345606+1233361|PLX 4000.00|1E 1732.6+1200|1RXS J173456.3+123344|2E 1732.6+1235|TYC 1000-2508-1|* alf Oph A|WEB 14516|* alf Oph B|** MCY    4|WDS J17349+1234AB"
"* bet Phe A",6222762,"* bet Phe A","*",16.521230312500002,-46.71849868611111,,,,,-26.9,6.1,,4.0,"WDS J01061-4643A|CCDM J01061-4643A|TYC 8032-1228-1|** SLR    1A|HD   6595A|CD-47   324A|* bet Phe A"
"* bet Phe B",6222778,"* bet Phe B","*",16.521032120833336,-46.71840400277778,,,,,-26.9,6.1,,4.09,"WDS J01061-4643B|CCDM J01061-4643B|TYC 8032-1228-2|** SLR    1B|* bet Phe B|HD   6595B|CD-47   324B"
"* del Boo B",2909773,"* del Boo B","PM*",228.90978671789,33.32092201495,"G0V","1981ApJS...45..437A",27.1573,0.0178,82.918,-110.075,-11.802,7.81,"TIC 16271552|HIP 74674|* del Boo B|Gaia DR3 1278392381386793856|ADS  9559 B|AG+33 1352|BD+33  2562|CCDM J15156+3319B|GCRV  5233 E|GEN# +0.03302562|GSC 02566-00246|HIC  74674|IDS 15115+3341 B|PPM  78455|SAO  64591|SKY# 27638|TYC 2566-246-1|UBV   13166|UBV M   2429|2MASS J15153834+3319156|WDS J15155+3319B|** STF 4027B|WEB 12741|Gaia DR2 1278392381386793856"
"* del Cyg B",11627049,"* del Cyg B","*",296.243264870505,45.13041173478111,"F1V",,,,,,,6.23,"ADS 12880 B|CSI+44  3234  4|IDS 19418+4453 B|NSV 12380|WDS J19450+4508B|* del Cyg B|Gaia DR2 2079784487997851392|TYC 3557-2486-2"
"* eps Dra A",9773204,"* eps Dra","PM*",297.04312691249,70.26793029824,"G7IIIbFe-1","1989ApJS...71..245K",21.3219,0.1256,79.486,40.041,3.12,3.91,"TIC 279979429|HIP 97433|Gaia DR3 2251191616254289152|* eps Dra A|CCDM J19482+7016A|*  63 Dra A|** STF 2603A|BD+69  1070A|HD 188119A|WDS J19482+7016A|TYC 4449-2652-1|UCAC4 802-027680|Gaia DR2 2251191616253487360|GC 27471|PLX 4689|*  63 Dra|* eps Dra|AG+70  689|BD+69  1070|GCRV 12194|HD 188119|HIC  97433|HR  7582|IRAS 19483+7008|IRC +70160|JP11  3149|NSV 12465|PPM  10315|RAFGL 2464|ROT  2867|SAO   9540|SKY# 37019|TD1 25620|UBV   16930|UBV M  24245|[B10]  5079|2MASS J19481035+7016045|NAME Tyl|WEB 17123|ADS 13007 A|GEN# +1.00188119|IDS 19485+7001 A"
"* eps Dra B",7026178,"* eps Dra B","PM*",297.0439531480499,70.26876877246,"F5III","1977AJ.....82..431L",21.3808,0.0403,86.898,37.126,3.04,6.8,"Gaia DR3 2251191611957165440|TIC 1884384242|TYC 4449-2651-1|* eps Dra B|CCDM J19482+7016B|*  63 Dra B|** STF 2603B|BD+69  1070B|HD 188119B|WDS J19482+7016B|UCAC4 802-027682|Gaia DR2 2251191611957165440"
"* eta Oph A",2561118,"* eta Oph A","PM*",257.5944336,-15.7251428,"A2(V)","1980ApJS...44..489B",,,,,,2.463,"GJ 656.1 A|GJ 9587 A|ADS 10374 A|BD-15  4467A|CSI-15  4467  4|CCDM J17104-1544A|WDS J17104-1544A|TYC 6232-1333-1|Renson 43800|* eta Oph A"
"* eta Oph B",2561094,"* eta Oph B","*",257.59432,-15.725182199999999,"A3(V)","1980ApJS...44..489B",,,,,,3.26,"GJ 656.1 B|TYC 6232-1333-2|ADS 10374 B|BD-15  4467B|CCDM J17104-1544B|CSI-15  4467  5|IDS 17046-1536 B|WDS J17104-1544B|* eta Oph B"
"G  41-14A",19495063,"G  41-14A","PM*",134.73635697880252,8.472451192155003,,,,,,,,,"G  41-14A|** DEL    2A|WDS J08589+0829A|Gaia DR3 585250252550906624|GJ 3522 A"
"G  41-14B",19495064,"G  41-14B","PM*",134.73648124042003,8.47246910311889,,,,,,,,,"G  41-14B|** DEL    2B|WDS J08589+0829B|Gaia DR3 585250248258396416|GJ 3522 B"
"* gam CrB A",2812058,"* gam CrB A","PM*",235.68570560833334,26.295634380555555,,,,,-107.0,47.8,,4.05,"BD+26  2722A|ADS  9757 A|CSI+26  2722  2|WDS J15427+2618A|** STF 1967A|TYC 2036-1674-1|CCDM J15427+2618A|* gam CrB A|HD 140436A"
"* gam CrB B",2812059,"* gam CrB B","PM*",235.68585517083332,26.295557416666668,,,,,-107.0,47.8,,5.56,"ADS  9757 B|BD+26  2722B|CCDM J15427+2618B|CSI+26  2722  3|IDS 15386+2637 B|WDS J15427+2618B|TYC 2036-1674-2|** STF 1967B|* gam CrB B|HD 140436B"
"* gam Vir A",1965990,"* gam Vir","PM*",190.41511762006294,-1.4494039524575002,"F1-F2V","2016MNRAS.458.2307K",83.1935,0.5074,-605.176,85.701,-19.8,2.74,"TIC 51735845|BD-00  2601|CSI-00  2601  5|HD 110379J|UBV   11380|*  29 Vir|NAME Porrima|GSC 04949-01120|IRAS 12390-0110|IRC +00223|JP11  2269|RAFGL 1571|TD1 16433|1ES 1239-01.1|1RXS J124139.7-012706|RX J1241.6-0127|2RE J1241-012|2RE J124140-012632|2MASS J12413962-0126580|* gam Vir|uvby98 100110379|GEN# +1.00110379|GJ 482.0|GJ 482 A|HIP 61941|Gaia DR3 3683687763520080384|PLX 2924|WDS J12417-0127A|* gam Vir A|*  29 Vir A|ADS  8630 A|AG-01 1685|BD-00  2601A|CSI-00  2601  1|CSV 101317|Ci 20  732|GC 17270|GCRV  7623|CNS5 3135|HD 110379|HR  4825|LFT  937|LHS  2604|LPM 444|LTT  4843|N30 2927|NLTT 31564|NSV  5859|PM 12391-0110|PMC 90-93  6089|RBS  1143|ROT  1871|SAO 138917|SKY# 23673|UBV   11379|uvby98 100110379 A|IDS 12366-0054 A|CCDM J12417-0127A|TYC 4949-1120-1|2EUVE J1241-01.4|EUVE J1241-01.4|** STF 1670A|Gaia DR2 3683687763520080384|WEB 11013"
"* gam Vir B",1965991,"* gam Vir B","Pe*",190.4147607686542,-1.4494021269330557,"F0mF2V","1989ApJS...69..301G",78.5233,1.3879,-534.318,-64.27,-19.8,3.49,"GJ 482 B|Gaia DR3 3683687763520080256|*  29 Vir B|* gam Vir B|ADS  8630 B|BD-00  2601B|CCDM J12417-0127B|CSI-00  2601  2|FAUST 3376|GCRV  7624|HD 110380|HIC  61941|HR  4826|LFT  938|LHS  2605|LTT  4844|N30 2926|NLTT 31565|ROT  1872|uvby98 100110380|TYC 4949-1120-2|IDS 12366-0054 B|* gam Vir S|WDS J12417-0127B|** STF 1670B|Renson 32087|Gaia DR2 3683687763520080256|GEN# +1.00110380|WEB 11014|TIC 502564326"
"* mu. Vel A",3170169,"* mu. Vel","PM*",161.69239624144333,-49.420259938983605,"G6III","2006AJ....132..161G",29.0506,0.2991,68.537,-48.819,6.2,2.69,"TIC 272884654|HIP 52727|CD-48  5913A|CPD-48  3516A|CSI-48  5913 22|IDS 10425-4854 A|WDS J10468-4925A|* mu. Vel A|HD  93497A|** R  155A|CCDM J10468-4925A|TYC 8206-3033-1|Gaia DR3 5361403934691772160|* mu. Vel|2E  2326|2RE J1046-492|2RE J104645-492507|CD-48  5913|CPC  0  8910|CPD-48  3516|CSI-48  5913 21|GC 14842|GCRV  6705|GSC 08206-03033|HD  93497|HIC  52727|HR  4216|IRAS 10446-4909|JP11  1997|N30 2552|PPM 315716|RE J104646-492505|RE J1046-492|RE J104648-492459|SAO 222321|SKY# 20647|TD1 15134|UBV    9912|UBV M  16507|2MASS J10464619-4925128|1ES 1044-49.1|1RXS J104645.7-492518|2E 1044.6-4909|2EUVE J1046-49.4|EUVE J1046-49.4|** R  155|** RU  155|WEB  9599|Gaia DR2 5361403934681413248|GEN# +1.00093497"
"* mu. Vel B",3170016,"* mu. Vel B","PM*",161.69310456666665,-49.41989513611111,,,,,74.2,-54.9,,5.58,"Gaia DR3 5361403934681415808|CD-48  5913B|CPD-48  3516B|CSI-48  5913 23|IDS 10425-4854 B|WDS J10468-4925B|** R  155B|TYC 8206-3033-2|* mu. Vel B|HD  93497B|CCDM J10468-4925B"
"NAME Barnard's Star b",13596720,"NAME Barnard's Star b","Pl",269.4520769586187,4.693364966576667,,,546.9759,0.0401,-801.551,10362.394,,,"GJ 699 b|NAME Barnard's Star b|HIDDEN NAME Barnard Star b"
"* omi Cet A",1359450,"* omi Cet","Mi*",34.83663375759996,-2.9776376730729166,"M5/6IIIe","1999MSS...C05....0H",10.91,1.22,9.33,-237.36,63.5,6.53,"TIC 332890609|4XMM J021920.7-025841|HIP 10826|Gaia DR3 2493390319631956352|PLX  477|*  68 Cet|* omi Cet|AAVSO 0214-03|BD-03   353|CSI-03   353  1|DO   430|EIC    37|EM* MWC   35|GC  2796|GCRV  1301|GSC 04693-01144|HD  14386|HIC  10826|HR   681|IRAS 02168-0312|IRC +00030|JP11   625|LTT  1179|NAME Mira|NLTT  7657|PPM 184482|RAFGL  318|SAO 129825|SKY#  3428|TD1  1361|TYC 4693-1144-1|UBV   21604|V* omi Cet|YZ  93   562|[LFO93] 0216-03|[PCC93]  21|ASAS J021920-0258.6|PLX  477.00|JCMTSF J021920.8-025838|JCMTSE J021920.8-025838|UCAC3 175-6614|UCAC4 436-002922|2MASS J02192081-0258393|[WCP90] 021649.076-031222.60|PLCKERC -857 G167.74-57.97|WEB  2282|ASAS J021921-0258.8|GEN# +1.00014386|* omi Cet A|WDS J02193-0259Aa|NAME Mira A|** JOY    1Aa|Gaia DR2 2493390319631662720|3XLSS J021920.8-025840|JCMTSE J021924.8-025714|JCMTSF J021924.8-025714"
"* omi Cet B",5541013,"* omi Cet B","WD*",34.836666666666666,-2.977777777777778,"DA","1972MNRAS.159...95W",,,,,,,"GALEX J021920.9-025840|* omi Cet B|WD 0216-032|2XMM J021920.8-025840|V* VZ Cet|2RXP J021921.1-025841|WDS J02193-0259Ab|** JOY    1Ab|CCDM J02194-0258P|NAME Mira B|ADS  1778 P"
"* psi Vel A",3003378,"* psi Vel A","PM*",142.67469066037916,-40.46683082992695,,,54.6059,0.4483,-178.488,93.5,,3.91,"GJ 351 A|Gaia DR3 5426587107145955712|CCDM J09307-4028A|CD-39  5580A|CPD-39  3651A|CSI-39  5580 22|IDS 09268-4002 A|WDS J09307-4028A|Renson 23440|* psi Vel A|** COP    1A|HD  82434A|TYC 7696-2620-1|Gaia DR2 5426587107145955712"
"* psi Vel B",3003379,"* psi Vel B","PM*",142.67515748460875,-40.466757672305,,,54.3053,0.3292,-203.949,44.266,,5.12,"GJ 351 B|Gaia DR3 5426587107149861120|* psi Vel B|CCDM J09307-4028B|CD-39  5580B|CPD-39  3651B|CSI-39  5580 23|IDS 09268-4002 B|WDS J09307-4028B|** COP    1B|HD  82434B|TYC 7696-2620-2|CSV   6723|NSV  4513|Gaia DR2 5426587107149861120|TIC 500178562"
"* tet Aur B",16488878,"* tet Aur B","PM*",89.92917675478792,37.21324926804778,,,17.1831,0.411,26.379,-76.551,,,"* tet Aur B|CCDM J05597+3713B|** STT  545B|WDS J05597+3713B|Gaia DR2 3456842228196516480|Gaia DR3 3456842228196516480"
"* tet CrB A",7863357,"* tet CrB A","*",233.2324295,31.359143102777782,,,,,-19.6,-6.2,,4.3,"TYC 2564-1629-1|** COU  610A|WDS J15329+3122A|CCDM J15329+3122A|HD 138749A|* tet CrB A"
"* tet CrB B",7863358,"* tet CrB B","*",233.2323567625,31.358977519444448,,,,,-19.6,-6.2,,6.29,"TYC 2564-1629-2|** COU  610B|WDS J15329+3122B|CCDM J15329+3122B|HD 138749B|* tet CrB B"
"WDS J01061-4643A",6222762,"* bet Phe A","*",16.521230312500002,-46.71849868611111,,,,,-26.9,6.1,,4.0,"WDS J01061-4643A|CCDM J01061-4643A|TYC 8032-1228-1|** SLR    1A|HD   6595A|CD-47   324A|* bet Phe A"
"WDS J01061-4643AB",3182272,"* bet Phe","**",16.520997989851963,-46.71841069311463,"G8III","1978MSS...C02....0H",0.12,14.62,-80.81,34.97,-1.1,3.3,"TIC 102034623|WISEA J010605.07-464306.3|HIP 5165|PLX  220|WDS J01061-4643AB|* bet Phe|CCDM J01061-4643AB|CD-47   324|CPC  0   500|CPD-47   129|CSI-47   129 41|CSV 100087|GC  1335|GCRV   634|GSC 08032-01228|HD   6595|HIC   5165|HR   322|IDS 01016-4715 AB|IRAS 01038-4659|JP11   458|N30  218|NSV   400|PPM 305559|SAO 215365|SKY#  1677|SV* ZI    53|TD1   630|UBV    1121|UBV M   7939|[CS62] E1  61|2MASS J01060508-4643062|PLX  220.00|1RXS J010605.9-464309|RX J010605.9-464309|** SLR    1|** HJ 3417AB|uvby98 100006595|WEB  1077|GEN# +1.00006595|UCAC4 217-001061|WISE J010605.14-464305.4"
"WDS J01061-4643B",6222778,"* bet Phe B","*",16.521032120833336,-46.71840400277778,,,,,-26.9,6.1,,4.09,"WDS J01061-4643B|CCDM J01061-4643B|TYC 8032-1228-2|** SLR    1B|* bet Phe B|HD   6595B|CD-47   324B"
"WDS J01061-4643C",3182273,"UCAC3 87-2405","PM*",16.54265040606,-46.70815389108999,,,5.2761,0.0591,75.039,36.381,33.95,11.5,"TIC 102034624|Gaia DR3 4933454802056605184|CCDM J01061-4643C|CSI-47   129 42|IDS 01016-4715 C|WDS J01061-4643C|2MASS J01061024-4642292|UCAC2  11680051|UCAC3 87-2405|** HJ 3417C|Gaia DR2 4933454802056605184"
"WDS J01315+1521A",1454376,"* eta Psc","**",22.870867450065003,15.345831842497502,"G7IIIa","1989ApJS...71..245K",8.7335,0.9207,28.584,-3.217,13.78,3.62,"TIC 268150836|GEN# +1.00009270|CCDM J01315+1521A|** BU  506A|ADS  1199 A|WDS J01315+1521A|IDS 01261+1450 A|Gaia DR3 2591891443195067264|HIP 7097|* eta Psc|PLX  314|*  99 Psc|AG+15  131|BD+14   231|CSV 100120|FK5   50|GC  1839|GCRV   861|GSC 01198-01597|HD   9270|HIC   7097|HR   437|IRC +20026|JP11   504|N30  309|NSV   532|PMC 90-93    35|PPM 117418|RAFGL  228|ROT   215|SAO  92484|SKY#  2292|SRS  30050|SV* ZI    79|TD1   873|TYC 1198-1597-1|UBV    1589|UBV M   8243|YZ  15   436|2MASS J01312901+1520452|PLX  314.00|NAME Alpherg|uvby98 100009270|WEB  1532|Gaia DR2 2591891443195389696"
"WDS J01425+2016A",1476565,"* 107 Psc","PM*",25.624010521366664,20.26851268269722,"K1V","1989ApJS...71..245K",130.8234,0.1532,-300.737,-673.539,-33.619,5.24,"TIC 113710966|GJ 68|GJ 68.0|HIP 7981|Gaia DR3 96331172942614528|AP J01422977+2016073|2MASS J01422977+2016073|PLX  356|LSPM J0142+2016|ASCC  743708|USNO-B1.0 1102-00020515|* 107 Psc|8pc 133.91|AG+20  151|CNS5 438|BD+19   279|BDS   882 A|CCDM J01425+2016A|CSI+19   279  1|Ci 20  120|GC  2080|GCRV   957|GEN# +1.00010476|HD  10476|HIC   7981|HR   493|IDS 01371+1947 A|JP11   527|LFT  153|LHS  1287|LTT 10596|NLTT  5685|NSV   600|PM 01398+2002|PPM  91014|ROT   243|SAO  74883|SKY#  2563|SPOCS   95|TD1   977|TYC 1211-1733-1|UBV    1738|UBV M   8372|YPAC  81|YZ  20   490|Zkh  31|uvby98 100010476|PLX  356.00|WDS J01425+2016A|AKARI-IRC-V1 J0142296+201602|IRAS 01397+2001|WISEA J014229.55+201559.7|WEB  1710|Gaia DR2 96331172942614528|*   2 Ari"
"WDS J01425+2016B",1476566,"UCAC2  38912719","*",25.62692211425,20.28327186832,,,1.2904,0.0449,7.494,-1.554,,11.7,"TIC 113710960|Gaia DR3 96331413460782592|BDS   882 B|CCDM J01425+2016B|CSI+19   279  2|IDS 01371+1947 B|WDS J01425+2016B|** HJ 2071B|UCAC2  38912719|UCAC3 221-7347|2MASS J01423045+2016596|Gaia DR2 96331413460782592"
"WDS J01425+2016C",1476567,"UCAC2  38912720","*",25.627089990650003,20.31142977282,,,2.64,0.021,-3.397,-0.671,7.52,11.79,"TIC 113710953|WISEA J014230.50+201841.1|Gaia DR3 96333715563251712|BDS   882 C|CCDM J01425+2016C|CSI+19   279  3|IDS 01371+1947 C|WDS J01425+2016C|** HJ 2071C|UCAC2  38912720|UCAC3 221-7348|UCAC4 552-003417|2MASS J01423050+2018410|WISE J014230.49+201841.2|Gaia DR2 96333715563251712"
"WDS J01546+2049AB",1485518,"* bet Ari","SB*",28.66004578884514,20.808031471916408,"kA4hA5mA5Va","2003AJ....126.2048G",55.6,0.58,98.74,-110.41,-3.1,2.65,"TIC 91356756|GJ 80|HIP 8903|2MASS J01543840+2048291|PLX  394|SBC9 98|* bet Ari|*   6 Ari|AG+20  171|CNS5 495|BD+20   306|CEL    180|CSV 100146|FK5   66|GC  2309|GCRV  1058|GEN# +1.00011636|HD  11636|HIC   8903|HR   553|IRAS 01518+2033|IRC +20031|JP11   551|N30  395|NSV   658|PMC 90-93    48|PPM  91184|ROT   269|SAO  75012|SBC7    67|SKY#  2798|SRS  30066|SV* ZI   101|TD1  1090|UBV    1907|UBV M   8501|YZ  20   543|uvby98 100011636|PLX  394.00|TYC 1212-1935-1|Renson 2970|NAME Sheratan|** MKT    3|WDS J01546+2049AB|CCDM J01546+2048AB|WEB  1872|Gaia DR2 97054342356001024|TIC 620249312"
"WDS J02130+0851AB",1426275,"* ksi01 Cet","SB*",33.25000132715,8.846702350650002,"G7IIIBa0.4Fe-1","1989ApJS...71..245K",10.4184,0.3462,-26.965,-1.154,-5.3549,4.35,"TIC 337091180|HIP 10324|Gaia DR3 2521951302394350336|AP J02125999+0850478|PLX  455|SBC9 1546|*  65 Cet|* ksi01 Cet|AG+08  249|BD+08   345|FK5 1058|GC  2656|GCRV  1215|GEN# +1.00013611|GSC 00631-01493|HD  13611|HIC  10324|HR   649|IRAS 02103+0836|IRC +10028|JP11   602|N30  453|NSV   749|PMC 90-93   696|PPM 145390|ROT   312|SAO 110408|SKY#  3257|TD1  1285|TYC  631-1493-1|UBV    2223|UBV M   8784|YZ   8   837|[AKS95]  239|[HFE83]  130|[L91b]  23|uvby98 100013611|PLX  455.00|WDS J02130+0851AB|** MCA    5|WD 0210+086|[AKS95]  230|2MASS J02125999+0850478|WD 0207+083|WEB  2156|Gaia DR2 2521951302394148992"
"WDS J02171+3413A",1580494,"* del Tri","SB*",34.26345974490126,34.22423205104722,"G0.5VFe-0.5","1989ApJS...71..245K",91.6504,0.4271,1151.935,-246.605,-6.57,,"TIC 63782132|GJ 92|HIP 10644|Gaia DR3 326173044957518080|PLX  464|*   8 Tri|SBC9 117|LSPM J0217+3413|ASCC  555597|2MASS J02170303+3413278|USNO-B1.0 1242-00030317|* del Tri|ADS  1739 A|AG+33  211|CNS5 583|BD+33   395|CCDM J02170+3414A|CSI+33   395  1|Ci 20  162|GC  2733|GCRV  1259|GEN# +1.00013974|HD  13974|HIC  10644|HR   660|IDS 02108+3346|LFT  198|LHS   154|LTT 10770|N30  462|NLTT  7508|PM 02140+3400|PPM  67162|ROT   319|SAO  55420|SBC7    82|SKY#  3369|TD1  1320|TYC 2318-1874-1|UBV    2290|UBV M   8833|uvby98 100013974|PLX  464.00|1RXS J021702.1+341327|WDS J02171+3413Aa,Ab|IRAS 02140+3359|AKARI-IRC-V1 J0217039+341325|WISE J021704.26+341323.7|IRAS F02140+3359|WDS J02171+3413A|** DOR   66A|** MKT    5|WISEA J021704.20+341324.5|WEB  2239|Gaia DR2 326173044957518080|NAME-IAU Deltoton"
"WDS J02171+3413B",1580493,"UCAC2  43737275","*",34.2193927456,34.24727737994,,,0.9233,0.0244,0.089,-2.594,,14.65,"TIC 63782118|Gaia DR3 326173358491530752|ADS  1739 B|CCDM J02170+3414B|CSI+33   395  2|WDS J02171+3413B|** DOR   66B|UCAC2  43737275|UCAC3 249-14929|UCAC4 622-006519|2MASS J02165264+3414501|Gaia DR2 326173358491530752"
"WDS J02193-0259Aa",1359450,"* omi Cet","Mi*",34.83663375759996,-2.9776376730729166,"M5/6IIIe","1999MSS...C05....0H",10.91,1.22,9.33,-237.36,63.5,6.53,"TIC 332890609|4XMM J021920.7-025841|HIP 10826|Gaia DR3 2493390319631956352|PLX  477|*  68 Cet|* omi Cet|AAVSO 0214-03|BD-03   353|CSI-03   353  1|DO   430|EIC    37|EM* MWC   35|GC  2796|GCRV  1301|GSC 04693-01144|HD  14386|HIC  10826|HR   681|IRAS 02168-0312|IRC +00030|JP11   625|LTT  1179|NAME Mira|NLTT  7657|PPM 184482|RAFGL  318|SAO 129825|SKY#  3428|TD1  1361|TYC 4693-1144-1|UBV   21604|V* omi Cet|YZ  93   562|[LFO93] 0216-03|[PCC93]  21|ASAS J021920-0258.6|PLX  477.00|JCMTSF J021920.8-025838|JCMTSE J021920.8-025838|UCAC3 175-6614|UCAC4 436-002922|2MASS J02192081-0258393|[WCP90] 021649.076-031222.60|PLCKERC -857 G167.74-57.97|WEB  2282|ASAS J021921-0258.8|GEN# +1.00014386|* omi Cet A|WDS J02193-0259Aa|NAME Mira A|** JOY    1Aa|Gaia DR2 2493390319631662720|3XLSS J021920.8-025840|JCMTSE J021924.8-025714|JCMTSF J021924.8-025714"
"WDS J02193-0259Ab",5541013,"* omi Cet B","WD*",34.836666666666666,-2.977777777777778,"DA","1972MNRAS.159...95W",,,,,,,"GALEX J021920.9-025840|* omi Cet B|WD 0216-032|2XMM J021920.8-025840|V* VZ Cet|2RXP J021921.1-025841|WDS J02193-0259Ab|** JOY    1Ab|CCDM J02194-0258P|NAME Mira B|ADS  1778 P"
"WDS J02396-1152AB",1309108,"* eps Cet","SB*",39.89082255350083,-11.872097675596667,"F5V","1988MSS...C04....0H",42.4864,0.7591,167.071,-251.104,15.49,4.87,"TIC 4746245|Gaia DR3 5171076479048181760|WISE J023933.91-115222.3|GJ 105.4|HIP 12390|PLX  537|SBC9 135|CNS5 670|* eps Cet|*  83 Cet|BD-12   501|CCDM J02396-1152AB|CSI-12   501  1|GC  3199|GCRV  1498|HD  16620|HIC  12390|HR   781|IDS 02347-1218 AB|LTT  1298|N30  535|NLTT  8615|PPM 211811|ROT   360|SAO 148528|SBC7    93|SKY#  3964|TD1  1569|UBV    2636|YZC 11   620|WDS J02396-1152AB|TYC 5288-1093-1|IRAS 02371-1205|UCAC3 157-6561|2MASS J02393381-1152192|USNO-B1.0 0781-00037770|** FIN  312|1RXS J023933.9-115210|uvby98 100016620|GJ 9091|GEN# +1.00016620|CSI-12   501  2|CSI-12   501  3|WEB  2539|Gaia DR2 5171076479048181760"
"WDS J02452-4344A",3014766,"LP  993-116","**",41.3096753,-43.7361323,"M5","1985ApJS...59..197B",,,46.9,-345.0,,12.65,"TIC 142305546|2MASS J02451431-4344102|LP  993-116|[BTR99] J024514.1-434401|1RXS J024513.8-434410|APMPM J0245-4344B|CCDM J02452-4344B|IDS 02414-4409 B|L  369-44|LTT  1341|RBS   353|[SII2000]  91|WDS J02452-4344A|WDS J02452-4344Aa,Ab|** BRG   15|UCAC3 93-5950|UCAC4 232-002542|WISEA J024514.36-434414.2|USNO-B1.0 0462-00022413|PM J02452-4344|** CPO   29A|Gaia DR2 4947513192089475584|NLTT  8912"
"WDS J02452-4344Aa",17967733,"LP  993-116 A","*",41.30986131525959,-43.73784032584306,,,,,,,,,"LP  993-116 A|WDS J02452-4344Aa|Gaia DR3 4947513192089472512"
"WDS J02452-4344Ab",17967734,"LP  993-116 B","*",41.30997755321,-43.73791311833972,,,,,,,,,"LP  993-116 B|WDS J02452-4344Ab|Gaia DR3 4947513192090580608"
"WDS J02452-4344B",3014905,"LP  993-115","PM*",41.29468954685125,-43.742232162954714,"M4","1985ApJS...59..197B",90.1772,0.025,32.032,-387.798,28.327,12.34,"TIC 142305549|Gaia DR3 4947513157730843136|APMPM J0245-4344A|CCDM J02452-4344A|IDS 02414-4409 A|LTT  1339|CNS5 690|[SII2000]  90|2MASS J02451070-4344319|WDS J02452-4344B|UCAC3 93-5947|UCAC4 232-002540|WISEA J024510.75-434436.0|LP  993-115|PM J02451-4344|Gaia DR2 4947513157730843136|NLTT  8911"
"WDS J03019-1633A",626705,"BD-17   588A","PM*",45.46414028376999,-16.59334199403472,"M3V","1995AJ....110.1838R",145.6922,0.0244,-369.972,-267.931,-6.1,10.529,"TIC 98796344|** RST 2292A|PM J03018-1635A|TOI-455|L  730-18|GJ 3193|Gaia DR3 5153091836072107136|CNS5 757|LP  771-96|NLTT  9672|[RHG95]   539|2MASS J03015142-1635356|WDS J03019-1633A|TYC 5865-694-1|CCDM J03019-1635A|BD-17   588A|UCAC4 368-003329|Gaia DR1 5153091831776839040|Gaia DR2 5153091836072107136|LTT  1445A"
"WDS J04287+1552A",708990,"* tet02 Tau","dS*",67.16559004644,15.870874649550002,"A7III",,21.8125,0.3735,106.148,-20.294,38.9,3.41,"TIC 245792896|** STFA   10A|HIP 20894|Gaia DR3 3312744219988782720|2MASS J04283971+1552151|PLX  989|Cl* Melotte   25      S      35|Cl* Melotte   25     VA     491|SBC9 248|*  78 Tau|* tet02 Tau|2E  1053|AG+15  370|BD+15   632|BDS  2212 A|CEL    407|GC  5436|GCRV  2609|GEN# +1.00028319|GEN# +5.20250072|GSC 01265-01172|HD  28319|HIC  20894|HR  1412|IRAS 04257+1545|JP11  4866|N30  933|PMC 90-93  5881|PPM 119937|ROT  3873|SAO  93957|SBC7   180|SKY#  6924|TD1  3206|TYC 1265-1172-1|UBV    4306|UBV M  10149|UBV M  41278|V* tet02 Tau|YPAC 349|YZ  15  1190|Cl Melotte   25    72|Cl Melotte   25   721|PLX  989.00|2E 0425.8+1546|EUVE J0428+15.8|[TSA98] J042839.13+155250.73|Renson 7240|UCAC4 530-008822|WDS J04287+1552A|uvby98 520250072|[RSP2011] 359|WEB  4012|Gaia DR2 3312744219987686144|NAME-IAU Chamukuy"
"WDS J04287+1552B",708680,"* tet01 Tau","SB*",67.14374134289625,15.962283658173055,"G9IIIFe-0.5","1989ApJS...71..245K",24.7693,0.4363,106.133,-58.129,42.193,3.84,"TIC 245792850|Gaia DR3 3312748824193704832|WDS J04287+1552B|** STFA   10B|HIP 20885|2MASS J04283447+1557437|2E  1052|PLX  988|Cl* Melotte   25      S      34|Cl* Melotte   25     VA     489|SBC9 2601|*  77 Tau|* tet01 Tau|1AXG J042834+1558|AG+15  369|BD+15   631|CCDM J04286+1554B|CEL    406|GC  5433|GCRV  2607|GEN# +5.20250071|GSC 01265-01170|HD  28307|HIC  20885|HR  1411|IDS 04228+1545 B|IRAS 04257+1551|IRC +20081|JP11  4864|N30  932|PPM 119933|ROT  3872|SAO  93955|SKY#  6920|TD1  3202|TYC 1265-1170-1|UBV M  10147|UBV M  41277|UBV    4304|YPAC 106|YZ  15  1189|[B10]  1045|[GS83] 109|uvby98 520250071|Cl Melotte   25    71|Cl* Melotte   25    MMU      71|PLX  988.00|1RXS J042834.7+155721|2E 0425.7+1551|2EUVE J0428+15.9|EUVE J0428+15.9|RX J042834.7+155721|PM2000 171052|UCAC4 530-008817|[RSP2011] 356|WEB  4010|Gaia DR2 3312748824191278208"
"WDS J04340-5503AB",3024532,"* alf Dor","a2*",68.49907161292998,-55.04497896378182,"B8IIIpSi","1969MNRAS.144....1B",19.34,0.31,57.75,10.93,25.6,3.28,"TIC 220393543|GEN# +1.00029305|HIP 21281|PLX 1018|* alf Dor|CCDM J04340-5503AB|CD-55   916|CPC 19  1390|CPD-55   663|CSI-55   663 41|FAUST  570|FK5  171|GC  5600|GCRV  2687|GSC 08512-02115|HD  29305|HIC  21281|HR  1465|IDS 04318-5515 AB|JP11   908|N30  961|NSV  1657|PPM 333592|ROT   658|SACS  98|SAO 233564|SKY#  7075|SV* BV   995|TD1  3373|TYC 8512-2115-1|UBV    4449|V* alf Dor|[BBW2000] FD  63|PLX 1018.00|WDS J04340-5503AB|** B 2092|Renson 7490|CSI-55   663 42|AKARI-IRC-V1 J0433598-550242|IRAS 04329-5508|CSI-55   663 43|2MASS J04335978-5502421|WEB  4091|uvby98 100029305|Gaia DR3 4775977077371116672"
"WDS J04589+6435AB",5569699,"WISE J045853.89+643452.5","BD*",74.7232465,64.58043933333333,"T8.5","2011ApJS..197...19K",106.7,2.8,210.4,289.6,,,"WISEA J045853.91+643452.6|WISE J045853.90+643451.9|CNS5 1242|WISEP J045853.90+643452.6|WDS J04589+6435AB|** GNO    1|WISEP J045853.89+643452.9|WISE J045853.89+643452.5|EQ J0458+6434"
"WDS J05174-3522AB",5128068,"CD-35  2213","LM*",79.34544806791,-35.36518320825999,"M4Ve","2005A&A...439.1127S",85.4519,0.2898,-219.383,-166.468,-8.06,11.69,"TIC 77957301|Gaia DR3 4822636399484228224|CNS5 1322|2MASS J05172292-3521545|EUVE J0517-35.3|1RXS J051723.3-352152|2RE J051724-352221|2RE J0517-352|L  449-1|RBS   636|RE J0517-352|RE J051722-352254|[FS2003] 0256|CD-35  2213|UCAC3 110-14364|UCAC4 274-006404|C*  315|CGCS  908|WISEA J051722.71-352156.4|WDS J05174-3522AB|** TSN    1|Gaia DR2 4822636399484228224|NLTT 14841|1eRASS J051722.5-352159"
"WDS J05319-7620A",3194312,"* gam Men","PM*",82.97021910681667,-76.34090168363221,"K2III","2006AJ....132..161G",30.5956,0.2189,135.924,266.877,56.24,5.2,"HIP 25918|Gaia DR3 4648162939452971008|2MASS J05315292-7620282|PLX 1302|* gam Men|CCDM J05319-7620A|CD-76   222|CPC 21.3   624|CPD-76   333|CSI-76   333 41|FK5  214|GC  6966|GCRV  3458|GEN# +1.00037763|GSC 09378-01692|HD  37763|HIC  25918|HR  1953|IDS 05358-7625 A|JP11  1223|LTT  2326|N30 1205|NLTT 15359|PPM 368822|SAO 256201|SKY#  8874|TYC 9378-1692-1|UBV    5789|UBV M  11372|uvby98 100037763|PLX 1302.00|WDS J05319-7620A|IRAS 05338-7622|AKARI-IRC-V1 J0531534-762025|** HJ 3795A|WEB  5038|Gaia DR2 4648162939452971008|TIC 141280255"
"WDS J05319-7620B",11682239,"TYC 9378-1695-1","PM*",83.0049947707,-76.35186282473,,,4.7311,0.0097,30.449,-46.307,89.377296,11.99,"TIC 407663573|AP J05320118-7621065|Gaia DR3 4648162488481592064|TYC 9378-1695-1|CCDM J05319-7620B|CSI-76   333 42|IDS 05358-7625 B|WDS J05319-7620B|UCAC4 069-004175|2MASS J05320118-7621065|Gaia DR2 4648162488481592064"
"WDS J05335-4257AB",819092,"1RXS J053328.4-425713","LM*",83.36682280596,-42.95570770536,"M4.0Ve","2018AJ....156...49R",95.932,0.2456,-19.263,39.296,-4.85,,"TIC 302962949|Gaia DR3 4805600119646735616|CNS5 1381|RBS   661|[FS2003] 0283|2MASS J05332802-4257205|1RXS J053328.4-425713|RAVE J053328.0-425721|** SYU    7|WDS J05335-4257AB|SCR J0533-4257|Gaia DR2 4805600119646735616"
"WDS J05353-0523A",800621,"* tet01 Ori A","Ae*",83.81593917292,-5.3873151943,"B0V","1977ApJS...34..115W",2.6427,0.0718,1.355,0.25,28.3,6.73,"TIC 427394748|HIP 26220|Gaia DR3 3017364132050194688|RFC J0535-0523|[OGB2021] 90|MAX  85|PLX 1276|SBC9 340|* tet01 Ori A|*  41 Ori A|ADS  4186 A|BD-05  1315A|CCDM J05353-0524BH|COUP   745|CSI-05  1315  8|GCRV  3410|GEN# +9.00010587|GMR 12|HD  37020|HGAM    436|HIC  26220|HR  1893|JP11  5669|JP11  5668|MLLA  440|Parenago  1865|ROT   875|SKY#  9019|TCC  45|UBV    5511|UBV M  51674|V* V1016 Ori|WH 279|[FBG2002]  498|[FDM2003] X 326|[FDM2003] Opt 347|[GCS95] 177|[HAB84] 73|[HC2000] 336|[LKP2003] 10|[LML2004] 230|[LRY2000] 121|[OW94] 158-314|[OW94] 158-314S|[S58]  93|[S78b]  75A|[SCB99]  94|[SCH2001]   1|[ZRK2004] 41|[ZRK2004] 158-314|ALS 14651|COUP J053515.8-052314|CXOONC J053515.8-052314|[H97b] 1865|2MASS J05351582-0523143|USNO-B1.0 0846-00061568|WDS J05353-0523A|WDS J05353-0523Aa,Ab|Brun 587|[RRS2008] 158-314|** STF  748A|ISOY J053515.80-052315.2|PMSC 05304-0527Aab|PMSC 05304-0527A|TYC 4774-953-1|UCAC4 424-010226|** PTR    1A|GBS-VLA J053515.83-052314.1|GEN# +2.19760587|uvby98 900010587|WEB  5123|VISION J05351582-0523143|[FRM2016] 254|Gaia DR2 3017364132050194688|[SEM2016] 418"
"WDS J05353-0523Aa",810038,"NAME tet01 Ori A1","*",83.8159175,-5.387302527777777,,,,,,,,,"NAME tet01 Ori A1|WDS J05353-0523Aa|** PTR    1Aa|[CPM2012] J053515.820-052314.289"
"WDS J05353-0523Ab",3732802,"NAME tet01 Ori A2","*",83.81592375,-5.387249166666666,,,,,,,,,"NAME tet01 Ori A2|WDS J05353-0523Ab|** PTR    1Ab|[CPM2012] J053515.821-052314.097"
"WDS J05353-0523B",810053,"* tet01 Ori B","EB*",83.81722494169,-5.38521790118,"B1V","1998AJ....115..821M",2.6548,0.0424,1.28,1.278,26.0,7.96,"Gaia DR2 3017364132049943680|TIC 427394728|SBC9 341|Gaia DR3 3017364132049943680|HIP 26220B|*  41 Ori B|* tet01 Ori B|ADS  4186 B|CSI-05  1315  2|GCRV  3411|GEN# +9.00010595|GMR 15|HD  37021|HGAM    437|HR  1894|Parenago  1863|ROT   876|SBC7   240|SKY#  9020|TCC  56|UBV   21614|UBV M  51675|V* BM Ori|WH 278|[HAB84] 84|[HHM94]  5|[S58]  99|[S78b]  75B|[SCH2001]   2|[ZRK2004] 161-307|ALS 14652|EUVE J0535-05.3|2MASS J05351611-0523068|USNO-B1.0 0846-00061569|WDS J05353-0523B|Brun 595|** STF  748B|TYC 4774-954-1|UCAC4 424-010232|CXOONC J053516.0-052307|TCC  60|[CHS2001]  8783|[FBG2002]  519|[FDM2003] X 340|[SCB99] 117|MAX 101|[LRY2000] 141|[HC2000] 354|[H97b] 1863a|COUP   778|MLLA  460A|[LML2004] 254|[GFB2000] ONC 384|COUP J053516.1-052306|[OW94] 161-307|GBS-VLA J053516.07-052307.0|GEN# +2.19760595|uvby98 900010595|WEB  5124|[SEM2016] 445"
"WDS J05353-0523Ba",806245,"** SMN    5Ba","*",83.81720791666666,-5.385199708333333,,,,,,,,,"NAME tet01 Ori B1|[OW94] 158-314N|WDS J05353-0523Ba|** SMN    5Ba|** PTR    1Ba|[CPM2012] J053516.129-052306.718"
"WDS J05353-0523Bb",3711420,"NAME tet01 Ori B2","*",83.81695416666665,-5.385266666666666,,,,,,,,,"NAME tet01 Ori B2|WDS J05353-0523Bb|** SMN    5Bb|** PTR    1Bb|[CPM2012] J053516.069-052306.964"
"WDS J05353-0523C",810775,"* tet01 Ori C","SB*",83.8186095697,-5.3897005033,"O7Vp","2011ApJS..193...24S",2.5014,0.1352,2.262,0.994,24.5,5.13,"TIC 427394772|HIP 26221|Gaia DR3 3017364063330718080|MAX 111|* tet01 Ori C|*  41 Ori C|ADS  4186 C|BD-05  1315C|CCDM J05353-0524AIJ|CEL    832|CGO  97|COUP   809|CSI-05  1315  1|CSV 100581|GC  6931|GCRV  3412|GEN# +9.00010598|GSC 04774-00931|HD  37022|HGAM    438|HIC  26221|HR  1895|JP11  5672|JP11  5671|MCW  337|MLLA  401A|N30 1199|NSV  2294|PPM 188218|Parenago  1891|ROS -ORI  85|ROT   877|SAO 132314|SKY#  9021|SV* ZI   429|TCC  68|TYC 4774-931-1|UBV M  51676|UBV    5512|WH 280|[FBG2002]  542|[FDM2003] X 358|[GC94b] 109|[GCS95] 184|[HC2000] 309|[HHM94] 13|[LKP2003]  5|[LML2004] 276|[LRY2000] 158|[S58] 101|[S78b]  75C|[SCB99] 135|[SCH2001]   3|uvby98 900010598|[OW94] 165-323|ALS 14788|1E 053249-0525.2|1RXS J053516.6-052320|COUP J053516.4-052322|CXOONC J053516.4-052322|RX J053516.4-052320|[H97b] 1891|2MASS J05351646-0523230|USNO-B1.0 0846-00061570|WDS J05353-0523C|Brun 598|** STF  748C|PMSC 05304-0527C|UCAC4 424-010234|3XMM J053516.3-052320|Gaia DR2 3017364063330718080|[CPM2012] J053516.460-052322.883|GBS-VLA J053516.47-052322.6|GOS G209.01-19.38 01|GEN# +2.19760598|WEB  5125|[FRM2016] 305|[SEM2016] 476"
"WDS J05595+4457B",835409,"TYC 2924-178-1","*",89.93102443832,44.98617508929001,,,2.2873,0.0258,-0.23,-16.451,,10.79,"TIC 440388317|HIDDEN NAME bet Aur B|Gaia DR3 196657314011689472|ADS  4556 B|CCDM J05596+4457B|CSI+44  1328  2|IDS 05522+4456 B|WDS J05595+4457B|** H   88B|TYC 2924-178-1|2MASS J05594344+4459102|Gaia DR2 196657314011689472"
"WDS J05597+3713A",836292,"* tet Aur","a2*",89.93029217610834,37.21258462923103,"A0VpSi","1995ApJS...99..135A",19.7,0.16,43.63,-73.79,29.3,2.62,"TIC 174671483|ADS  4566 A|GEN# +1.00040312|WDS J05597+3713A|uvby98 100040312|CCDM J05597+3713A|** STT  545A|HIP 28380|PLX 1377|* tet Aur|*  37 Aur|AG+37  668|BD+37  1380|CSI+37  1380  1|CSI+37  1380  4|CSV 100704|GC  7557|GCRV  3735|HD  40312|HGAM    490|HIC  28380|HR  2095|IDS 05529+3712 A|IRC +40150|JP11  1295|PPM  71083|ROT   954|SAO  58636|SKY#  9958|SV* ZI   496|TD1  5708|UBV    6064|UBV M  11661|V* tet Aur|PLX 1377.00|TYC 2418-1573-1|Renson 10750|BD+37  1380A|1RXS J055943.0+371251|2MASS J05594324+3712452|CCDM J05597+3713AB|IRAS 05563+3712|AKARI-IRC-V1 J0559432+371245|NAME Mahasim|GCRV  3736|WEB  5547|WEB  5548"
"WDS J05597+3713B",16488878,"* tet Aur B","PM*",89.92917675478792,37.21324926804778,,,17.1831,0.411,26.379,-76.551,,,"* tet Aur B|CCDM J05597+3713B|** STT  545B|WDS J05597+3713B|Gaia DR2 3456842228196516480|Gaia DR3 3456842228196516480"
"WDS J05597+3713C",836091,"UCAC2  44812626","*",89.91387371402,37.22006119505,,,1.0673,0.0325,1.193,-2.916,,,"TIC 174671473|Gaia DR3 3456842430059366272|ADS  4566 C|CCDM J05597+3713C|CSI+37  1380  2|IDS 05529+3712 C|2MASS J05593931+3713121|WDS J05597+3713C|** STT  545C|UCAC2  44812626|UCAC3 255-67350|UCAC4 637-030814|Gaia DR2 3456842430059366272"
"WDS J07006+3157AB",935917,"2MASS J07003664+3157266","BD*",105.15301387520208,31.957073018601385,"L3+L6.5","2012ApJS..201...19D",89.0182,0.3676,86.704,-549.714,-42.42,,"TIC 165098841|Gaia DR3 890663968222557440|2MASSI J0700366+315726|2MUCD 10617|2MASS J07003664+3157266|CNS5 1741|WDS J07006+3157AB|** RED   16|WISEA J070036.77+315719.7|Gaia DR2 890663968222557440"
"WDS J07200-0847AB",8537533,"NAME Scholz's star","LM*",110.013557,-8.780528999999998,"M9.5+T5","2015AJ....149..104B",148.8,1.08,-52.7,-95.8,83.1,,"** BUG   17|WDS J07200-0847AB|TIC 318801864|Gaia DR3 3048443305671969152|CNS5 1819|WISE J072003.20-084651.2|DENIS J072003.2-084650|2MASS J07200325-0846499|USNO-B1.0 0812-00137383|WISEA J072003.20-084651.3|Gaia DR2 3048443305671969152|NAME Scholz's star"
"WDS J07307+4813A",439977,"G 107-69","PM*",112.67824344924001,48.19960802506694,"M4V","1991ApJS...77..417K",88.7231,0.0298,-201.282,-1272.162,-56.486,,"TIC 328328639|GJ 275.2 A|Gaia DR3 975968718869126144|WISE J073042.55+481145.7|CNS5 1860|LSPM J0730+4811|NLTT 17949|2MASS J07304280+4811599|CSI+48-07270|G 111-7|G 193-50|G 107-69|GEN# +9.80107069|LHS   229|PM 07270+4819|UBV    6455|UBV M  53744|USNO 424|USNO 823|Zkh 104|[RHG95]  1178|USNO-B1.0 1381-00227156|WDS J07307+4813A|** GIC   75A|PMSC 07234+4824Aab|PMSC 07234+4824A|Gaia DR2 975968718869126144|WISEA J073042.55+481145.2|PM J07307+4811|Karmn J07307+481"
"WDS J07307+4813B",439978,"G 107-70","**",112.697123,48.174059,"DA+DA","2015ApJS..219...19L",83.484,,-224.0,-1262.0,-0.9,,"TIC 328328649|GJ 275.2 B|LSPM J0730+4810|NLTT 17953|2MASS J07304735+4810275|USNO-B1.0 1381-00227164|CSI+48-07271|EGGR  52|G 111-8|G 193-51|G 107-70|GEN# +9.80107070|LHS   230|PM 07271+4818|UBV    7227|USNO 425|USNO 824|WD 0727+48|WD 0727+482|Zkh 105|uvby98 980107070|WDS J07307+4813Ba,Bb|WDS J07307+4813B|** GIC   75B|PMSC 07234+4824BC|WISEA J073047.07+481013.1|** WNO   49|PM J07307+4810"
"WDS J07467+2001AB",1005244,"LSPM J0746+2000","BD*",116.67734195833333,20.008939972222223,"L0+L1.5","2017ApJS..231...15D",80.9,0.8,-370.0,-42.0,53.863899,,"TIC 62854893|AP J07464256+2000321|Gaia DR3 672055699133504768|LSPM J0746+2000|2MUCD 10668|2MASS J07464256+2000321|2MASSI J0746425+200032|2MASSW J0746425+200032|CNS5 1916|GSC2 N22110125398|USNO-B1.0 1100-00150847|[B2006] J074642.5+200032|WDS J07467+2001AB|** RED    9|SDSS J074642.42+200031.8|WISEP J074642.23+200031.5|NAME 2M 0746+20 b|WISE J074642.23+200031.5|Gaia DR2 672055699133504768"
"WDS J07490-2455AB",1013019,"* 188 Pup","**",117.25697385570999,-24.912247143849996,"G1.5IIIFe-0.5","1989ApJS...71..245K",16.189,0.6553,-28.489,23.378,5.78,5.313,"TIC 127574614|HIP 38146|Gaia DR3 5614465022683280384|PLX 1849|CD-24  6022|CPD-24  2928|GC 10556|GCRV  5207|GEN# +1.00063660|GSC 06557-04523|HD  63660|HIC  38146|HR  3043|IRAS 07469-2447|PPM 253250|SAO 174592|SKY# 14518|TD1 11125|TYC 6557-4523-1|UBV    7547|UBV M  13681|YZ 114  5536|uvby98 100063660|2MASS J07490167-2454438|PLX 1849.00|** TOK  194|WDS J07490-2455AB|* 188 Pup|WEB  7518|Gaia DR2 5614465022683280384"
"WDS J08405+1933A",1109964,"* eps Cnc","SB*",130.11254206308,19.544812309289995,"A5m",,5.3836,0.0474,-36.293,-12.133,29.9,6.29,"TIC 175261992|HIP 42556|Gaia DR3 661291136701346304|GC 11904|SBC9 1924|Cl* NGC 2632      S     125|Cl* NGC 2632     KW     300|Cl* NGC 2632     VL    1031|Cl* NGC 2632    RUS     209|Cl* NGC 2632   HERT     164|Cl* NGC 2632   WJJP     137|* eps Cnc|*  41 Cnc|AG+19  880|BD+20  2171|BDS  4711 A|CCDM J08404+1932A|GCRV  5713|GEN# +1.00073731|GEN# +2.26320300|GSC 01395-02733|HD  73731|HIC  42556|HR  3429|IDS 08348+1954 A|JP11  4137|PPM 125577|ROT  3642|SAO  98024|SKY# 16617|TYC 1395-2733-1|UBV M  33550|UBV    8297|YZ  19  3495|YZ   0  1099|uvby98 226320300|2MASS J08402702+1932415|WDS J08405+1933A|Renson 20550|Gaia DR1 661291132403077760|WEB  8210|Gaia DR2 661291136701346304|NAME-IAU Meleph"
"WDS J08405+1933B",1110996,"HD  73711","*",130.07540412738,19.531989898039996,"F0III",,5.4103,0.0308,-36.251,-12.118,33.13,7.51,"TIC 175261984|Gaia DR3 661290758744228224|Cl* NGC 2632      S     112|Cl* NGC 2632     KW     276|Cl* NGC 2632     VL     997|Cl* NGC 2632    RUS     194|Cl* NGC 2632   HERT     145|Cl* NGC 2632   WJJP     123|AG+19  875|BD+20  2163|BDS  4711 B|CCDM J08404+1932B|GC 11893|GCRV  5707|GEN# +2.26320276|GSC 01395-01677|HD  73711|HGAM    583|IDS 08348+1954 B|JP11  4122|PPM 125570|ROT  3635|SAO  98018|SKY# 16604|TYC 1395-1677-1|UBV    8289|UBV M  33541|YZ   0  1098|YZ  19  3488|[GS83]  25|uvby98 226320276|2MASS J08401810+1931552|WDS J08405+1933B|** S  574B|Renson 20520|Gaia DR1 661290754445957248|WEB  8201|Gaia DR2 661290758744228224|EPIC 211953905"
"WDS J08589+0829A",19495063,"G  41-14A","PM*",134.73635697880252,8.472451192155003,,,,,,,,,"G  41-14A|** DEL    2A|WDS J08589+0829A|Gaia DR3 585250252550906624|GJ 3522 A"
"WDS J08589+0829AB",1136192,"G  41-14","SB*",134.73467,8.4739078,"M3.5V","1994AJ....108.1437H",146.97,1.51,382.3,-326.5,-5.91496,10.98,"TIC 283784587|AP J08585633+0828259|StKM 2-528|GJ 3522|LSPM J0858+0828|NLTT 20670|2MASS J08585633+0828259|USNO-B1.0 0984-00186842|2RE J0858+082|2RE J085855+082754|G  41-14|G  46-14|CNS5 2217|GEN# +9.80041014|IRAS 08562+0840|LHS  6158|LTT 12352|RBS   732|RE J0858+082|RE J085854+082822|UBV M  53553|[FS2003] 0491|[GKL99] 194|[RHG95]  1405|1RXS J085855.4+082825|EUVE J0858+08.4|RX J0858.9+0828|[ZEH2003] RX J0858.9+0828  1|PMSC 08535+0852|** DEL    2|WDS J08589+0829AB|WISEA J085856.58+082822.9|UCAC4 493-053349|PM J08589+0828"
"WDS J08589+0829B",19495064,"G  41-14B","PM*",134.73648124042003,8.47246910311889,,,,,,,,,"G  41-14B|** DEL    2B|WDS J08589+0829B|Gaia DR3 585250248258396416|GJ 3522 B"
"WDS J09024-6624AB",3147905,"* alf Vol","**",135.61165018301915,-66.39607456495057,"kA3hA5mA5V","2006AJ....132..161G",25.9718,0.1978,-1.925,-95.455,7.66,3.99,"TIC 302790649|Gaia DR3 5248192926092026496|GJ 333.3|GJ 9284|HIP 44382|PLX 2172|* alf Vol|CPC 21  1768|CPD-65  1065|FK5  343|GC 12532|GCRV  5947|GEN# +1.00078045|GSC 08939-02729|HD  78045|HIC  44382|HR  3615|IRAS 09016-6611|JP11  1759|N30 2144|PPM 357086|ROT  1431|SAO 250422|SKY# 17446|TD1 13521|TYC 8939-2729-1|UBV    8755|UBV M  15078|uvby98 100078045|2MASS J09022678-6623460|PLX 2172.00|Renson 22080|** TOK  197|WDS J09024-6624AB|WEB  8508|Gaia DR2 5248192926090003968"
"WDS J09036+4709AB",539658,"* kap UMa","**",135.90636507404153,47.15652472719766,"A1Vn","2007A&A...463..671R",9.1,0.5,-36.19,-55.4,2.3,3.55,"TIC 99234902|GEN# +1.00077327|IDS 08568+4733 AB|HIP 44471|PLX 2162|* kap UMa|*  12 UMa|ADS  7158 AB|AG+47  796|BD+47  1633|CCDM J09036+4709AB|CSI+47  1633  1|FK5  341|GC 12503|GCRV  5940|HD  77327|HGAM    588|HIC  44471|HR  3594|JP11  1749|N30 2136|PMC 90-93   248|PPM  50987|ROT  1421|SAO  42661|SKY# 17479|TD1 13436|UBV    8719|[HFE83]  632|2MASS J09033754+4709236|PLX 2162.00|WDS J09036+4709AB|TYC 3424-1626-1|** A 1585|uvby98 100077327|IRAS 09002+4721|AKARI-IRC-V1 J0903375+470923|CSI+47  1633  2|CSI+47  1633  3|WEB  8522|NAME-IAU Alkaphrah"
"WDS J09307-4028A",3003378,"* psi Vel A","PM*",142.67469066037916,-40.46683082992695,,,54.6059,0.4483,-178.488,93.5,,3.91,"GJ 351 A|Gaia DR3 5426587107145955712|CCDM J09307-4028A|CD-39  5580A|CPD-39  3651A|CSI-39  5580 22|IDS 09268-4002 A|WDS J09307-4028A|Renson 23440|* psi Vel A|** COP    1A|HD  82434A|TYC 7696-2620-1|Gaia DR2 5426587107145955712"
"WDS J09307-4028AB",3003377,"* psi Vel","**",142.67499823420744,-40.46673934507773,"F3VFe-0.7","2006AJ....132..161G",53.15,0.37,-147.98,61.35,8.8,3.6,"TIC 5295337|HIP 46651|PLX 2268|* psi Vel|CCDM J09307-4028AB|CD-39  5580|CPC  0  7460|CPD-39  3651|CSI-39  5580 21|GC 13140|GCRV  6162|GSC 07696-02620|HD  82434|HIC  46651|HR  3786|IDS 09268-4002 AB|JP11  1826|LTT  3497|CNS5 2354|PPM 314390|ROT  1482|SAO 221234|SKY# 18385|TD1 14019|UBV    9092|UBV M  15489|WDS J09307-4028AB|** COP    1|1RXS J093041.9-402757|2MASS J09304200-4028004|uvby98 100082434|WEB  8804|NLTT 21964|GEN# +1.00082434"
"WDS J09307-4028B",3003379,"* psi Vel B","PM*",142.67515748460875,-40.466757672305,,,54.3053,0.3292,-203.949,44.266,,5.12,"GJ 351 B|Gaia DR3 5426587107149861120|* psi Vel B|CCDM J09307-4028B|CD-39  5580B|CPD-39  3651B|CSI-39  5580 23|IDS 09268-4002 B|WDS J09307-4028B|** COP    1B|HD  82434B|TYC 7696-2620-2|CSV   6723|NSV  4513|Gaia DR2 5426587107149861120|TIC 500178562"
"WDS J09521+5404AB",537435,"* phi UMa","**",148.02647655093364,54.064332289441886,"A3IV",,6.41,0.59,-6.0,19.16,-14.7,4.557,"TIC 331940649|GEN# +1.00085235|IDS 09453+5432 AB|HIP 48402|* phi UMa|PLX 2329|*  30 UMa|ADS  7545 AB|AG+54  740|BD+54  1331|CCDM J09521+5404AB|CSI+54  1331  1|GC 13559|GCRV  6312|GSC 03814-01752|HD  85235|HGAM    594|HIC  48402|HR  3894|JP11  1874|PPM  32355|ROT  1513|SAO  27408|SKY# 19054|TD1 14327|TYC 3814-1752-1|UBV    9261|UBV M  15740|YZ  54  3494|2MASS J09520639+5403517|PLX 2329.00|WDS J09521+5404AB|** STT  208|uvby98 100085235|CSI+54  1331  2|CSI+54  1331  3|IRAS 09486+5418|AKARI-IRC-V1 J0952063+540351|WEB  9026"
"WDS J10106-1221A",1701229,"* lam Hya","SB*",152.6470357548103,-12.3541274788236,"K0IIIbCN0.5","1989ApJS...71..245K",30.0232,0.6973,-217.433,-74.373,19.4,3.61,"TIC 101134898|HIP 49841|Gaia DR3 3765867289804696960|PLX 2393|SBC9 602|* lam Hya|*  41 Hya|ADS  7671 A|BD-11  2820|CCDM J10106-1222A|CSI-11  2820  1|FK5  381|GC 13982|GCRV  6434|GEN# +1.00088284|HD  88284|HIC  49841|HR  3994|IDS 10057-1152 A|IRC -10233|JP11  1909|LTT  3721|N30 2424|NLTT 23604|PMC 90-93   275|PPM 222562|ROT  1540|SACS 225|SAO 155785|SBC7   395|SKY# 19583|TD1 14619|UBV    9474|UBV M  15991|YZC 11  3883|[HFE83]  711|2MASS J10103529-1221145|PLX 2393.00|WDS J10106-1221A|TYC 5485-1310-1|WEB  9179|Gaia DR2 3765867289804452608"
"WDS J10106-1221B",1701230,"UCAC2  27479502","*",152.66618724267,-12.358726148410001,,,0.7856,0.015,-12.587,-8.407,,13.77,"Gaia DR3 3765867324164189952|ADS  7671 B|CCDM J10106-1222B|CSI-11  2820  2|IDS 10057-1152 B|WDS J10106-1221B|** BU  593B|UCAC2  27479502|UCAC4 389-051819|Gaia DR2 3765867324164189952"
"WDS J10106-1221C",1701231,"UCAC2  27479501","*",152.6585420784673,-12.3824717448772,,,,,-7.0,-6.1,0.52,11.81,"TIC 101134891|ADS  7671 C|CCDM J10106-1222C|CSI-11  2820  3|IDS 10057-1152 C|WDS J10106-1221C|** BU  593C|UCAC2  27479501|UCAC4 389-051817|2MASS J10103807-1222567|Gaia DR2 3765866976272469504"
"WDS J10454+3831A",19276418,"BD+39  2376A","PM*",161.33952774655,38.511769024600554,,,72.1203,0.0926,-38.183,150.414,,,"GJ 400 A|CNS5 2636|Gaia DR3 776067089642433664|BD+39  2376A|** HO  532A|WDS J10454+3831A"
"WDS J10454+3831AB",1743251,"BD+39  2376","**",161.3395282827953,38.5117510519221,"K7/M0V","1986AJ.....92..139S",72.9871,0.2603,-34.68,148.08,-2.96,9.266,"TIC 17329110|MCC 33|StKM 2-661|GJ 400|HIP 52600|PLX 2509.1|1RXS J104521.3+383043|LSPM J1045+3830|ASCC  491679|UCAC2  45341735|2MASS J10452148+3830422|USNO-B1.0 1285-00202406|ADS  7915 AB|AG+38 1080|BD+39  2376|CCDM J10454+3831AB|CSI+39  2376  1|GCRV 61569|GSC 03009-02043|HIC  52600|IDS 10396+3902 AB|PPM  75444|SAO  62230|TYC 3009-2043-1|[HFE83]  746|WDS J10454+3831AB|CSI+39  2376  2|VVO  42|[RHG95]  1671|CSI+39  2376  3|[RHG95]  1672|UCAC4 643-048318|PM J10453+3830|WEB  9584|Gaia DR2 776067089642433664|GEN# +0.03902376|** HO  532|WISE J104521.45+383043.9"
"WDS J10454+3831B",19276417,"BD+39  2376B","*",161.33911752806168,38.51232247344667,,,,,,,,,"Gaia DR3 776067093937332992|BD+39  2376B|** HO  532B|WDS J10454+3831B"
"WDS J10468-4925A",3170169,"* mu. Vel","PM*",161.69239624144333,-49.420259938983605,"G6III","2006AJ....132..161G",29.0506,0.2991,68.537,-48.819,6.2,2.69,"TIC 272884654|HIP 52727|CD-48  5913A|CPD-48  3516A|CSI-48  5913 22|IDS 10425-4854 A|WDS J10468-4925A|* mu. Vel A|HD  93497A|** R  155A|CCDM J10468-4925A|TYC 8206-3033-1|Gaia DR3 5361403934691772160|* mu. Vel|2E  2326|2RE J1046-492|2RE J104645-492507|CD-48  5913|CPC  0  8910|CPD-48  3516|CSI-48  5913 21|GC 14842|GCRV  6705|GSC 08206-03033|HD  93497|HIC  52727|HR  4216|IRAS 10446-4909|JP11  1997|N30 2552|PPM 315716|RE J104646-492505|RE J1046-492|RE J104648-492459|SAO 222321|SKY# 20647|TD1 15134|UBV    9912|UBV M  16507|2MASS J10464619-4925128|1ES 1044-49.1|1RXS J104645.7-492518|2E 1044.6-4909|2EUVE J1046-49.4|EUVE J1046-49.4|** R  155|** RU  155|WEB  9599|Gaia DR2 5361403934681413248|GEN# +1.00093497"
"WDS J10468-4925B",3170016,"* mu. Vel B","PM*",161.69310456666665,-49.41989513611111,,,,,74.2,-54.9,,5.58,"Gaia DR3 5361403934681415808|CD-48  5913B|CPD-48  3516B|CSI-48  5913 23|IDS 10425-4854 B|WDS J10468-4925B|** R  155B|TYC 8206-3033-2|* mu. Vel B|HD  93497B|CCDM J10468-4925B"
"WDS J11538+5342A",550487,"* gam UMa","Em*",178.45769715249997,53.69475972916666,"A0V","2024A&A...690A.176N",39.21,0.4,107.68,11.01,-11.9,2.44,"TIC 11895653|Gaia DR3 792588939773693568|HIP 58001|CNS5 2918|PLX 2749|* gam UMa|*  64 UMa|AC2000 1609350|AG+53  826|BD+54  1475|CEL   4005|CSV 101229|EM* MWC  583|FK5  447|GC 16268|GCRV  7177|GEN# +1.00103287|GSC 03833-01034|HD 103287|HGAM    607|HIC  58001|HR  4554|IRAS 11512+5358|IRC +50215|JP11  2124|N30 2769|NAME Phecda|NSV  5379|PMC 90-93   321|PPM  33292|RAFGL 4831S|ROT  1756|SAO  28179|SKY# 22423|SV* ZI   904|TD1 15932|TYC 3833-1034-1|UBV   10684|UBV M  17477|[HFE83]  832|uvby98 100103287|2MASS J11534983+5341408|PLX 2749.00|[ZEH2003] RX J1153.8+5341  1|RX J1153.8+5341|1RXS J115352.3+534153|** SHY  227A|WDS J11538+5342A|WEB 10387"
"WDS J12236+6711A",18553608,"G 237-64A","PM*",185.88834463880121,67.18847004895945,,,75.6159,0.44,235.487,-129.316,,,"G 237-64A|** HDS 1745A|WDS J12236+6711A|Gaia DR3 1680921595450031232|CNS5 3043"
"WDS J12236+6711AB",462191,"G 237-64","**",185.8882683711579,67.18831012072006,"M2.5V","2013AJ....145..102L",77.54,3.23,235.19,-122.94,14.6,,"TIC 148910748|GALEX J122333.5+671116|GJ 3722|HIP 60444|LSPM J1223+6711|TYC 4161-175-3|ASCC   82699|USNO-B1.0 1571-00158403|G 237-64|HIC  60444|LP   64-194|LTT 17123|NLTT 30599|[RHG95]  1942|2MASS J12233316+6711184|WDS J12236+6711AB|** HDS 1745|WISEA J122333.64+671117.2|UCAC4 786-022449|PM J12235+6711"
"WDS J12236+6711B",18553609,"G 237-64B","PM*",185.89127231165497,67.18801273435417,,,,,,,,,"G 237-64B|** HDS 1745B|WDS J12236+6711B|Gaia DR3 1680921595449613696"
"WDS J12417-0127A",1965990,"* gam Vir","PM*",190.41511762006294,-1.4494039524575002,"F1-F2V","2016MNRAS.458.2307K",83.1935,0.5074,-605.176,85.701,-19.8,2.74,"TIC 51735845|BD-00  2601|CSI-00  2601  5|HD 110379J|UBV   11380|*  29 Vir|NAME Porrima|GSC 04949-01120|IRAS 12390-0110|IRC +00223|JP11  2269|RAFGL 1571|TD1 16433|1ES 1239-01.1|1RXS J124139.7-012706|RX J1241.6-0127|2RE J1241-012|2RE J124140-012632|2MASS J12413962-0126580|* gam Vir|uvby98 100110379|GEN# +1.00110379|GJ 482.0|GJ 482 A|HIP 61941|Gaia DR3 3683687763520080384|PLX 2924|WDS J12417-0127A|* gam Vir A|*  29 Vir A|ADS  8630 A|AG-01 1685|BD-00  2601A|CSI-00  2601  1|CSV 101317|Ci 20  732|GC 17270|GCRV  7623|CNS5 3135|HD 110379|HR  4825|LFT  937|LHS  2604|LPM 444|LTT  4843|N30 2927|NLTT 31564|NSV  5859|PM 12391-0110|PMC 90-93  6089|RBS  1143|ROT  1871|SAO 138917|SKY# 23673|UBV   11379|uvby98 100110379 A|IDS 12366-0054 A|CCDM J12417-0127A|TYC 4949-1120-1|2EUVE J1241-01.4|EUVE J1241-01.4|** STF 1670A|Gaia DR2 3683687763520080384|WEB 11013"
"WDS J12417-0127B",1965991,"* gam Vir B","Pe*",190.4147607686542,-1.4494021269330557,"F0mF2V","1989ApJS...69..301G",78.5233,1.3879,-534.318,-64.27,-19.8,3.49,"GJ 482 B|Gaia DR3 3683687763520080256|*  29 Vir B|* gam Vir B|ADS  8630 B|BD-00  2601B|CCDM J12417-0127B|CSI-00  2601  2|FAUST 3376|GCRV  7624|HD 110380|HIC  61941|HR  4826|LFT  938|LHS  2605|LTT  4844|N30 2926|NLTT 31565|ROT  1872|uvby98 100110380|TYC 4949-1120-2|IDS 12366-0054 B|* gam Vir S|WDS J12417-0127B|** STF 1670B|Renson 32087|Gaia DR2 3683687763520080256|GEN# +1.00110380|WEB 11014|TIC 502564326"
"WDS J12417-0127C",1965992,"UCAC3 178-123682","*",190.43643291129996,-1.46302885452,,,1.5618,0.0225,-29.159,-5.148,,15.1,"TIC 51735852|WISEA J124144.71-012746.8|Gaia DR3 3683684739863103744|ADS  8630 C|BD-00  2601C|CCDM J12417-0127C|CSI-00  2601  3|WDS J12417-0127C|** STF 1670C|UCAC3 178-123682|UCAC4 443-056704|2MASS J12414474-0127468|WISE J124144.73-012746.8|Gaia DR2 3683684739863103744"
"WDS J13310-3924AB",2180088,"* d Cen","**",202.76106914624998,-39.40730527555556,"G8II/III","1982MSS...C03....0H",3.6,0.49,-15.67,-10.49,-2.4,3.88,"TIC 461235343|GEN# +1.00117440|HIP 65936|PLX 3082|* d Cen|CCDM J13310-3924AB|CD-38  8592|CPC 18  6489|CPD-38  5526|CSI-38  8592 21|CSV 101388|GC 18254|GCRV  8015|GSC 07792-02393|HD 117440|HIC  65936|HR  5089|IDS 13252-3854 AB|IRAS 13281-3909|JP11  2402|N30 3083|NSV  6283|PPM 291480|SAO 204545|SKY# 24883|SV* ZI  1008|TD1 16879|TYC 7792-2393-1|UBV   12146|UBV M  19457|2MASS J13310266-3924262|PLX 3082.00|WDS J13310-3924AB|** SEE  179|uvby98 100117440|CSI-38  8592 22|WEB 11660|Gaia DR2 6161403234933132032"
"WDS J14044+6423AB",446254,"* alf Dra","SB*",211.09732332021125,64.3758696175675,"A0III","2024A&A...690A.176N",12.5156,0.2033,-56.351,12.329,-6.1,3.68,"TIC 165991532|** NOI    4|WDS J14044+6423AB|Gaia DR3 1667976701458958848|HIP 68756|PLX 3209|SBC9 800|*  11 Dra|* alf Dra|AG+64  666|BD+65   978|FK5  521|GC 19019|GCRV  8269|GEN# +1.00123299|GSC 04174-01262|HD 123299|HGAM    627|HIC  68756|HR  5291|IRAS 14030+6436|JP11  2470|N30 3202|NAME Thuban|PMC 90-93   371|PPM  18861|ROT  2029|SAO  16273|SBC7   507|SKY# 25766|TD1 17263|TYC 4174-1262-1|UBV   12463|UBV M  19972|[HFE83] 1003|uvby98 100123299|2MASS J14042335+6422331|PLX 3209.00|Renson 35350|1RXS J140424.4+642233|WEB 12028|Gaia DR2 1667976701458550400"
"WDS J14190-0636AB",2261436,"HD 125354","SB*",214.7427770014496,-6.603603488838332,"K5","1985ApJS...59..197B",44.3763,0.767,2.712,-432.215,11.55,9.112,"TIC 6095985|MCC 715|** SHY   71AB|1RXS J141856.2-063620|GJ 542.2|GJ 9477|HIP 69962|Gaia DR3 3639984066101401344|PLX 3250|BD-05  3853|Ci 20  848|G 124-22|GCRV 64725|GEN# +1.00125354|CNS5 3533|HD 125354|HIC  69962|LTT  5630|NLTT 36925|PPM 197418|Ross  847|UBV M  20115|UGP 344|VVO 217|2MASS J14185829-0636128|PLX 3250.00|TYC 4982-1597-1|** HDS 2016|CCDM J14190-0636AB|WISEA J141858.28-063617.5|WDS J14190-0636AB|WEB 12168|Gaia DR2 3639984066101401344|SBC9 3628"
"WDS J14190-0636C",2261229,"* iot Vir","PM*",214.0036178170021,-6.000547078703056,"F7III","2001AJ....121.2148G",45.4014,0.2858,-26.606,-414.866,12.079,4.08,"TIC 6029884|WDS J14190-0636C|** SHY   71C|GJ 9473|HIP 69701|WISE J141600.86-060005.8|Gaia DR3 3640828731549972480|PLX 3241|* iot Vir|*  99 Vir|2RE J1415-055|2RE J141559-055905|BD-05  3843|CSV   7112|Ci 20  842|FK5  525|GC 19244|GCRV  8342|GEN# +1.00124850|CNS5 3520|HD 124850|HIC  69701|HR  5338|IRAS 14133-0545|IRC -10302|JP11  2484|LTT  5603|N30 3230|NLTT 36758|NSV  6604|PMC 90-93   375|PPM 197358|RBS  1359|ROT  2043|SACS 306|SAO 139824|SKY# 26035|TD1 17349|UBV   12546|UBV M  20072|YZ  95  5069|uvby98 100124850|2MASS J14160086-0600016|PLX 3241.00|1RXS J141600.9-055955|2EUVE J1416-05.9|EUVE J1416-05.9|TYC 4982-1645-1|RAVE J141600.9-060002|NAME Syrma|WISEA J141600.87-060006.3|WEB 12135|Gaia DR2 3640828731549668608"
"WDS J14262-4523AB",3438376,"* tau02 Lup","**",216.54505741968393,-45.379278405963014,"F7","1978MSS...C02....0H",10.22,0.31,14.62,-7.33,-0.6,4.35,"TIC 127026216|WISE J142610.70-452245.5|UCAC4 224-079651|Gaia DR3 6099302577683627520|HIP 70576|PLX 3269|* tau02 Lup|CCDM J14262-4523AB|CD-44  9323|CPC  0 12300|CPD-44  6771|GC 19454|GCRV  8422|GSC 08277-03281|HD 126354|HIC  70576|HR  5396|IDS 14197-4456 AB|IRAS 14229-4509|JP11  2509|PPM 319522|ROT  2071|SAO 224920|SKY# 26304|TD1 17468|TYC 8277-3281-1|UBV   12642|UBV M  20170|[CS62] E6  79|2MASS J14261082-4522453|1RXS J142611.1-452305|WDS J14262-4523AB|** I  402|uvby98 100126354|WEB 12238|GEN# +1.00126354"
"WDS J14411+1344A",2287399,"* zet Boo A","PM*",220.28733409166668,13.72828106111111,"A3IV","1991A&A...252..229J",,,66.3,-20.6,,4.51,"WDS J14411+1344A|* zet Boo A|*  30 Boo A|ADS  9343 A|CCDM J14411+1344A|CSI+14  2770  3|HD 129247|HR  5478|IDS 14364+1409 A|ROT  2102|** STF 1865A|TYC  917-1471-2"
"WDS J14411+1344AB",2287397,"* zet Boo","**",220.28729823076685,13.728304629385853,"A1V","1995ApJS...99..135A",18.56,0.76,51.95,-11.08,-8.5,3.78,"TIC 416608593|GEN# +1.00129247|Gaia DR3 1185648953539868800|HIP 71795|PLX 3320|WDS J14411+1344AB|*  30 Boo|* zet Boo|ADS  9343 AB|AG+13 1410|BD+14  2770|CCDM J14411+1344AB|CSI+14  2770  1|GAT 1021|GC 19777|GCRV  8537|GSC 00917-01471|HIC  71795|IDS 14364+1409 AB|N30 3317|NSV  6766|PPM 400195|SAO 101145|TD1 17636|UBV   12802|YZ  13  5180|2MASS J14410892+1343419|** STF 1865AB|AKARI-IRC-V1 J1441089+134341|IRAS 14387+1356"
"WDS J14411+1344B",2287400,"* zet Boo B","PM*",220.28711599166667,13.72841686111111,"A2","1993yCat.3135....0C",,,66.3,-20.6,-5.5,4.51,"* zet Boo B|*  30 Boo B|ADS  9343 B|CCDM J14411+1344B|CSI+14  2770  4|GCRV 64948|HD 129246|HGAM    629|HR  5477|IDS 14364+1409 B|SKY# 26692|WDS J14411+1344B|** STF 1865B|TYC  917-1471-1|WEB 12368"
"WDS J14411+1344C",2287398,"GSC 00917-01268","RG*",220.25807908926,13.72309006009,,,1.1781,0.0188,8.01,-5.036,-23.5453,10.9,"TIC 416608595|AP J14410195+1343231|Gaia DR3 1185660567131204224|ADS  9343 C|CCDM J14411+1344C|CSI+14  2770  2|GSC 00917-01268|IDS 14364+1409 C|TYC  917-1268-1|2MASS J14410195+1343231|WDS J14411+1344C|** H  104C|Gaia DR2 1185660567131204224"
"WDS J15155+3319A",2909772,"* del Boo","PM*",228.87567841690498,33.31483124216833,"G8IIIFe-1","1989ApJS...71..245K",27.0746,0.1256,84.383,-111.591,-12.29,3.49,"TIC 16270265|Gaia DR3 1278391075717325312|HIP 74666|PLX 3449|*  49 Boo|* del Boo|ADS  9559 A|AG+33 1351|BD+33  2561|CCDM J15156+3319A|CSV 101491|FK5  563|GC 20523|GCRV  8830|GEN# +1.00135722A|HD 135722|HIC  74666|HR  5681|IDS 15115+3341 A|IRAS 15134+3329|IRC +30271|JP11  2583|N30 3435|NSV  7002|PMC 90-93   398|PPM  78453|ROT  2163|SAO  64589|SKY# 27633|SRS  30563|SV* ZI  1109|TD1 18095|UBV   13165|[HFE83] 1085|uvby98 100135722 A|2MASS J15153015+3318537|WDS J15155+3319A|TYC 2566-1639-1|** STF   27|WEB 12740|Gaia DR2 1278391075716738560"
"WDS J15155+3319B",2909773,"* del Boo B","PM*",228.90978671789,33.32092201495,"G0V","1981ApJS...45..437A",27.1573,0.0178,82.918,-110.075,-11.802,7.81,"TIC 16271552|HIP 74674|* del Boo B|Gaia DR3 1278392381386793856|ADS  9559 B|AG+33 1352|BD+33  2562|CCDM J15156+3319B|GCRV  5233 E|GEN# +0.03302562|GSC 02566-00246|HIC  74674|IDS 15115+3341 B|PPM  78455|SAO  64591|SKY# 27638|TYC 2566-246-1|UBV   13166|UBV M   2429|2MASS J15153834+3319156|WDS J15155+3319B|** STF 4027B|WEB 12741|Gaia DR2 1278392381386793856"
"WDS J15278+2906AB",2855814,"* bet CrB","a2*",231.95730858154164,29.10569295567611,"F2VpSrCrEuSi","1995ApJS...99..135A",27.9256,0.9703,-202.069,92.412,-26.9,3.68,"TIC 383521659|Gaia DR3 1273423791421021568|uvby98 100137909|GEN# +1.00137909|HIP 75695|PLX 3495|SBC9 846|LSPM J1527+2906|TYC 2032-1605-1|ASCC  690250|USNO-B1.0 1191-00233167|*   3 CrB|* bet CrB|AG+29 1493|BD+29  2670|CCDM J15278+2906AB|CSV 101506|FK5  572|GC 20795|GCRV  8940|HD 137909|HIC  75695|HR  5747|IDS 15237+2927 AB|IRAS 15257+2916|JP11  2607|N30 3483|PMC 90-93   406|PPM 104044|ROT  2189|SAO  83831|SBC7   543|SKY# 27986|SRS  30572|TD1 18274|UBV   13280|UBV M  20792|V* bet CrB|2MASS J15274972+2906202|WDS J15278+2906AB|** JEF    1|Renson 39200|BD+29  2670A|WISEA J152749.61+290622.1|NAME Nusakan|WEB 12887|Gaia DR2 1273423791418345344"
"WDS J15329+3122A",7863357,"* tet CrB A","*",233.2324295,31.359143102777782,,,,,-19.6,-6.2,,4.3,"TYC 2564-1629-1|** COU  610A|WDS J15329+3122A|CCDM J15329+3122A|HD 138749A|* tet CrB A"
"WDS J15329+3122AB",2880433,"* tet CrB","Be*",233.23242559618694,31.359132267070578,"B6Vnne",,8.69,0.46,-20.15,-9.39,-25.7,4.13,"TIC 16887256|HIP 76127|PLX 3512|[JE82]  773|WDS J15329+3122AB|*   4 CrB|* tet CrB|AAVSO 1544+28C|AG+31 1352|BD+31  2750|CCDM J15329+3122AB|EM* MWC  237|FK5  576|GC 20908|GCRV  8973|GSC 02564-01629|HD 138749|HGAM    635|HIC  76127|HR  5778|IDS 15289+3142 AB|JP11  2615|N30 3497|NSV  7134|PMC 90-93   408|PPM  78669|ROT  2198|SAO  64769|SKY# 28124|SRS  30576|TD1 18357|UBV   13317|UBV M  20830|V* tet CrB|PLX 3512.00|** COU  610|AKARI-IRC-V1 J1532557+312132|IRAS 15309+3131|2MASS J15325578+3121331|uvby98 100138749|WEB 12933|GEN# +1.00138749|Gaia DR2 1274286186493145728"
"WDS J15329+3122B",7863358,"* tet CrB B","*",233.2323567625,31.358977519444448,,,,,-19.6,-6.2,,6.29,"TYC 2564-1629-2|** COU  610B|WDS J15329+3122B|CCDM J15329+3122B|HD 138749B|* tet CrB B"
"WDS J15427+2618A",2812058,"* gam CrB A","PM*",235.68570560833334,26.295634380555555,,,,,-107.0,47.8,,4.05,"BD+26  2722A|ADS  9757 A|CSI+26  2722  2|WDS J15427+2618A|** STF 1967A|TYC 2036-1674-1|CCDM J15427+2618A|* gam CrB A|HD 140436A"
"WDS J15427+2618AB",2812057,"* gam CrB","**",235.68568963508966,26.29563463104609,"A0V","1995ApJS...99..135A",22.33,0.5,-111.65,49.52,-12.1,,"TIC 255861229|WISEA J154244.51+261744.7|Gaia DR3 1223128521794138496|GEN# +1.00140436|HIP 76952|PLX 3554|*   8 CrB|* gam CrB|ADS  9757 AB|AG+26 1504|BD+26  2722|CEL   4391|CSI+26  2722  1|CSV 101523|GC 21130|GCRV  9071|HD 140436|HGAM    639|HIC  76952|HR  5849|IRAS 15406+2627|JP11  2638|N30 3532|PPM 104258|ROT  2217|SAO  83958|SKY# 28406|SV* ZI  1151|TD1 18499|UBV M  20933|UBV   13394|V* gam CrB|2MASS J15424459+2617442|WDS J15427+2618AB|** STF 1967|CCDM J15427+2618AB|UCAC4 582-051293|WISE J154244.51+261744.9|Gaia DR2 1223128521793513984|WEB 13050"
"WDS J15427+2618B",2812059,"* gam CrB B","PM*",235.68585517083332,26.295557416666668,,,,,-107.0,47.8,,5.56,"ADS  9757 B|BD+26  2722B|CCDM J15427+2618B|CSI+26  2722  3|IDS 15386+2637 B|WDS J15427+2618B|TYC 2036-1674-2|** STF 1967B|* gam CrB B|HD 140436B"
"WDS J15496-0326AB",2621867,"* mu. Ser","**",237.40502901603867,-3.4302043802099975,"B9.5III","1995ApJS...99..135A",19.23,0.38,-100.28,-25.99,-9.4,3.53,"TIC 188269990|WISE J154937.11-032549.2|Gaia DR2 4402474042571751424|HIP 77516|Gaia DR3 4402474042572385536|PLX 3580|*  32 Ser|* mu. Ser|BD-02  4052|FK5  585|GC 21269|GCRV  9118|GEN# +1.00141513|GSC 05022-00936|HD 141513|HGAM    642|HIC  77516|HR  5881|IRAS 15470-0316|JP11  2649|N30 3556|PMC 90-93   416|PPM 198983|ROT  2224|SAO 140787|SKY# 28607|TD1 18590|TYC 5022-936-1|UBV   13452|UBV M  20979|uvby98 100141513|2MASS J15493722-0325486|PLX 3580.00|WDS J15496-0326AB|** CHR  259|WEB 13122"
"WDS J16003-2237AB",2482381,"* del Sco","SB*",240.08335534565887,-22.621706426005783,"B0.3IV","1973ARA&A..11...29M",6.64,0.89,-10.21,-35.41,-6.0,2.32,"TIC 12725034|HIP 78401|SBC9 1837|*   7 Sco|* del Sco|2E  3547|AAVSO 1554-22|BD-22  4068|CD-22 11292|CEL   4410|CPD-22  6106|FK5  594|GC 21489|GCRV  9202|GEN# +1.00143275|GSC 06779-02194|HD 143275|HGAM   2047|HIC  78401|HR  5953|IRAS 15573-2228|IRC -20303|JP11  2695|MCW  556|N30 3589|PMC 90-93   424|PPM 264979|ROT  2261|SAO 184014|SKY# 28887|SRS  30594|TD1 18743|TYC 6779-2194-1|UBV M  21080|UBV   13563|USco 45|[B10]  4066|[SC96] Oph  24|uvby98 100143275|2MASS J16002000-2237180|ALS 14815|1RXS J160018.3-223707|2E 1557.3-2228|EUVE J1600-22.6|RX J160022.9-223724|WDS J16003-2237AB|V* del Sco|** LAB    3|PMSC 15544-2220Aabc|CCDM J16003-2237AB|NAME Dschubba|WEB 13251|[KCS2016] J160020.01-223718.1|WISEA J160019.99-223718.2"
"WDS J16341+4226AB",2942308,"* sig Her","**",248.52576011027003,42.43700948629999,"B9V",,10.856,0.4019,-15.384,44.26,-10.9,4.196,"TIC 115119794|WISEA J163406.15+422613.6|HIP 81126|Gaia DR3 1357126587985743104|PLX 3772|* sig Her|*  35 Her|AG+42 1419|BD+42  2724|FK5  621|GC 22296|GCRV  9535|GEN# +1.00149630|GSC 03066-02213|HD 149630|HIC  81126|HR  6168|IRAS 16324+4232|IRAS F16324+4232|JP11  2777|N30 3710|PMC 90-93   443|PPM  55508|ROT  2362|SAO  46161|SKY# 29855|TD1 19335|TYC 3066-2213-1|UBV   14036|UBV M  21542|[DML87] 410|[HFE83] 1184|uvby98 100149630|PLX 3772.00|WDS J16341+4226AB|UCAC3 265-135949|UCAC4 663-062491|2MASS J16340618+4226130|WISE J163406.16+422613.8|** LAB    4|WEB 13718|Gaia DR2 1357126587985344896"
"WDS J17088+6543AB",362863,"* zet Dra","**",257.1966155398917,65.71464532697362,"B8III","2024A&A...690A.176N",7.8274,0.5476,-16.55,32.757,-19.2,3.17,"TIC 307986093|Gaia DR3 1632499034644723968|HIP 83895|PLX 3905|* zet Dra|*  22 Dra|AG+65  806|BD+65  1170|FK5  639|GC 23182|GCRV  9910|GEN# +1.00155763|GSC 04210-01048|HD 155763|HGAM    662|HIC  83895|HR  6396|IRAS 17086+6546|JP11  2824|N30 3833|PMC 90-93   455|PPM  20234|ROT  2421|SAO  17365|SKY# 30908|TD1 20105|TYC 4210-1048-1|UBV   14549|UBV M  21988|ALS 16385|PLX 3905.00|WDS J17088+6543AB|** STA    1AB|2MASS J17084719+6542528|NAME Aldhibah|WEB 14179|Gaia DR2 1632499034644070528"
"WDS J17104-1544A",2561118,"* eta Oph A","PM*",257.5944336,-15.7251428,"A2(V)","1980ApJS...44..489B",,,,,,2.463,"GJ 656.1 A|GJ 9587 A|ADS 10374 A|BD-15  4467A|CSI-15  4467  4|CCDM J17104-1544A|WDS J17104-1544A|TYC 6232-1333-1|Renson 43800|* eta Oph A"
"WDS J17104-1544AB",2561035,"* eta Oph","**",257.5945287106208,-15.724906641710527,"A2IV-V","2006AJ....132..161G",36.91,0.8,40.13,99.17,-2.4,2.42,"TIC 400036304|GEN# +1.00155125|HIP 84012|PLX 3895|* eta Oph|*  35 Oph|ADS 10374 AB|BD-15  4467|CSI-15  4467  1|GC 23158|GCRV  9900|HD 155125|HGAM    661|HIC  84012|HR  6378|IRC -20348|JP11  2819|N30 3829|PPM 232699|ROT  2416|SAO 160332|SKY# 30949|TD1 20015|UBV   14447|UBV M  21934|2MASS J17102267-1543298|WDS J17104-1544AB|** BU 1118|** BU 1118AB|IRAS 17075-1539|AKARI-IRC-V1 J1710226-154329|NAME Sabik|uvby98 100155125|WEB 14194"
"WDS J17104-1544B",2561094,"* eta Oph B","*",257.59432,-15.725182199999999,"A3(V)","1980ApJS...44..489B",,,,,,3.26,"GJ 656.1 B|TYC 6232-1333-2|ADS 10374 B|BD-15  4467B|CCDM J17104-1544B|CSI-15  4467  5|IDS 17046-1536 B|WDS J17104-1544B|* eta Oph B"
"WDS J17104-1544C",2561036,"UCAC4 372-080717","*",257.6098600747699,-15.748295152729998,,,0.4062,0.0175,-3.35,-8.612,15.14,,"TIC 400036260|Gaia DR3 4136365359343068160|ADS 10374 C|CCDM J17104-1544C|CSI-15  4467  2|GEN# +1.00155125C|IDS 17046-1536 C|WDS J17104-1544C|UCAC4 372-080717|2MASS J17102636-1544538|Gaia DR2 4136365359343068160"
"WDS J17311-6041A",3447076,"* del Ara","PM*",262.77463997460376,-60.68384495524666,"B8Vn","1975MSS...C01....0H",14.4688,0.5017,-56.279,-98.714,10.0,3.62,"TIC 305589829|Gaia DR3 5912398348432135552|HIP 85727|** HJ 4951A|GEN# +1.00158094|uvby98 100158094|* del Ara|CCDM J17311-6041A|CPC 20.1  5284|CPD-60  6842|CSI-60  6842 41|FK5  648|GC 23681|GCRV 10108|HD 158094|HIC  85727|HR  6500|IDS 17221-6036 A|N30 3896|PPM 362756|SACS 381|IRAS 17264-6038|AKARI-IRC-V1 J1731058-604102|1RXS J173105.9-604054|SAO 253945|SKY# 31613|TD1 20450|UBV   14882|UBV M  22196|[B10]  4426|2MASS J17310591-6041020|WDS J17311-6041A|TYC 9053-4118-1|WEB 14467|Gaia DR2 5912398348427886976"
"WDS J17311-6041B",3447002,"UCAC4 147-213924","*",262.75720408202415,-60.67292954861027,,,0.5722,0.015,-3.221,-8.306,6.21,10.98,"Gaia DR3 5912399104342146432|UCAC4 147-213924|2MASS J17310170-6040228|WISE J173101.71-604022.4|** HJ 4951B|CCDM J17311-6041B|CSI-60  6842 42|IDS 17221-6036 B|WDS J17311-6041B"
"WDS J17349+1234AB",2715185,"* alf Oph","**",263.73362272030505,12.560037391671425,"A5IVnn","2001AJ....121.2148G",67.13,1.06,108.07,-221.57,11.7,2.07,"TIC 289643770|WISE J173456.17+123330.2|GJ 681|HIP 86032|Gaia DR3 4493746564376875520|PLX 4000|LSPM J1734+1233|ASCC  965558|USNO-B1.0 1025-00347133|* alf Oph|*  55 Oph|2E  3921|AG+12 1827|BD+12  3252|CSV 101982|CSV 101662|FK5  656|GAT 1321|GC 23837|GCRV 10159|GEN# +1.00159561|HD 159561|HIC  86032|HR  6556|CNS5 4331|TIC 471011992|IRAS 17326+1235|IRC +10331|JP11  2871|LTT 15218|N30 3915|NAME Rasalhague|NLTT 45084|NSV  9189|PMC 90-93   465|PPM 133563|ROT  2468|SAO 102932|SKY# 31749|SRS  30656|TD1 20664|UBV   14978|UBV M  22280|[GS83]  83|uvby98 100159561|2MASS J17345606+1233361|PLX 4000.00|1E 1732.6+1200|1RXS J173456.3+123344|2E 1732.6+1235|TYC 1000-2508-1|* alf Oph A|WEB 14516|* alf Oph B|** MCY    4|WDS J17349+1234AB"
"WDS J17393+0333A",2668666,"HD 160346","SB*",264.82048469250003,3.5552432549999997,"K3-V","1989ApJS...71..245K",90.91,0.67,-179.3,-96.6,5.694,6.525,"TIC 349491678|WISEA J173916.79+033317.6|Gaia DR3 4377160604838377600|GJ 688|HIP 86400|PLX 4016|SBC9 1802|LSPM J1739+0333|TYC  419-1909-1|ASCC 1151719|2MASS J17391691+0333190|USNO-B1.0 0935-00309843|AG+03 2112|AGKR 15738|BD+03  3465|FK5 5549|GC 23929|GCRV 10199|GEN# +1.00160346|HD 160346|HIC  86400|CNS5 4363|IRAS 13367+0334|LTT 15233|N30 3929|NLTT 45197|PMC 90-93  4226|PPM 164368|SAO 122610|SKY# 31893|SRS  14344|UBV   15017|UBV M  22316|YZ   3  5866|uvby98 100160346|PLX 4016.00|Ci 18 2350|AKARI-IRC-V1 J1739168+033318|IRAS 17367+0334|RAVE J173916.9+033319|WEB 14579|Gaia DR2 4377160604838377600|1RXS J173917.5+033312|WISE J173916.79+033317.7|** CSN   10A|WDS J17393+0333A"
"WDS J18596+1504A",2735636,"* eps Aql","SB*",284.90565157804997,15.06828104146,"K1-IIICN0.5","1989ApJS...71..245K",18.1821,0.3319,-51.062,-69.439,-45.9,4.02,"TIC 330496058|HIP 93244|Gaia DR3 4506929502678142336|PLX 4406|SBC9 1109|* eps Aql|*  13 Aql|AG+14 1954|BD+14  3736|CCDM J18596+1503A|CSI+14  3736  1|FK5  712|GC 26091|GCRV 11441|GEN# +1.00176411|GSC 01585-02531|HD 176411|HIC  93244|HR  7176|IDS 18551+1456 A|IRC +10392|JP11  3058|N30 4216|PMC 90-93   506|PPM 135586|ROT  2699|SAO 104318|SKY# 35047|SRS  30712|TD1 23660|TYC 1585-2531-1|UBV   16127|UBV M  23382|YZ   0  1750|YZ  14  6948|[B10]  4823|[L91b] 301|WDS J18596+1504A|2MASS J18593736+1504059|IRAS 18573+1459|** ENG   65A|WEB 16166|Gaia DR2 4506929502664775680"
"WDS J18596+1504B",6570310,"TYC 1585-218-1","*",284.9030724627,15.03395073661,,,1.6305,0.0185,2.305,2.257,,10.53,"TIC 330495844|Gaia DR3 4506926101050663680|TYC 1585-218-1|2MASS J18593673+1502022|CCDM J18596+1503B|CSI+14  3736  2|IDS 18551+1456 B|WDS J18596+1504B|** ENG   65B|Gaia DR2 4506926101050663680"
"WDS J18596+1504C",2735638,"TYC 1585-149-1","*",284.91992854533,15.030670511010001,,,1.2959,0.0178,2.329,-12.425,-36.19,11.09,"TIC 330495830|Gaia DR3 4506925894892227456|CCDM J18596+1503C|CSI+14  3736  3|IDS 18551+1456 C|WDS J18596+1504C|TYC 1585-149-1|GSC 01585-00149|UCAC2  37227608|UCAC3 211-190296|2MASS J18594079+1501504|** ENG   65C|Gaia DR1 4506925890562967936|Gaia DR2 4506925894892227456"
"WDS J19026-2953AB",2477592,"* zet Sgr","**",285.6530426563352,-29.88006330096877,"A2.5Va","2006AJ....132..161G",36.98,0.87,10.79,21.11,24.7,2.59,"TIC 30504485|GEN# +1.00176687|WISE J190236.60-295247.5|UCAC4 301-255103|HIP 93506|Gaia DR3 6760703042771435136|PLX 4415|*  38 Sgr|* zet Sgr|ADS 11950 AB|CCDM J19026-2953AB|CD-30 16575|CPC 17 10347|CPD-30  5798|GC 26161|GCRV 11482|GSC 06885-02837|HD 176687|HIC  93506|HR  7194|IDS 18562-3001 AB|IRAS 18594-2957|IRC -30399|JP11  3063|N30 4220|PPM 269230|ROT  2706|SAO 187600|SKY# 35179|SRS  44082|TD1 23703|TYC 6885-2837-1|UBV   16147|UBV M  23406|2MASS J19023670-2952484|WDS J19026-2953AB|** HDO  150|NAME Ascella|uvby98 100176687|WEB 16231"
"WDS J19450+4508A",194918,"* del Cyg","PM*",296.24365384430797,45.13081463141527,"B9.5IV","2024A&A...690A.176N",21.1474,0.5223,41.87,47.298,-23.6,2.87,"TIC 272274040|HIP 97165|Gaia DR3 2079784488001577600|PLX 4647|* del Cyg|*  18 Cyg|1RXS J194459.0+450751|2E  4288|AG+45 1581|BD+44  3234|CEL   4834|CSI+44  3234  1|GC 27347|GCRV 12126|GSC 03557-02486|HD 186882|HGAM    788|HIC  97165|HR  7528|JP11  3132|IRC +50308|PPM  58782|ROT  2846|SAO  48796|IRAS 19434+4500|AKARI-IRC-V1 J1944585+450751|ADS 12880 A|CSI+44  3234  3|NSV 12381|WDS J19450+4508A|** STF 2579A|GEN# +1.00186882|CCDM J19450+4508A|SKY# 36919|TD1 25408|TYC 3557-2486-1|UBV   16830|ALS 16390|1E 1943.4+4501|2E 1943.4+4500|2MASS J19445845+4507507|uvby98 100186882|WEB 17060|Gaia DR2 2079784487999414656|KIC 8898414|NAME-IAU Fawaris"
"WDS J19450+4508B",11627049,"* del Cyg B","*",296.243264870505,45.13041173478111,"F1V",,,,,,,6.23,"ADS 12880 B|CSI+44  3234  4|IDS 19418+4453 B|NSV 12380|WDS J19450+4508B|* del Cyg B|Gaia DR2 2079784487997851392|TYC 3557-2486-2"
"WDS J19482+7016A",9773204,"* eps Dra","PM*",297.04312691249,70.26793029824,"G7IIIbFe-1","1989ApJS...71..245K",21.3219,0.1256,79.486,40.041,3.12,3.91,"TIC 279979429|HIP 97433|Gaia DR3 2251191616254289152|* eps Dra A|CCDM J19482+7016A|*  63 Dra A|** STF 2603A|BD+69  1070A|HD 188119A|WDS J19482+7016A|TYC 4449-2652-1|UCAC4 802-027680|Gaia DR2 2251191616253487360|GC 27471|PLX 4689|*  63 Dra|* eps Dra|AG+70  689|BD+69  1070|GCRV 12194|HD 188119|HIC  97433|HR  7582|IRAS 19483+7008|IRC +70160|JP11  3149|NSV 12465|PPM  10315|RAFGL 2464|ROT  2867|SAO   9540|SKY# 37019|TD1 25620|UBV   16930|UBV M  24245|[B10]  5079|2MASS J19481035+7016045|NAME Tyl|WEB 17123|ADS 13007 A|GEN# +1.00188119|IDS 19485+7001 A"
"WDS J19482+7016B",7026178,"* eps Dra B","PM*",297.0439531480499,70.26876877246,"F5III","1977AJ.....82..431L",21.3808,0.0403,86.898,37.126,3.04,6.8,"Gaia DR3 2251191611957165440|TIC 1884384242|TYC 4449-2651-1|* eps Dra B|CCDM J19482+7016B|*  63 Dra B|** STF 2603B|BD+69  1070B|HD 188119B|WDS J19482+7016B|UCAC4 802-027682|Gaia DR2 2251191611957165440"
"WDS J20298+0941AB",2725880,"G  24-16","Er*",307.4513246532652,9.689052918565,"M4.5V","1991ApJS...77..417K",133.8113,1.3869,669.342,101.33,-28.61,,"TIC 374416052|GJ 791.2|GJ 791.2 B|Gaia DR3 1752805741531173632|LSPM J2029+0941|NLTT 49339|2MASS J20294834+0941202|USNO-B1.0 0996-00559739|2E  4369|CSI+09-20274|G 144-8|G  24-16|GEN# +9.80024016|JP11  5099|CNS5 5064|LHS  3556|LTT 15983|PM 20274+0931|UBV   17774|UBV M  53482|USNO  78|V* HU Del|Zkh 306|[GKL99] 385|[RHG95]  3198|PLX 4874.01|1RXS J202947.8+094118|2E 2027.3+0931|2EUVE J2029+09.7|EUVE J2029+09.7|EUVE J2029+09.6|CCDM J20298+0941AB|WDS J20298+0941AB|** AST    2|WISEP J202948.79+094121.5|Zkh 307|GJ 791.2 A|WISEA J202948.79+094121.5|UCAC4 499-131384|PM J20298+0941|Gaia DR2 1752805741531173632|Karmn J20298+096"
"WDS J20435+1504AB",2757464,"* del Del","dS*",310.8647231393717,15.074578684846113,"kA7hF1VmF1pSrEuCr:","2001AJ....121.2148G",14.7809,0.1275,-20.663,-42.983,9.3,4.417,"TIC 84850558|** CIA   11|WDS J20435+1504AB|Gaia DR3 1762513222314906752|PLX 4938|* del Del|*  11 Del|AG+14 2276|BD+14  4403|FK5  778|GC 28873|GCRV 12987|GEN# +1.00197461|GSC 01634-03055|HD 197461|HIC 102281|HIP 102281|HR  7928|IRAS 20411+1453|JP11  3268|N30 4583|PMC 90-93   547|PPM 138900|ROT  3023|SAO 106425|SKY# 39285|SRS  30778|TD1 27177|TYC 1634-3055-1|UBV   17962|UBV M  25113|V* del Del|YZ  14  8104|2MASS J20432754+1504284|PLX 4938.00|Renson 55050|uvby98 100197461|WEB 18517|Gaia DR2 1762513222314906752"
"WDS J20467+1607A",2775724,"* gam02 Del","PM*",311.66458259985995,16.124293954090003,"K1IV","2007MNRAS.374..664C",28.1359,0.1445,-30.476,-197.504,-6.17,4.25,"Gaia DR3 1763000413344449792|PLX 4958|TYC 1634-3056-1|ASCC  900783|* gam02 Del|*  12 Del A|ADS 14279 A|BD+15  4255A|BD+15  4255|CCDM J20467+1607A|CSI+15  4255  2|FK5 1541|GC 28966|GCRV 13026|GEN# +1.00197964A|HD 197964|HIC 102532|HIP 102532|HR  7948|IDS 20420+1546 A|IRAS 20443+1556|IRC +20482|JP11  3273|LTT 16076|N30 4594|NLTT 49870|PMC 90-93  1091|PPM 138996|ROT  3034|SAO 106476|SKY# 39381|UBV   17990|UBV M  25155|YZ  15  8383|uvby98 100197964 A|LSPM J2046+1607E|WDS J20467+1607A|WEB 18576|Gaia DR2 1763000413341086464|UCAC4 531-135610|TIC 1937825762"
"WDS J20467+1607AB",2775725,"* gam Del","**",311.664127,16.124346,,,,,,,,,"TIC 85148268|WISEA J204639.40+160725.1|* gam Del|ADS 14279 AB|CSI+15  4255  3|UBV   17992|WDS J20467+1607AB|** STF 2727|** STF 2727AB|1RXS J204639.3+160729|2MASS J20463939+1607276|GEN# +1.00197964|WISE J204639.10+160724.1"
"WDS J20467+1607B",2775723,"* gam01 Del","PM*",311.66192102518,16.124128271850005,"F8V","1963ApJ...138..118S",27.8884,0.0887,-11.702,-203.994,-6.97,4.96,"Gaia DR3 1763000482062205056|TYC 1634-3057-1|ASCC  900781|USNO-B1.0 1061-00567469|*  12 Del B|* gam01 Del|ADS 14279 B|BD+15  4255B|CCDM J20467+1607B|CSI+15  4255  1|GC 28965|GCRV 13025|GEN# +1.00197963|HD 197963|HIC 102531|HIP 102531|HR  7947|IDS 20420+1546 B|LTT 16077|NLTT 49868|ROT  3033|SAO 106475|SKY# 39380|UBV   17991|UBV M  25154|YZ  15  8382|LSPM J2046+1607W|WDS J20467+1607B|** STF 2727B|uvby98 100197963|WEB 18573|Gaia DR2 1763000482062205056|UCAC4 531-135608|TIC 1937825777|TIC 471012084"
"WDS J21415-7723AB",3320298,"* nu. Oct","SB*",325.3689251479717,-77.39000876162,"K1III","2006AJ....132..161G",51.5172,0.6525,68.656,-250.044,34.4,3.728,"TIC 352542468|WISEA J214128.72-772326.7|GJ 835.1|GJ 9744|Gaia DR3 6356375508718385024|PLX 5201|SBC9 1315|* nu. Oct|CD-77  1079|CPC 21.3  2675|CPD-77  1510|FK5  810|GC 30289|GCRV 13593|GEN# +1.00205478|HD 205478|HIC 107089|HIP 107089|HR  8254|IRAS 21360-7736|LTT  8619|N30 4773|NLTT 51726|CNS5 5340|PPM 375094|SAO 257948|SBC7   862|SKY# 41346|TD1 28250|UBV   18562|UBV M  25800|Gaia DR2 6356375508717699584|2MASS J21412863-7723243|PLX 5201.00|CCDM J21415-7723AB|WDS J21415-7723AB|** BLM    6|TYC 9478-1483-1|UCAC4 064-030323|WISE J214128.71-772326.5|WEB 19344"
"WDS J22102+0612A",1410742,"* tet Peg","PM*",332.5499525505046,6.1979215882049985,"A1Va","2006AJ....132..161G",36.7678,1.131,265.699,10.407,-9.22,3.55,"TIC 468285170|** VSP   57A|WDS J22102+0612A|Gaia DR3 2720428303852574336|GJ 9771|PLX 5362|LSPM J2210+0611|ASCC 1088144|USNO-B1.0 0961-00579177|*  26 Peg|* tet Peg|AG+05 3241|BD+05  4961|CSV 102151|FK5  834|GC 31013|GCRV 13930|GEN# +1.00210418|GSC 00565-01999|HD 210418|HGAM   1052|HIC 109427|HIP 109427|HR  8450|IRAS 22076+0557|JP11  3458|LTT 16484|N30 4884|NLTT 53109|NSV 14057|PMC 90-93   584|PPM 172728|ROT  3226|SAO 127340|SKY# 42241|TD1 28827|TYC  565-1999-1|UBV   18949|UBV M  26173|YZ   5 11135|uvby98 100210418|2MASS J22101198+0611522|PLX 5362.00|NAME Biham|WISEA J221012.17+061152.5|WEB 19660|Gaia DR2 2720428303852169216"
"* zet Boo A",2287399,"* zet Boo A","PM*",220.28733409166668,13.72828106111111,"A3IV","1991A&A...252..229J",,,66.3,-20.6,,4.51,"WDS J14411+1344A|* zet Boo A|*  30 Boo A|ADS  9343 A|CCDM J14411+1344A|CSI+14  2770  3|HD 129247|HR  5478|IDS 14364+1409 A|ROT  2102|** STF 1865A|TYC  917-1471-2"
"* zet Boo B",2287400,"* zet Boo B","PM*",220.28711599166667,13.72841686111111,"A2","1993yCat.3135....0C",,,66.3,-20.6,-5.5,4.51,"* zet Boo B|*  30 Boo B|ADS  9343 B|CCDM J14411+1344B|CSI+14  2770  4|GCRV 64948|HD 129246|HGAM    629|HR  5477|IDS 14364+1409 B|SKY# 26692|WDS J14411+1344B|** STF 1865B|TYC  917-1471-1|WEB 12368"
