hip,johnson_v,v_source
677,2.07,H
746,2.28,H
765,3.88,G
1067,2.83,G
1562,3.56,G
1599,4.23,G
1645,5.38,H
2021,2.82,G
2072,3.93,G
2081,2.40,G
2484,4.36,G
3092,3.27,H
3179,2.24,H
3419,2.04,G
3786,4.44,H
3881,4.53,G
4427,2.15,H
4436,3.86,G
4577,4.30,H
4889,5.50,H
4906,4.27,G
5165,3.32,G
5348,3.94,G
5364,3.46,H
5447,2.07,H
5742,4.67,H
6193,4.74,H
6537,3.60,G
6686,2.66,H
6867,3.41,G
7007,4.84,G
7083,3.93,H
7097,3.62,G
7588,0.45,G
7884,4.45,H
8102,3.49,G
8198,4.26,H
8645,3.74,H
8796,3.42,G
8832,3.88,G
8833,4.61,G
8837,4.39,H
8886,3.35,H
8903,2.64,G
9007,3.69,G
9236,2.86,G
9487,3.82,G
9640,2.10,H
9884,2.01,G
10064,3.00,G
10324,4.36,G
10602,3.56,H
10670,4.03,H
10826,6.47,H
11001,4.08,G
11345,4.88,H
11407,4.24,T
11484,4.30,H
11767,1.97,H
11783,4.74,H
12093,4.87,G
12387,4.08,G
12390,4.83,G
12394,4.12,H
12413,4.74,G
12484,5.21,H
12486,4.11,G
12706,3.47,G
12770,4.24,H
12828,4.27,G
12843,4.47,G
13147,4.45,G
13209,3.61,G
13254,4.22,H
13268,3.77,G
13701,3.89,G
13847,2.88,H
13954,4.71,H
14135,2.54,H
14146,4.08,G
14240,5.12,H
14328,2.91,H
14354,3.32,H
14576,2.09,H
14879,3.80,G
15197,4.80,G
15474,3.70,H
15510,4.26,G
15863,1.79,G
15900,3.61,H
16228,4.21,G
16537,3.72,H
16611,4.26,G
17358,3.01,G
17378,3.52,H
17440,3.84,G
17448,3.84,G
17651,4.22,G
17678,3.26,H
17797,4.30,G
17847,3.62,H
17874,4.17,H
17959,4.59,H
18246,2.84,H
18505,4.95,H
18532,2.90,H
18597,4.56,H
18614,3.98,H
18724,3.41,H
19747,3.85,G
19780,3.33,G
19893,4.26,H
19921,4.44,G
20042,3.55,G
20205,3.65,H
20455,3.77,H
20535,3.97,H
20648,4.30,G
20889,3.53,H
20894,3.40,G
21060,5.07,H
21281,3.30,G
21393,3.81,G
21421,0.87,G
21444,3.93,T
21594,3.86,H
21770,4.44,G
21861,5.04,H
21881,4.27,H
21949,5.53,H
22109,4.01,H
22449,3.19,G
22509,4.35,H
22549,3.68,H
22701,4.36,H
22730,5.33,H
22783,4.26,H
22845,4.64,G
23015,2.69,G
23123,4.47,G
23453,3.69,H
23685,3.19,H
23875,2.78,G
23972,4.25,H
24244,4.45,G
24305,3.29,G
24327,4.36,G
24436,0.18,G
24608,0.08,G
24845,4.29,G
24873,5.29,H
25110,5.08,H
25336,1.64,G
25428,1.65,G
25606,2.81,H
25859,3.86,G
25918,5.18,G
25930,2.25,G
25985,2.58,G
26069,3.76,T
26207,3.39,G
26311,1.69,G
26451,2.97,H
26634,2.65,G
26727,1.74,H
27072,3.59,G
27100,4.34,G
27288,3.55,G
27321,3.85,G
27366,2.07,G
27530,4.50,G
27628,3.12,G
27654,3.76,H
27890,4.65,G
27913,4.39,H
27989,0.45,H
28103,3.71,G
28199,4.36,T
28328,3.96,G
28360,1.90,G
28380,2.65,G
28614,4.12,G
28691,5.14,H
28734,4.16,G
28910,4.67,G
29038,4.42,G
29151,5.70,H
29426,4.45,H
29651,3.99,H
29655,3.31,H
29807,4.37,H
30060,4.44,H
30122,3.02,G
30277,3.85,G
30324,1.98,G
30343,2.87,H
30419,4.39,H
30438,-0.62,H
30867,3.76,G
30883,4.13,H
31416,4.54,G
31592,3.95,H
31681,1.93,G
31685,3.17,G
32246,3.06,H
32349,-1.44,G
32362,3.35,H
32607,3.24,H
32768,2.94,H
33018,3.60,G
33152,3.89,H
33160,4.08,H
33347,4.36,H
33449,4.35,G
33579,1.50,G
33856,3.49,H
33977,3.02,H
34045,4.11,H
34088,4.01,H
34444,1.83,G
34481,3.78,G
34693,4.41,G
34769,4.15,G
35037,4.01,H
35228,3.97,H
35264,2.71,G
35350,3.58,G
35550,3.50,G
35904,2.45,G
36046,3.78,H
36145,4.61,H
36188,2.89,G
36377,3.25,H
36850,1.58,G
36962,4.06,G
37279,0.40,G
37447,3.94,G
37504,3.93,G
37740,3.57,H
37826,1.16,G
38146,5.32,G
39429,2.21,H
39757,2.83,H
39794,4.35,G
39863,4.36,H
39953,1.75,H
40526,3.53,G
40702,4.05,H
40843,5.13,H
41037,1.86,G
41075,4.25,G
41312,3.77,G
41704,3.35,H
42313,4.14,H
42402,4.45,G
42515,3.97,H
42536,3.60,G
42568,4.31,H
42799,4.30,G
42806,4.66,G
42828,3.68,G
42911,3.94,G
42913,1.93,H
43103,4.03,G
43109,3.38,G
43234,4.35,G
43409,4.02,H
43813,3.11,G
44066,4.26,G
44127,3.12,H
44248,3.96,H
44382,4.00,G
44471,3.57,H
44700,4.56,H
44816,2.23,H
45080,3.43,H
45238,1.67,G
45336,3.89,H
45556,2.21,H
45688,3.82,G
45860,3.14,G
45941,2.47,H
46390,1.99,H
46509,4.59,G
46651,3.60,G
46733,3.65,H
46776,4.54,H
46853,3.17,H
46952,4.54,H
47908,2.97,H
48319,3.78,T
48356,4.11,H
48402,4.55,H
48455,3.88,G
48774,3.52,H
48926,5.23,H
49583,3.48,H
49593,4.49,G
49641,4.48,H
49669,1.36,G
49841,3.61,H
50099,3.29,H
50191,3.85,H
50335,3.43,G
50371,3.39,H
50372,3.45,G
50583,2.01,G
50801,3.06,H
51069,3.83,H
51172,4.28,H
51232,3.81,H
51233,4.20,H
51437,5.08,H
51839,4.11,H
51986,3.84,G
52419,2.74,H
52468,4.58,H
52727,2.69,G
52943,3.11,G
53229,3.79,H
53253,3.78,G
53740,4.08,G
53910,2.34,H
54061,1.81,H
54463,3.93,H
54539,3.00,H
54682,4.46,H
54872,2.56,G
54879,3.33,G
55282,3.56,G
55687,4.81,H
55705,4.06,H
56211,3.82,H
56343,3.54,G
56480,4.62,H
56561,3.11,G
56633,4.70,G
57283,4.71,H
57363,3.63,G
57380,4.04,H
57399,3.69,H
57632,2.14,G
57936,4.29,G
58001,2.41,H
58188,5.17,H
59196,2.58,G
59199,4.02,G
59316,3.02,H
59747,2.79,G
59774,3.32,H
59803,2.58,G
60000,4.24,H
60030,5.90,H
60718,0.77,G
60742,4.35,H
60823,3.91,H
60965,2.94,G
61084,1.59,H
61174,4.30,G
61199,3.84,H
61281,3.85,H
61317,4.24,H
61359,2.65,G
61585,2.69,G
61932,2.20,G
61941,2.74,G
62322,3.04,G
62434,1.25,G
62956,1.76,G
63090,3.39,H
63125,2.89,G
63608,2.85,H
64166,4.94,H
64241,4.32,G
64394,4.23,H
64962,2.99,G
65109,2.75,G
65378,2.23,H
65474,0.98,G
65936,3.90,H
66249,3.38,G
66657,2.29,H
67301,1.85,G
67459,4.05,G
67464,3.41,G
67472,3.47,H
67927,2.68,G
68002,2.55,G
68282,3.87,G
68520,4.23,H
68702,0.61,G
68756,3.67,H
68933,2.06,G
69427,4.18,G
69673,-0.05,G
69701,4.07,H
70576,4.33,H
70638,4.31,H
71053,3.57,H
71075,3.04,G
71352,2.33,H
71536,4.05,H
71683,-0.01,G
71795,3.78,G
71860,2.30,G
71908,3.18,H
71957,3.87,H
72105,2.35,H
72220,3.73,G
72370,3.83,G
72607,2.07,H
72622,2.75,G
73273,2.68,G
73334,3.13,G
73555,3.49,H
73714,3.25,H
74395,3.41,H
74666,3.46,H
74785,2.61,G
74824,4.07,H
74946,2.87,G
75097,3.00,H
75141,3.22,H
75177,3.57,H
75323,4.48,H
75458,3.29,G
75695,3.66,H
76127,4.14,G
76267,2.22,G
76276,3.80,H
76297,2.80,G
76333,3.91,G
76552,4.34,H
76952,3.81,H
77055,4.29,H
77070,2.63,H
77233,3.65,H
77450,4.09,H
77512,4.59,H
77516,3.54,G
77622,3.71,G
77634,3.97,H
77760,4.60,H
77853,4.13,H
77952,2.83,H
78072,3.85,G
78159,4.14,H
78265,2.89,H
78384,3.42,G
78401,2.29,H
78493,4.98,H
78527,4.01,H
78639,4.65,G
78820,2.56,G
78970,5.72,G
79509,4.95,H
79822,4.95,H
79882,3.23,G
79992,3.91,H
80000,4.01,H
80170,3.74,H
80331,2.73,G
80582,4.46,G
80763,1.06,H
80816,2.78,H
81065,3.86,H
81126,4.20,G
81266,2.82,G
81377,2.54,H
81693,2.81,G
81833,3.48,H
81852,4.23,G
82080,4.21,H
82273,1.91,G
82363,3.77,H
82396,2.29,G
82514,3.00,H
82671,4.70,H
83000,3.19,H
83081,3.12,G
83207,3.92,H
83895,3.17,G
84012,2.43,G
84143,3.32,G
84345,2.78,H
84379,3.12,G
84380,3.16,G
84606,4.64,G
84880,4.32,G
85112,4.15,H
85258,2.84,G
85267,3.31,H
85670,2.79,H
85693,4.41,G
85727,3.60,H
85755,4.78,H
85792,2.84,H
85822,4.35,H
85829,4.86,G
85927,1.62,G
86032,2.08,G
86228,1.86,G
86263,3.54,H
86414,3.82,H
86565,4.24,H
86670,2.39,H
86742,2.76,H
86929,3.61,G
86974,3.42,H
87072,4.53,H
87073,2.99,H
87585,3.73,H
87808,3.86,G
87833,2.24,H
87933,3.70,G
88635,2.98,G
88714,3.65,H
88794,3.84,H
88866,4.33,H
89341,3.84,T
89642,3.10,H
89931,2.72,H
89937,3.55,H
89962,3.23,H
90098,4.35,G
90185,1.79,H
90422,3.49,G
90496,2.82,G
90568,4.10,H
90595,4.67,H
90887,5.16,G
91117,3.85,H
91262,0.03,G
91792,4.01,G
91875,5.11,H
91971,4.34,H
92041,3.17,G
92175,4.22,G
92202,5.38,H
92420,3.52,T
92609,4.22,T
92791,4.22,H
92814,5.08,H
92855,2.05,H
92946,4.62,G
92953,5.35,G
92989,5.36,T
93015,4.40,T
93085,3.52,H
93174,4.83,T
93194,3.25,G
93244,4.02,G
93506,2.60,G
93542,4.74,G
93683,3.76,G
93747,2.99,G
93805,3.43,G
93825,4.23,G
93864,3.32,G
94005,4.57,H
94114,4.11,H
94160,4.10,G
94376,3.07,G
94648,4.45,H
94779,3.80,G
94820,4.88,H
95168,3.92,G
95294,4.27,H
95347,3.96,G
95501,3.36,G
95771,4.44,G
95853,3.76,H
95947,3.05,H
96406,5.64,G
96757,4.39,H
96837,4.39,H
97165,2.86,G
97278,2.72,G
97365,3.68,H
97433,3.84,G
97649,0.76,G
97804,3.87,T
98032,4.12,G
98036,3.71,H
98110,3.89,G
98337,3.51,H
98412,4.37,G
98495,3.97,H
98543,4.66,H
98688,4.43,H
98920,5.09,G
99240,3.55,G
99473,3.24,G
100064,3.58,H
100345,3.05,H
100453,2.23,H
100751,1.94,G
101421,4.03,G
101769,3.64,G
101772,3.11,G
101958,3.77,G
102098,1.25,G
102281,4.43,H
102395,3.42,G
102485,4.13,G
102488,2.48,H
102532,4.27,G
102618,3.78,H
102831,4.89,H
102978,4.12,H
103227,3.67,H
103738,4.67,G
104139,4.08,H
104521,4.70,G
104732,3.21,G
104858,4.47,G
104987,3.92,H
105140,4.71,G
105199,2.45,G
105319,4.39,G
105515,4.28,G
105570,5.16,H
105858,4.21,G
105881,3.77,H
106032,3.23,H
106278,2.90,G
106985,3.69,H
107089,3.73,H
107310,4.49,H
107315,2.38,G
107354,4.14,G
107556,2.85,G
107608,5.02,H
108085,3.00,G
108661,5.43,G
109074,2.95,H
109111,4.47,H
109139,4.29,H
109176,3.77,G
109268,1.73,G
109352,5.58,H
109422,4.94,H
109427,3.52,G
109492,3.39,H
109937,4.14,G
110003,4.17,G
110130,2.87,H
110395,3.86,H
110538,4.42,H
110609,4.55,H
110960,3.65,G
110997,3.97,G
111022,4.34,H
111104,4.52,H
111123,4.82,G
111169,3.76,H
111188,4.29,H
111497,4.04,H
111954,4.18,H
112029,3.41,G
112122,2.07,H
112158,2.93,H
112405,4.13,H
112440,3.97,H
112447,4.20,G
112623,3.49,G
112716,4.05,H
112724,3.50,H
112748,3.51,H
112961,3.73,H
113136,3.27,H
113246,4.20,G
113368,1.17,G
113638,4.11,G
113881,2.44,H
113963,2.49,G
114131,4.28,G
114341,3.68,H
114421,3.88,H
114855,4.24,H
114971,3.70,G
114996,3.99,H
115102,4.41,G
115438,3.96,G
115738,4.95,H
115830,4.27,H
116231,4.38,H
116727,3.21,G
116771,4.13,G
116928,4.49,H
118268,4.03,H
