HIP,Mass,e_Mass,logRad,e_logRad,logTeff,e_logTeff
544,0.98,0.02,-0.07,0.0,3.74,0.0
677,2.9,0.11,0.6,0.01,3.98,0.0
765,1.36,0.66,1.05,0.02,3.68,0.0
1599,0.91,0.0,0.02,0.01,3.77,0.0
2021,1.11,0.14,0.25,0.03,3.77,0.01
2072,1.69,0.09,0.24,0.01,3.91,0.0
2081,1.87,0.42,1.11,0.02,3.67,0.01
2484,2.44,0.08,0.25,0.02,4.04,0.01
3092,1.65,0.39,1.14,0.03,3.64,0.01
3419,2.74,0.45,1.23,0.03,3.68,0.01
3821,0.9,0.01,0.02,0.01,3.77,0.0
4436,2.07,0.1,0.49,0.03,3.91,0.0
4906,1.78,0.47,1.05,0.02,3.69,0.0
5165,1.95,1.86,0.66,0.52,3.71,0.01
5348,3.78,0.15,0.56,0.04,4.1,0.02
5364,1.3,0.42,1.13,0.02,3.65,0.01
6193,2.68,0.15,0.61,0.03,3.95,0.0
6537,1.63,0.38,1.04,0.02,3.67,0.01
6686,2.36,0.04,0.6,0.02,3.9,0.0
7083,1.24,0.51,1.02,0.01,3.69,0.0
7097,3.59,0.31,1.37,0.05,3.69,0.01
7513,1.37,0.01,0.16,0.01,3.81,0.0
7588,5.39,1.82,0.92,0.02,4.16,0.02
8198,2.82,0.33,1.18,0.04,3.7,0.01
8645,2.61,0.73,1.38,0.04,3.66,0.01
8796,1.57,0.07,0.49,0.03,3.8,0.01
8832,2.68,0.15,0.53,0.02,3.99,0.0
8833,1.31,0.67,0.98,0.03,3.7,0.0
8903,1.98,0.14,0.37,0.02,3.91,0.01
9236,1.89,0.0,0.51,0.0,3.86,0.0
9487,2.43,0.1,0.42,0.03,3.96,0.0
9884,1.45,0.31,1.17,0.02,3.66,0.01
10064,2.4,0.07,0.64,0.03,3.9,0.01
10602,3.46,0.13,0.38,0.02,4.11,0.02
10644,0.94,0.12,0.01,0.01,3.77,0.0
10670,2.32,0.05,0.31,0.01,3.97,0.0
11001,2.25,0.12,0.36,0.01,3.96,0.0
11484,2.63,0.11,0.35,0.04,4.02,0.01
11783,1.49,0.12,0.28,0.03,3.82,0.01
12390,1.53,0.1,0.26,0.03,3.83,0.01
12394,2.7,0.07,0.34,0.01,4.02,0.01
12413,1.97,0.06,0.22,0.01,3.95,0.0
12484,1.63,0.14,0.46,0.01,3.82,0.0
12486,1.45,0.57,1.0,0.02,3.68,0.01
12706,2.11,0.05,0.29,0.01,3.94,0.0
12777,1.15,0.1,0.11,0.02,3.8,0.01
12828,1.67,0.11,0.28,0.03,3.86,0.01
12843,1.28,0.01,0.09,0.01,3.81,0.0
13147,1.1,0.56,0.99,0.02,3.69,0.0
13209,3.15,0.11,0.4,0.02,4.07,0.01
13254,1.92,0.04,0.51,0.02,3.85,0.0
13701,1.78,0.54,1.05,0.02,3.67,0.01
13847,2.73,0.0,0.75,0.01,3.91,0.0
14146,1.73,0.09,0.25,0.01,3.91,0.0
14240,1.59,0.07,0.38,0.02,3.84,0.0
14328,3.81,0.05,1.29,0.02,3.75,0.01
14576,2.59,0.06,0.6,0.01,3.96,0.0
14632,1.23,0.1,0.1,0.02,3.79,0.01
14879,1.3,0.12,0.29,0.02,3.79,0.01
15197,1.81,0.09,0.27,0.03,3.89,0.01
15371,0.89,0.01,-0.02,0.01,3.77,0.0
15457,1.05,0.01,-0.04,0.0,3.76,0.0
15900,3.02,0.27,1.17,0.05,3.71,0.01
16611,3.51,0.1,0.55,0.04,4.07,0.02
16852,1.25,0.11,0.17,0.03,3.79,0.01
17378,0.96,0.14,0.39,0.02,3.7,0.01
17440,1.34,0.0,0.96,0.01,3.66,0.0
17651,1.5,0.09,0.2,0.02,3.83,0.01
17797,2.56,0.08,0.34,0.02,4.01,0.01
17874,2.41,0.19,1.1,0.03,3.7,0.01
19747,1.22,0.42,1.01,0.02,3.66,0.01
19780,2.85,0.25,1.14,0.03,3.7,0.01
19893,1.5,0.07,0.2,0.01,3.86,0.0
19921,0.98,0.14,0.59,0.01,3.67,0.0
20042,3.33,0.07,0.47,0.02,4.08,0.01
20205,2.33,0.55,1.09,0.03,3.69,0.01
20455,2.05,0.66,1.07,0.02,3.69,0.01
20635,2.07,0.11,0.48,0.02,3.91,0.0
20648,2.29,0.04,0.36,0.02,3.95,0.0
20711,2.11,0.08,0.52,0.03,3.87,0.01
20885,1.88,0.41,1.06,0.02,3.69,0.0
20889,2.04,0.56,1.14,0.02,3.68,0.01
20894,2.4,0.07,0.67,0.03,3.89,0.01
21281,3.01,0.19,0.57,0.01,4.02,0.01
21393,2.72,0.23,1.19,0.03,3.69,0.0
21589,2.09,0.11,0.44,0.04,3.91,0.01
21594,1.07,0.25,0.99,0.01,3.66,0.0
21770,1.5,0.01,0.17,0.01,3.85,0.0
21861,1.57,0.08,0.21,0.01,3.85,0.0
22449,1.24,0.08,0.12,0.02,3.81,0.01
22509,2.51,0.1,0.47,0.05,3.97,0.01
22701,2.3,0.11,0.7,0.04,3.86,0.01
22845,1.91,0.06,0.22,0.02,3.94,0.0
23693,0.99,0.01,0.03,0.01,3.79,0.0
23875,2.19,0.08,0.54,0.01,3.9,0.0
24244,3.15,0.11,0.41,0.03,4.07,0.01
24305,3.58,0.13,0.53,0.03,4.08,0.02
24813,1.15,0.11,0.08,0.02,3.78,0.01
25110,1.36,0.08,0.15,0.01,3.81,0.01
25336,7.77,2.7,0.76,0.04,4.33,0.02
25428,4.1,0.18,0.71,0.02,4.1,0.03
25606,3.18,0.08,1.2,0.02,3.72,0.01
25918,1.21,0.3,0.7,0.03,3.67,0.01
26634,4.57,0.22,0.81,0.03,4.09,0.02
27072,1.27,0.03,0.08,0.01,3.81,0.0
27100,1.81,0.04,0.47,0.0,3.88,0.0
27288,1.85,0.08,0.22,0.01,3.93,0.0
27321,1.54,0.01,0.17,0.01,3.91,0.0
27530,1.59,0.34,1.04,0.02,3.67,0.01
27628,0.93,0.31,1.05,0.02,3.66,0.01
27654,1.8,0.4,0.95,0.02,3.69,0.01
27890,1.4,0.05,0.68,0.01,3.68,0.0
27913,0.89,0.01,0.0,0.01,3.77,0.0
28103,1.51,0.01,0.19,0.01,3.85,0.0
28360,2.58,0.07,0.63,0.02,3.93,0.0
28380,3.44,0.13,0.69,0.02,4.03,0.01
28614,2.1,0.14,0.53,0.02,3.89,0.0
28734,2.37,0.03,0.92,0.05,3.72,0.01
28910,2.27,0.05,0.34,0.02,3.96,0.0
29271,0.97,0.01,-0.02,0.01,3.75,0.0
29807,1.24,0.55,1.03,0.01,3.69,0.0
30060,2.26,0.1,0.32,0.02,3.96,0.0
30277,2.94,0.16,1.17,0.04,3.71,0.01
30419,1.95,0.14,0.4,0.02,3.89,0.01
31592,1.32,0.03,0.69,0.01,3.68,0.0
31681,2.84,0.08,0.68,0.04,3.96,0.01
32349,2.15,0.07,0.25,0.01,3.98,0.01
32362,1.63,0.11,0.39,0.02,3.82,0.01
32607,2.07,0.1,0.55,0.02,3.88,0.0
33018,2.63,0.07,0.68,0.03,3.91,0.0
33449,2.2,0.11,0.95,0.02,3.71,0.0
34481,1.27,0.69,1.05,0.02,3.68,0.01
35350,2.17,0.02,0.34,0.02,3.93,0.0
36046,1.95,0.39,1.01,0.03,3.68,0.01
36145,2.49,0.13,0.51,0.03,3.97,0.0
36188,3.39,0.18,0.62,0.02,4.05,0.02
36850,2.47,0.02,0.45,0.01,3.95,0.0
37279,1.43,0.18,0.28,0.03,3.83,0.01
37447,1.36,0.66,1.05,0.02,3.68,0.0
37504,1.84,0.41,1.01,0.02,3.68,0.01
37740,2.21,0.33,1.06,0.02,3.7,0.01
37826,1.7,0.4,0.95,0.02,3.68,0.01
38146,2.49,0.23,0.91,0.09,3.74,0.01
40693,0.98,0.01,-0.07,0.0,3.74,0.0
40702,1.61,0.01,0.26,0.01,3.84,0.0
40843,1.25,0.05,0.08,0.01,3.81,0.0
41312,1.1,0.3,1.03,0.02,3.66,0.01
41704,2.96,0.18,1.15,0.04,3.72,0.01
42313,2.52,0.06,0.46,0.03,3.97,0.0
42806,2.32,0.1,0.31,0.02,3.98,0.0
42911,1.76,0.5,1.05,0.02,3.67,0.01
42913,2.51,0.0,0.59,0.0,3.94,0.0
43103,3.1,0.4,1.29,0.07,3.69,0.01
43109,2.5,0.11,0.91,0.05,3.76,0.01
43409,1.71,0.81,1.32,0.04,3.64,0.01
43587,0.92,0.03,-0.04,0.01,3.73,0.0
43813,2.63,0.29,1.2,0.03,3.69,0.01
44066,2.13,0.1,0.52,0.03,3.9,0.0
44127,1.64,0.09,0.23,0.01,3.89,0.01
44248,1.43,0.12,0.25,0.02,3.82,0.01
44382,1.87,0.17,0.44,0.03,3.91,0.01
45238,2.96,0.0,0.8,0.0,3.92,0.0
45336,2.6,0.1,0.31,0.03,4.03,0.01
45688,2.27,0.06,0.4,0.01,3.94,0.0
46509,1.35,0.07,0.12,0.02,3.83,0.0
46651,1.71,0.01,0.3,0.0,3.85,0.0
46733,1.75,0.16,0.4,0.02,3.85,0.01
46853,1.53,0.01,0.34,0.01,3.81,0.0
46952,1.46,0.76,0.95,0.03,3.7,0.01
47908,3.79,0.17,1.34,0.06,3.73,0.01
48319,1.89,0.07,0.52,0.02,3.86,0.0
48356,3.05,0.27,1.22,0.04,3.7,0.01
48455,1.31,0.61,1.13,0.03,3.65,0.01
48926,1.54,0.06,0.2,0.02,3.86,0.0
49593,1.69,0.07,0.2,0.02,3.9,0.0
49641,2.85,0.15,0.59,0.05,3.98,0.01
49669,3.23,0.17,0.59,0.02,4.04,0.01
49841,1.56,0.57,1.0,0.02,3.68,0.01
50191,2.22,0.04,0.29,0.01,3.96,0.0
50335,3.12,0.12,0.97,0.04,3.85,0.01
50372,2.42,0.22,0.49,0.01,3.95,0.0
51233,1.43,0.74,0.93,0.03,3.7,0.01
51459,1.14,0.09,0.04,0.01,3.79,0.0
51986,1.76,0.21,0.37,0.02,3.87,0.01
52727,2.68,0.21,1.13,0.01,3.7,0.0
53229,1.18,0.3,0.92,0.02,3.67,0.01
53253,1.75,0.38,0.85,0.03,3.7,0.01
53740,1.45,0.67,1.13,0.03,3.67,0.01
53910,2.28,0.21,0.49,0.01,3.95,0.01
54539,1.84,0.62,1.31,0.02,3.66,0.0
54682,2.65,0.13,0.59,0.03,3.95,0.0
54872,2.08,0.06,0.35,0.01,3.92,0.0
54879,2.73,0.12,0.63,0.03,3.96,0.0
55282,2.2,0.67,1.3,0.03,3.66,0.01
55705,1.87,0.02,0.25,0.01,3.9,0.0
56343,1.68,0.46,1.03,0.02,3.69,0.0
56633,2.99,0.14,0.53,0.04,4.02,0.01
57363,2.15,0.08,0.53,0.01,3.9,0.0
57399,1.54,0.58,1.33,0.02,3.65,0.0
57632,1.9,0.04,0.21,0.01,3.94,0.0
57757,1.36,0.09,0.16,0.02,3.81,0.01
58188,2.54,0.14,0.43,0.05,3.99,0.01
58576,1.0,0.08,0.0,0.01,3.75,0.01
59199,1.31,0.01,0.13,0.01,3.85,0.0
59774,2.1,0.13,0.32,0.02,3.94,0.01
59803,3.57,0.18,0.64,0.02,4.06,0.02
59847,1.53,0.58,1.04,0.04,3.69,0.0
60000,3.69,0.13,0.48,0.03,4.11,0.02
60030,2.0,0.19,0.5,0.04,3.9,0.0
60351,2.4,0.09,0.84,0.05,3.8,0.01
60697,2.27,0.1,0.66,0.04,3.86,0.01
60718,13.61,1.06,1.0,0.04,4.39,0.02
60742,1.34,0.35,1.09,0.02,3.66,0.01
60965,2.44,0.1,0.38,0.01,3.99,0.0
61174,1.44,0.01,0.19,0.01,3.84,0.0
61199,4.68,0.2,0.59,0.03,4.17,0.02
61317,0.9,0.01,0.01,0.01,3.77,0.0
61359,3.11,0.22,1.19,0.02,3.71,0.01
61585,5.84,0.31,0.77,0.03,4.2,0.02
61932,3.15,0.08,0.71,0.02,3.97,0.0
61941,1.61,0.15,0.29,0.02,3.85,0.01
62322,5.59,0.8,0.7,0.03,4.21,0.02
62763,2.69,0.13,0.97,0.05,3.76,0.01
62956,2.82,0.12,0.59,0.01,3.98,0.0
63125,3.36,0.12,0.37,0.02,4.1,0.02
63608,2.22,0.35,1.06,0.02,3.7,0.01
64166,1.48,0.65,1.07,0.04,3.67,0.01
64241,1.31,0.16,0.13,0.1,3.82,0.01
64394,1.05,0.12,0.03,0.01,3.78,0.0
64924,1.01,0.03,-0.04,0.01,3.75,0.0
64962,2.72,0.25,1.14,0.02,3.7,0.01
65109,2.16,0.05,0.29,0.0,3.95,0.0
65474,10.74,0.69,0.9,0.04,4.35,0.02
66249,2.06,0.04,0.28,0.01,3.93,0.0
67301,3.32,0.19,0.59,0.01,4.05,0.01
67927,1.47,0.05,0.4,0.02,3.79,0.01
68520,2.54,0.14,0.63,0.03,3.91,0.0
68756,3.41,0.08,0.79,0.04,3.99,0.01
68933,1.48,0.6,1.04,0.02,3.68,0.0
69427,1.44,0.68,1.37,0.04,3.63,0.01
69673,1.89,1.05,1.36,0.03,3.65,0.01
69701,1.53,0.09,0.39,0.02,3.8,0.01
70576,2.84,0.09,0.94,0.03,3.82,0.01
71053,1.44,0.67,1.28,0.04,3.63,0.01
71075,1.94,0.0,0.51,0.0,3.89,0.0
71352,5.47,0.8,0.86,0.04,4.16,0.02
71536,4.47,0.2,0.52,0.04,4.17,0.02
71681,0.94,0.02,-0.07,0.0,3.72,0.0
71683,0.99,0.05,0.11,0.01,3.75,0.0
71795,2.54,0.17,0.6,0.03,3.94,0.0
71908,1.81,0.03,0.26,0.01,3.89,0.0
71957,1.55,0.12,0.28,0.03,3.84,0.01
72220,2.43,0.08,0.38,0.02,3.98,0.01
72622,2.06,0.13,0.49,0.01,3.9,0.0
73555,3.21,0.22,1.25,0.03,3.69,0.01
73695,1.12,0.12,0.07,0.02,3.77,0.01
74395,1.97,0.6,0.98,0.03,3.7,0.01
74666,1.21,0.52,1.02,0.01,3.69,0.0
74785,3.27,0.14,0.67,0.02,4.01,0.01
74824,1.89,0.09,0.26,0.02,3.94,0.0
74946,2.96,0.0,0.74,0.01,3.95,0.0
75458,1.05,0.36,1.11,0.02,3.65,0.01
75695,2.02,0.06,0.55,0.02,3.86,0.0
76127,3.86,0.13,0.56,0.04,4.1,0.02
76267,2.31,0.21,0.49,0.01,3.95,0.01
76276,2.55,0.06,0.8,0.03,3.86,0.01
76333,1.37,0.68,1.06,0.02,3.68,0.0
76952,2.37,0.19,0.46,0.03,3.96,0.01
77070,0.95,0.34,1.09,0.02,3.65,0.01
77233,2.37,0.08,0.56,0.02,3.93,0.0
77257,0.97,0.09,0.13,0.02,3.77,0.01
77512,2.18,0.04,0.8,0.02,3.73,0.01
77516,2.76,0.08,0.5,0.02,3.99,0.01
77622,1.81,0.01,0.22,0.01,3.92,0.0
77634,2.7,0.15,0.53,0.03,3.99,0.0
77760,1.27,0.13,0.16,0.03,3.8,0.01
77853,1.35,0.66,1.04,0.02,3.68,0.0
77952,1.71,0.04,0.24,0.01,3.87,0.0
78072,1.28,0.01,0.12,0.01,3.81,0.0
78527,1.51,0.08,0.41,0.02,3.79,0.01
78639,2.25,0.24,1.01,0.04,3.7,0.01
78970,1.69,0.11,0.27,0.05,3.87,0.01
79672,1.05,0.08,-0.01,0.01,3.77,0.0
79822,1.52,0.1,0.28,0.02,3.84,0.01
79882,1.26,0.45,1.03,0.01,3.69,0.0
79992,4.57,0.2,0.56,0.03,4.17,0.02
80000,1.28,0.42,1.01,0.02,3.66,0.01
80170,2.5,0.13,0.79,0.03,3.85,0.01
80331,2.2,0.09,1.02,0.01,3.7,0.0
80686,0.95,0.01,0.02,0.01,3.78,0.0
80816,3.07,0.31,1.23,0.03,3.7,0.01
81065,2.31,0.3,1.05,0.02,3.7,0.01
81126,3.03,0.14,0.69,0.02,3.97,0.0
81693,1.5,0.04,0.38,0.0,3.78,0.0
81833,1.22,0.67,0.97,0.01,3.7,0.0
81852,1.76,0.38,1.04,0.02,3.67,0.01
82396,1.21,0.27,1.1,0.02,3.66,0.01
83000,0.89,0.3,1.04,0.02,3.66,0.0
83207,2.54,0.15,0.46,0.01,3.98,0.0
84143,1.77,0.05,0.5,0.01,3.82,0.0
84379,2.1,0.13,0.35,0.02,3.94,0.01
84606,2.3,0.08,0.37,0.02,3.96,0.0
84880,2.31,0.18,0.47,0.02,3.95,0.01
85727,3.34,0.09,0.48,0.02,4.07,0.01
85792,4.37,0.26,0.72,0.04,4.12,0.02
85822,2.49,0.02,0.43,0.03,3.96,0.01
85829,1.62,0.01,0.23,0.01,3.87,0.0
86032,2.12,0.02,0.37,0.0,3.92,0.0
86228,4.63,0.01,1.37,0.03,3.82,0.01
86263,2.09,0.11,0.51,0.02,3.87,0.0
86565,2.18,0.21,0.49,0.03,3.93,0.0
86742,1.13,0.35,1.12,0.02,3.65,0.01
87585,0.94,0.3,1.05,0.01,3.66,0.0
87933,1.67,0.46,1.01,0.01,3.69,0.0
88635,1.25,0.56,1.03,0.01,3.69,0.0
88866,1.91,0.11,0.47,0.01,3.88,0.0
89937,1.05,0.0,0.08,0.0,3.8,0.0
89962,1.41,0.26,0.77,0.03,3.69,0.01
90185,3.47,0.06,0.85,0.02,3.97,0.0
90422,5.16,0.3,0.5,0.03,4.22,0.02
90496,1.78,0.45,0.99,0.02,3.68,0.01
90568,1.9,0.42,0.94,0.03,3.69,0.01
90595,2.49,0.13,0.61,0.04,3.93,0.0
90887,2.19,0.1,0.37,0.02,3.94,0.0
91117,1.33,0.63,1.3,0.04,3.63,0.01
91262,2.51,0.04,0.43,0.0,3.97,0.0
91792,1.79,0.71,1.25,0.03,3.66,0.01
91875,2.17,0.1,0.35,0.03,3.94,0.0
91971,2.06,0.14,0.47,0.04,3.9,0.01
92041,3.67,0.19,0.68,0.04,4.06,0.02
92855,4.92,0.26,0.83,0.03,4.11,0.02
92946,1.95,0.09,0.29,0.04,3.92,0.0
92953,1.57,0.73,1.06,0.04,3.68,0.01
93174,1.52,0.1,0.31,0.02,3.83,0.01
93244,1.84,0.5,1.07,0.03,3.67,0.01
93506,2.27,0.13,0.51,0.02,3.93,0.0
93542,2.48,0.09,0.32,0.02,4.0,0.0
93683,1.26,0.66,1.05,0.02,3.68,0.0
93747,2.37,0.05,0.36,0.01,3.97,0.0
93805,2.99,0.09,0.35,0.02,4.07,0.01
93825,1.36,0.11,0.28,0.03,3.8,0.01
93864,1.43,0.51,1.17,0.03,3.65,0.01
94005,1.56,0.43,1.03,0.03,3.67,0.01
94114,2.27,0.05,0.34,0.02,3.96,0.0
94376,1.27,0.67,1.04,0.01,3.69,0.0
94648,1.22,0.33,1.09,0.02,3.64,0.01
94779,0.96,0.45,0.97,0.01,3.69,0.0
95168,1.91,0.1,0.49,0.02,3.88,0.0
95294,1.93,0.08,0.54,0.02,3.85,0.0
95347,3.17,0.12,0.36,0.03,4.09,0.01
95501,1.7,0.03,0.23,0.01,3.87,0.0
95853,2.03,0.13,0.49,0.02,3.9,0.01
96406,2.16,0.16,0.5,0.05,3.9,0.01
97165,2.93,0.15,0.71,0.01,3.96,0.01
97433,2.19,0.3,0.99,0.03,3.7,0.01
97649,1.6,0.09,0.25,0.01,3.88,0.0
98032,1.43,0.71,1.14,0.02,3.67,0.0
98036,1.27,0.05,0.49,0.03,3.71,0.01
98110,1.82,0.5,1.03,0.02,3.68,0.01
98495,2.26,0.08,0.24,0.01,4.01,0.01
98543,2.23,0.1,0.57,0.03,3.89,0.01
98920,0.99,0.24,0.89,0.02,3.67,0.0
99240,0.94,0.07,0.08,0.02,3.75,0.01
99473,3.64,0.15,0.83,0.05,4.0,0.01
100064,1.83,0.62,0.92,0.03,3.71,0.01
100751,4.38,0.21,0.8,0.02,4.08,0.02
101769,1.92,0.05,0.57,0.01,3.83,0.01
101772,1.19,0.64,1.04,0.02,3.68,0.0
101958,3.05,0.18,0.63,0.03,4.0,0.01
102281,2.21,0.08,0.65,0.04,3.86,0.01
102395,2.29,0.13,0.6,0.01,3.9,0.0
102485,1.31,0.07,0.16,0.02,3.82,0.01
102488,1.93,0.43,1.03,0.02,3.68,0.01
102532,0.98,0.23,0.86,0.02,3.67,0.0
102618,2.84,0.17,0.67,0.04,3.96,0.01
103738,2.23,0.25,1.01,0.04,3.7,0.01
104139,2.45,0.1,0.41,0.03,3.98,0.01
104521,1.84,0.02,0.29,0.02,3.88,0.0
104732,2.67,0.39,1.18,0.02,3.69,0.01
104858,1.34,0.09,0.23,0.02,3.8,0.01
104987,2.47,0.12,0.88,0.05,3.79,0.01
105140,2.18,0.09,0.34,0.03,3.94,0.0
105319,1.88,0.06,0.25,0.01,3.91,0.0
105515,2.52,0.23,1.06,0.03,3.71,0.01
105858,1.1,0.02,0.0,0.0,3.8,0.0
106985,2.25,0.07,0.63,0.04,3.86,0.01
107089,1.04,0.26,0.77,0.03,3.68,0.01
107310,1.4,0.11,0.3,0.02,3.81,0.01
107354,1.8,0.1,0.52,0.02,3.83,0.01
107556,1.52,0.01,0.16,0.01,3.91,0.0
108085,3.45,0.13,0.69,0.03,4.03,0.01
109139,2.79,0.1,0.34,0.03,4.04,0.01
109176,1.35,0.01,0.13,0.01,3.83,0.0
109268,3.14,0.13,0.65,0.02,4.01,0.01
109352,1.15,0.55,1.0,0.02,3.68,0.0
109422,1.16,0.1,0.15,0.02,3.8,0.01
109427,2.1,0.13,0.37,0.02,3.93,0.01
110003,2.22,0.57,1.09,0.03,3.69,0.01
110109,0.96,0.13,0.01,0.01,3.77,0.0
110395,2.7,0.11,0.38,0.04,4.02,0.01
110538,1.95,0.37,1.01,0.02,3.68,0.01
110960,2.02,0.09,0.57,0.02,3.83,0.01
110997,3.13,0.4,1.33,0.04,3.68,0.01
111123,2.7,0.13,0.41,0.05,4.01,0.01
111169,2.27,0.09,0.3,0.01,3.97,0.0
111188,2.37,0.04,0.33,0.02,3.97,0.0
111497,2.96,0.1,0.4,0.03,4.05,0.01
112029,3.22,0.19,0.6,0.02,4.04,0.01
112158,3.59,0.19,1.3,0.03,3.72,0.01
112405,1.94,0.0,0.51,0.0,3.88,0.0
112447,1.34,0.12,0.23,0.03,3.81,0.01
112623,2.3,0.16,0.52,0.02,3.93,0.0
112724,1.85,0.38,1.05,0.02,3.68,0.01
112748,1.38,0.68,0.99,0.02,3.7,0.01
113136,2.51,0.14,0.63,0.05,3.93,0.0
113246,1.44,0.59,1.02,0.03,3.69,0.0
113368,1.97,0.08,0.27,0.01,3.92,0.0
113638,1.53,0.29,0.87,0.04,3.69,0.01
113963,2.95,0.14,0.7,0.02,3.96,0.01
114131,1.92,0.11,0.58,0.02,3.83,0.01
114421,2.32,0.54,1.13,0.03,3.69,0.01
114855,1.19,0.37,1.05,0.03,3.66,0.01
114971,1.82,0.69,0.98,0.02,3.7,0.01
114996,1.58,0.12,0.34,0.04,3.83,0.01
115102,1.54,0.41,1.08,0.03,3.66,0.01
115438,1.34,0.6,1.13,0.03,3.67,0.0
115738,2.15,0.12,0.28,0.02,3.96,0.0
115830,1.75,0.43,1.04,0.02,3.67,0.01
116231,2.89,0.1,0.31,0.02,4.08,0.01
116727,1.33,0.0,0.68,0.01,3.68,0.0
116771,1.38,0.07,0.15,0.01,3.81,0.0
116928,1.88,0.05,0.25,0.01,3.9,0.0
118268,1.81,0.1,0.52,0.01,3.83,0.01
