source_id,r_med_geo,r_lo_geo,r_hi_geo,r_med_photogeo,r_lo_photogeo,r_hi_photogeo
8900825800310016,135.29407,132.92308,138.59468,136.23242,133.56317,138.68747
11166438229308672,66.53584,65.306404,68.03454,66.12189,64.81979,67.60386
18118925129052544,123.89173,120.34099,128.11662,123.52026,119.7058,127.329636
21859669845327488,26.535902,26.412184,26.704569,26.63436,26.482464,26.826756
48026706558487040,44.650326,44.310673,44.93807,44.641262,44.28488,44.992012
65205373152172032,142.66064,137.17679,148.65869,141.26079,134.23259,148.06897
65271996684817280,121.61213,115.70918,128.88344,121.54341,113.72946,128.3856
65283232316451328,130.64438,126.17799,136.38568,130.68945,125.5952,136.3735
65287458566524928,134.37146,133.1028,135.70512,134.61894,133.47684,135.82907
65296907494549120,105.301414,101.37064,110.23529,105.16173,100.947655,109.49322
66526127137440128,125.42968,117.72701,134.53589,123.79286,117.612076,131.03609
66529975427235712,137.43317,134.63635,139.48549,137.7078,134.99156,140.4868
66798496781121792,136.17566,134.41302,137.70808,136.36145,134.36876,137.85052
143293685388561664,38.58191,38.22904,38.972992,38.745304,38.33566,39.17715
145674574739951872,47.761127,47.401684,48.119083,47.796074,47.44954,48.16888
145727729255780736,45.908237,45.570587,46.28599,45.815254,45.415432,46.200413
146483849657244928,122.0148,116.96116,127.82081,,,
160886283751041408,139.82903,132.39871,149.0186,136.34718,130.5106,144.65802
168726523212358272,264.2985,241.95654,286.6825,262.18216,239.31953,296.96716
200929706966014976,951.5496,676.9546,1818.0911,886.18677,661.00745,1224.1736
216718178536050176,340.94104,300.7052,392.59302,345.29877,295.35107,395.36502
219375904303684224,417.69293,378.66763,475.8021,425.8261,376.98407,483.21356
229898024422755840,188.6461,174.81795,202.40506,189.41818,177.23505,203.18999
248577867988535296,159.54207,148.7743,174.72511,153.02374,141.90807,169.42621
294090536905167744,121.80786,119.753876,124.07008,121.474304,118.24236,124.19741
296483280365523840,98.57237,97.182976,100.27824,98.300766,96.84824,99.656784
314142055583243904,117.407585,116.24353,118.64389,117.439064,116.45781,118.353
326109689896765568,35.658245,35.15506,36.200035,35.679993,35.10577,36.220867
364785939116867072,37.69095,36.794525,38.79349,37.421017,36.55459,38.311604
375010813139050368,173.25273,168.13742,178.76396,173.08134,166.55205,180.06558
418551920284673408,70.84735,68.57784,73.49389,71.198784,68.63439,73.8652
447071293401293056,71.56367,67.907005,76.01316,70.26686,66.32029,74.77299
454491381981202944,305.2295,286.56204,324.2142,305.08548,288.10196,319.12967
462250738616785152,949.0476,860.4516,1092.7021,972.2823,862.81946,1089.063
475117464201957888,117.71907,116.31556,119.13946,117.06694,115.801834,118.217514
482818271843093376,1717.7948,1478.7683,2091.5535,1694.756,1430.3865,2080.7349
495235297172196864,118.11913,117.01411,119.36016,117.70505,116.65345,118.817055
510204838759030144,31.212337,30.787964,31.661863,31.191748,30.83787,31.53873
511974502720839040,143.14058,138.02849,148.01613,140.3659,135.42078,145.70161
553480551264062848,20.777674,20.737635,20.812613,20.773014,20.744772,20.805859
582791194797052416,95.555176,93.74189,97.266365,95.830154,94.44272,96.975296
583588100209595776,46.99583,46.433907,47.50875,46.85293,46.345387,47.323765
594595517273147648,54.15435,53.40265,55.0172,54.256428,53.116604,55.099834
604789257076233728,54.435326,53.51838,55.488113,54.49085,53.605545,55.459503
622052899598187392,598.6782,507.67303,725.73926,558.2653,486.54984,658.9444
641662895638787584,69.65914,68.42771,70.95177,69.824,68.54421,71.01619
643819484617141504,38.271854,38.008495,38.502945,38.327656,38.09462,38.59824
660136821288588416,41.8043,41.535973,42.11157,41.940517,41.6383,42.232956
661271173693364864,167.06178,163.64412,170.58041,167.47653,164.3424,171.01569
661291136701346304,184.42776,182.9652,186.2418,184.06264,182.47366,185.68924
661297080936069632,183.36322,182.32027,184.80669,183.5544,182.65277,184.43507
661324431287688448,183.12871,182.20901,183.89645,183.23096,182.35321,183.96686
662794169095142912,185.51736,184.73206,186.39023,185.4402,184.63474,186.13876
664950414475977728,53.54297,52.87361,54.061073,53.491264,52.870438,54.050575
683184784030475520,18.209084,18.176966,18.236973,18.21213,18.17819,18.241796
702343774145932544,68.043884,67.2428,68.87786,67.70043,66.87813,68.62004
705156050012755712,106.08957,104.17196,107.83205,105.67379,104.0352,107.86289
719103698606421888,214.30624,209.89972,219.7754,213.05867,205.48102,219.07054
725422076533653504,70.96975,69.303825,72.44894,71.6389,70.261375,73.11177
738259665062428416,30.368631,30.214087,30.51334,30.361061,30.20753,30.49805
747570290871415680,27.512903,27.386494,27.691906,27.451586,27.336628,27.57218
779106556394253824,42.968796,42.48825,43.41119,43.104153,42.65314,43.525017
786420645182229504,60.88799,60.533207,61.328663,60.760864,60.434303,61.077034
798883781282661248,58.552418,58.03024,58.995945,58.47508,58.174397,58.96197
804753180515722624,56.24688,55.02024,57.432125,56.37625,55.35892,57.59144
805881416880407936,70.988434,66.5223,75.983406,69.05433,65.56889,74.111946
810952158347760128,40.477932,40.019844,40.88728,40.297733,39.91949,40.739716
816649002967779584,18.793291,18.498402,19.068287,18.75286,18.492609,19.007492
856096765753549056,25.985634,25.244854,26.88007,26.016953,25.265608,26.905981
866177431955478144,18.597721,18.510538,18.665632,18.598148,18.499252,18.687664
867815979158660352,45.243263,44.87575,45.550644,45.1518,44.678024,45.481674
872128538640246144,77.401985,76.22438,78.685814,78.501656,76.94317,79.787834
873035017257455104,41.460068,41.14174,41.77634,41.632015,41.30539,41.94735
886479673643853952,120.516335,118.393745,122.83723,119.57669,117.30979,122.06024
916230087468692864,112.684044,110.603355,115.05971,113.42006,110.95163,116.00647
939307084189685248,59.39682,58.5947,60.29016,58.898296,57.823006,60.04999
976842521375217280,83.94222,82.993706,84.75389,83.67102,82.67033,84.79719
1004671160675810816,49.19567,47.56059,51.145596,48.696117,46.86914,50.567375
1018776176872261248,13.53141,13.491461,13.566801,13.542505,13.51053,13.574559
1041808368494264576,55.683853,55.307674,56.126167,55.7379,55.301685,56.065483
1049765396704695936,35.187557,35.031757,35.438835,35.218487,35.057796,35.37813
1061909811871141504,116.0153,114.16306,118.05426,115.48183,112.881004,117.4645
1064092789129355136,23.728697,23.6291,23.819284,23.743324,23.643467,23.83246
1193030490492925824,11.159443,11.139035,11.17944,11.15886,11.138417,11.182558
1195823284391343104,46.23333,45.69904,46.868244,46.335033,45.648,46.978413
1197588859547184640,116.69383,114.42414,119.25362,116.66022,114.11993,119.34073
1201067439457715072,59.27295,58.74684,59.63738,59.085426,58.62789,59.60455
1220404653534258816,73.99098,73.38813,74.501045,73.899445,73.41559,74.35796
1222646935698492160,23.687468,23.067986,24.308903,23.76685,23.165667,24.356695
1222932018450870144,51.20087,50.99554,51.431908,51.233818,50.977695,51.44521
1243381938292692096,74.30465,73.50745,75.1844,74.29846,73.465096,75.048874
1273423791421021568,35.599792,34.386677,36.856113,35.614307,34.48789,36.728752
1278391075717325312,36.88946,36.710037,37.083942,36.89365,36.74259,37.03068
1279798794197267072,72.41384,69.45898,74.53039,72.694786,70.02615,75.24959
1284537517514584704,50.18228,49.778015,50.587788,50.283184,49.944317,50.60706
1296713990316692096,71.90697,71.40349,72.447,71.9078,71.32574,72.57512
1297565458994346240,45.340336,43.70953,47.352047,44.511997,42.90207,46.00582
1310284059748155136,50.532448,50.08157,50.94608,50.56184,50.20589,51.016315
1320255698202371072,113.46841,112.29635,114.57901,113.28899,112.10762,114.275734
1339952869195300608,112.54992,110.8003,114.35597,111.94971,110.5039,113.6112
1340068730232295552,53.56907,53.376507,53.8902,53.523388,53.297047,53.765633
1352588216303348608,34.16565,33.976185,34.33137,34.14993,34.00812,34.30064
1357126587985743104,92.243324,89.13369,95.322525,92.67689,89.80084,96.27727
1362451076122760320,154.111,148.84317,160.18288,153.42615,149.13066,159.03305
1384195086792268800,15.895546,15.874887,15.918872,15.8953285,15.872184,15.916032
1385978666451514112,98.08828,96.1739,100.003876,98.15937,96.19153,100.081604
1420972548150735744,29.87788,29.767223,30.005075,29.886404,29.749006,29.98248
1421593566062037120,34.44363,34.29188,34.592377,34.408657,34.26737,34.527008
1460229442589223424,9.1957655,9.175503,9.210662,9.200912,9.184226,9.215003
1487434040320076800,26.363834,26.159513,26.54249,26.288261,26.10643,26.477346
1517698716348324992,30.589836,30.147678,31.075165,30.44808,29.931293,30.977293
1534011998572555776,8.471735,8.462021,8.480533,8.469254,8.457248,8.479733
1575287046603605888,24.787199,24.679493,24.902685,24.79358,24.690784,24.907433
1614731957531452544,30.735825,30.601128,30.842533,30.750261,30.62895,30.900785
1623289903206300928,21.509922,21.441242,21.565256,21.521309,21.463083,21.581097
1625209684868707328,27.991003,27.803759,28.202202,27.97602,27.764656,28.198586
1632499034644723968,128.86597,120.590034,141.6812,127.65986,118.67418,140.09637
1667976701458958848,79.65551,78.604774,80.730484,79.72542,78.0506,80.964905
1683102889080800640,145.34299,139.41708,151.45631,141.9936,136.60625,148.2665
1696877570753454208,153.9043,147.7074,159.83725,152.76784,146.82521,159.62297
1704062466923822336,29.896898,29.812078,30.00011,29.877348,29.783546,29.983486
1707399209837352064,109.95289,108.2891,111.3493,110.141945,108.46281,111.79716
1710727122296357376,101.17913,99.61554,102.55958,100.71187,99.4745,102.30847
1724851173788449536,55.894333,55.635963,56.162933,55.866646,55.60348,56.164646
1732693474833518720,58.094784,57.375027,58.8313,58.048622,57.032124,59.049706
1738927465244452736,97.9325,96.73389,99.00318,98.03382,96.838066,99.12999
1744662586614707072,35.363735,35.21641,35.569717,35.339695,35.1683,35.514206
1755320049747788160,112.05093,110.25851,114.178856,111.86721,109.28188,114.4628
1762513222314906752,67.52474,66.90274,68.03273,66.88156,66.42824,67.22938
1763000413344449792,35.523735,35.33324,35.66611,35.53597,35.3349,35.69049
1810711143451975296,73.060936,71.27583,74.94821,73.08894,71.35223,75.33262
1823067317695766784,88.04346,87.05286,89.22218,88.08431,86.619385,89.45451
1823437097192796544,47.831985,47.592113,48.0585,47.87026,47.670662,48.084396
1823991938314881152,135.0172,132.91275,136.98352,135.18486,133.44572,137.01959
1824277055360974720,130.55876,128.60187,132.26253,131.44221,129.26239,133.54198
1824534959611831680,169.26782,162.96667,179.1587,166.36938,157.48462,174.87486
1851924859353116928,45.768166,45.44187,46.06362,45.71787,45.425594,46.11544
1876331990259358976,115.77677,112.27442,119.90345,116.3145,111.8029,119.82705
1876510592179455744,34.5786,34.329872,34.835453,34.466442,34.29059,34.668003
1887953690728237568,60.597946,58.506596,63.207962,59.950542,56.15432,62.816917
1891598193816300544,11.901073,11.870956,11.9264145,11.90604,11.87479,11.932747
1899240933502898944,88.44987,87.38963,89.61863,88.417,87.224655,89.41578
1907131544341497600,206.5275,201.0914,211.56046,208.56554,202.66714,215.2629
1981881498752967552,352.93826,337.0547,371.09875,350.33154,334.4108,372.9001
1986628812013105152,669.3509,623.6366,738.6641,664.9029,611.53186,727.2936
1988193348344678656,31.661922,31.468369,31.856295,31.70624,31.527819,31.926723
1999776222304976384,765.6349,722.1464,817.804,785.8719,739.8958,841.5699
2001387556602514304,51.704636,51.436543,52.028072,51.790337,51.416546,52.12531
2022881668925464320,88.91474,87.98611,89.721176,88.74217,87.78763,89.7345
2026116260337482112,111.26587,106.12143,116.10805,111.870186,107.23743,116.69018
2027458764012840576,74.21483,73.6829,74.64355,74.33027,73.69456,74.87316
2043823929421342848,202.48582,192.5659,212.06856,203.35674,193.15596,211.9433
2059372363884259072,42.418774,42.255985,42.621033,42.40409,42.226086,42.585995
2079784488001577600,47.21762,46.1311,48.224354,46.99356,46.012383,47.98922
2090687795056051328,279.8454,266.5051,295.1818,276.21762,263.0956,289.68326
2093931938472201600,237.78618,222.0895,259.96838,236.6844,223.63629,258.2309
2096875399817444736,48.359932,48.040886,48.718437,48.369736,48.06368,48.68951
2136270970154631168,37.46169,37.202267,37.704285,37.452297,37.17057,37.762093
2139664063041544576,37.73158,37.57419,37.855343,37.72743,37.573963,37.881268
2199493438511811712,304.55872,292.4698,318.7001,304.51245,290.43863,320.2122
2211820991085587584,36.62964,36.463833,36.79831,36.57523,36.439796,36.74444
2251191616254289152,46.880627,46.63298,47.183952,46.83868,46.48962,47.107456
2255173119658513408,29.968904,29.811268,30.105877,29.995356,29.839987,30.12831
2265035532800158848,46.017048,45.44254,46.706215,45.91801,45.27566,46.46329
2281778105594488192,13.788087,13.764075,13.814422,13.782625,13.751078,13.808238
2386316510063903616,78.75418,77.404915,80.21084,78.73087,77.276344,80.227036
2392584791494639744,50.384632,49.553783,51.34087,50.363693,49.653427,51.045837
2404579570000684544,43.491856,41.232273,45.86785,43.848095,41.809383,46.423626
2429978803998630400,85.27054,83.93028,86.76685,84.94719,83.694016,86.37029
2452378776434477184,3.6521678,3.6493063,3.6543808,3.6524906,3.6495962,3.6545737
2461150714560126080,77.41963,76.24516,78.56349,77.71795,76.29392,78.99302
2470140321630664064,36.873913,36.64485,37.092484,36.919353,36.69676,37.24437
2478112158887431296,34.43278,34.168243,34.67289,34.37459,34.16566,34.63498
2498783458525988992,193.9549,184.30804,202.62538,194.27252,185.18887,203.94327
2512513678696855936,60.018124,59.125328,60.66021,59.805584,58.94375,60.810005
2521951302394350336,96.2963,92.95586,99.51176,95.86235,93.19738,99.60591
2556759229189045632,91.8334,90.05536,93.42399,91.91823,90.3633,93.20481
2562091860584132096,111.281715,109.361084,113.67592,112.28981,110.0931,114.74419
2565225915399877760,107.38111,105.540665,109.09591,107.09705,105.11731,109.58824
2572221764290136192,79.65531,78.87345,80.48412,79.80097,78.84806,80.5572
2577673177300873216,56.08532,55.616177,56.507908,56.16523,55.55152,56.74594
2591891443195067264,119.65902,108.13912,134.00662,115.42978,102.29525,130.18245
2602755064754413312,63.278515,61.83418,65.01334,63.11282,61.06765,64.74993
2603370653827638656,99.632164,98.207825,101.34433,98.735794,96.61231,100.86139
2610370969483589888,111.87222,109.51066,114.31863,108.69729,105.98249,110.65497
2612171866450404992,64.77066,63.87485,65.96368,64.39807,63.4992,65.187325
2616542115933350144,58.392418,57.91623,58.88634,58.291004,57.858356,58.86481
2630155547353593216,45.28254,45.04536,45.558357,45.2,44.885014,45.505585
2645537646306946688,49.080055,48.813683,49.32943,49.135487,48.92013,49.33817
2646511813609323008,32.003895,31.841475,32.192513,32.002693,31.841503,32.1857
2653884210872467200,54.660713,53.370327,55.92097,54.6037,53.432247,55.833282
2658974606111711488,41.235245,40.657005,41.647594,41.23042,40.811535,41.74271
2661524098698483456,51.91382,51.41964,52.37172,51.75635,51.163887,52.230045
2671038928727970944,165.82198,160.93205,170.6121,166.1203,161.37299,171.75839
2677558895241364864,38.660023,37.85596,39.495613,38.675854,37.89252,39.55111
2680356911816018048,202.14091,186.39548,221.81941,211.9376,194.74202,233.38461
2719475542667772416,16.393244,16.350882,16.433716,16.403473,16.362385,16.449356
2745491430891511168,32.94982,32.715683,33.19598,33.018814,32.742268,33.26324
2749182560143316224,140.97064,139.21747,142.83965,140.90567,139.0747,142.8155
2756363608023588864,13.656709,13.623964,13.688887,13.648673,13.617403,13.675062
2769202742740232960,146.2247,135.6446,155.73048,145.8271,138.21857,156.26317
2858629802998456576,31.59599,31.081385,32.00193,31.760933,31.344162,32.210796
2885572407726698880,57.531,57.247288,57.76011,57.445442,57.19124,57.74478
2887631548188825600,324.96567,313.62277,337.92462,322.915,309.5838,336.23666
2887731882922767744,27.106264,26.996641,27.20514,27.114756,27.04151,27.203741
2891816671700460288,66.19581,64.53379,67.843376,67.30268,65.373505,69.19655
2896572746685604480,105.874794,100.498566,110.63617,105.97356,100.55297,111.11874
2900546759663847168,88.85347,85.53176,92.20265,88.53307,83.87577,91.590385
2921635736292220800,1449.3083,1052.5222,2452.2114,1316.351,955.09247,2410.5574
2921973698674974592,782.74634,709.45593,873.0667,819.7383,746.19025,893.994
2924982684039630080,125.15621,121.32228,129.36852,124.83842,121.9948,128.00969
2934094096385049728,1135.9376,952.4791,1653.8856,1108.4961,893.5955,1515.5262
2936152657031151232,131.75337,128.24316,134.63918,130.12457,126.51309,132.8341
2939555954755196160,20.465994,20.420958,20.512709,20.463324,20.409737,20.52708
2952868119987647744,82.875626,81.90468,83.579384,82.73686,81.79688,83.56052
2962546605447869184,64.110176,63.74998,64.52385,64.04133,63.62218,64.46488
2964000159821218432,8.901443,8.88946,8.91464,8.902584,8.892405,8.914423
2965792913525710976,35.127026,34.949398,35.307224,35.207603,35.007946,35.41142
2968097043228517120,47.95423,47.375305,48.395008,47.87877,47.458794,48.360405
2983168461421919488,52.25174,51.454155,53.124527,51.989643,51.09049,52.854034
2988329637719192960,298.63342,284.5014,316.14804,297.59073,283.3287,316.14447
2988537651577170176,142.65784,138.01497,147.88306,142.86252,139.04288,146.14508
2988831083742776192,107.97055,106.64163,109.07795,108.340614,107.06686,109.74082
2989514155341556224,70.80884,69.5207,72.15656,69.862236,68.17512,71.95571
2993876570803825664,51.245987,50.929638,51.560345,51.31069,51.00468,51.570786
2995725777563537792,14.951962,14.915789,14.984471,14.951649,14.915804,14.994719
2996171698248699904,22.349195,22.23552,22.456774,22.29456,22.17106,22.400593
3017364063330465152,432.38034,425.9827,438.7479,432.99515,427.17126,438.73135
3017364063330718080,393.42737,373.5918,411.62833,401.06955,374.96158,431.95715
3017364132049943680,374.72595,368.36505,379.41064,373.77136,368.38904,379.10675
3017364132050194688,372.89548,363.46613,384.89432,376.7463,367.00027,387.5829
3019816764523863552,196.12822,189.78712,202.39523,196.82523,191.13058,204.37128
3041619014955371392,44.64262,44.321583,44.920303,44.617134,44.373363,44.84752
3070413334696277248,309.23328,296.07544,321.85837,306.52484,296.9393,318.72794
3079329274484276480,156.85893,152.02946,162.04448,156.14836,151.77798,161.75539
3080111439567156992,114.19644,112.6154,116.01296,113.962944,112.5482,116.26669
3098404220680931968,99.23244,95.88439,102.89064,99.24775,96.11711,102.2146
3110959269077522816,126.96521,122.77556,130.80182,124.13416,119.32923,128.51001
3131481481815810432,41.520794,41.095615,42.006577,41.49653,40.97547,42.048676
3168265196643846400,30.612606,30.449974,30.799427,30.645832,30.484747,30.830149
3174163561130003840,34.609726,34.412422,34.84018,34.637825,34.450867,34.86548
3182891931108590336,274.77826,259.06323,295.60098,271.50772,258.86838,288.25522
3188462022653817472,66.7989,66.24385,67.43436,66.79988,66.21523,67.30346
3204884534485995264,210.04758,199.08478,222.74014,209.55043,200.13234,220.91232
3211922645854328832,27.586771,27.32209,27.868069,27.548819,27.279688,27.873066
3225773709225508736,173.33034,165.36882,180.71048,170.77751,163.65677,179.60382
3231949906557374592,236.78006,229.96838,246.1145,234.13576,224.58699,242.76558
3232279416447924864,188.45476,183.79881,193.69565,190.19069,185.49707,195.34406
3287731945364911232,263.22418,244.79984,283.06537,260.53363,246.16483,283.50317
3288921720025503360,8.024456,8.0122385,8.03582,8.02372,8.010779,8.037924
3289827339649866880,66.98643,66.24925,67.761246,67.23677,66.42688,67.89197
3294429586086462848,36.98335,36.690838,37.289272,36.878967,36.61819,37.11174
3305012316783533056,123.91859,118.26478,130.65,125.14102,118.984604,131.43103
3306483944378137088,45.370083,44.971806,45.787163,45.409878,44.97758,45.88947
3312052249215275904,46.27414,45.795895,46.67814,45.993397,45.603836,46.330944
3312744219988782720,45.87351,45.131214,46.714516,45.838432,44.92943,46.70578
3312748824193704832,40.284687,39.732048,41.06265,40.4238,39.79408,41.017742
3314024566919613952,49.150944,48.629948,49.667587,49.202164,48.617302,49.75215
3314063977537054208,47.30467,46.957726,47.658844,47.29516,46.924297,47.620514
3315414006017650432,176.77136,174.48604,178.855,176.85109,174.74191,179.37633
3344466195602497536,216.84439,208.37173,226.67706,219.85893,210.3807,228.06288
3345317492480532352,185.10443,178.46893,193.19426,184.83138,178.32527,190.839
3352485999058854912,18.41667,18.317982,18.50067,18.445568,18.369282,18.541874
3366754155291545344,326.32123,303.67032,354.31122,323.63147,298.59064,358.30106
3372552842178783616,224.27206,205.54686,248.87746,215.5637,201.41928,233.78711
3374718330328109440,268.03488,252.57927,289.67474,259.79556,243.62201,280.67502
3384529341302871296,265.37274,254.1373,278.7633,264.0891,252.17941,280.2232
3399063235755057792,8.703669,8.66507,8.74193,8.704566,8.66651,8.748229
3478394889483944320,40.027763,39.805344,40.315826,40.01737,39.748974,40.271248
3489338019475637760,14.968351,14.928087,15.008093,14.962769,14.92928,15.000445
3490234568129160704,94.26111,92.34067,95.80491,94.43792,92.20765,96.326805
3501215734352781440,45.379986,44.84063,45.79346,45.23901,44.743046,45.84781
3504044777770340096,71.23241,70.56689,71.90075,71.009186,70.49973,71.53826
3520586071217872896,26.221256,25.953278,26.46164,26.280506,25.929758,26.546442
3526420114274019456,18.24484,18.187489,18.294191,18.22107,18.179665,18.26917
3537996837843690496,96.65323,95.61382,97.655464,96.389984,95.41602,97.38485
3544125550016418048,104.58897,102.00084,106.857994,104.30835,102.08781,106.23869
3546521385854108928,26.493416,26.368242,26.64461,26.49268,26.37704,26.628317
3553136288324444544,48.91229,48.563946,49.306973,48.876015,48.491535,49.330845
3557567320183657472,42.005642,41.722683,42.33669,42.013695,41.717045,42.35644
3561350430457837056,58.61528,58.115982,59.131783,58.680763,58.187798,59.228947
3568190457934308608,76.90092,76.283714,77.58187,76.67963,75.950005,77.40536
3587107658569000960,91.94973,90.41641,93.583305,93.63576,92.3431,95.40074
3589693744277156992,121.50974,119.109055,124.56287,121.32423,118.7579,123.91562
3640828731549972480,22.016567,21.838976,22.156199,21.98836,21.841812,22.098036
3655377057091634304,41.15498,40.793507,41.6378,41.109867,40.659695,41.402233
3661266384967451520,69.309395,68.63334,70.416016,69.30729,68.53749,70.226006
3662636823132300032,22.846453,22.67892,22.956816,22.849037,22.682816,22.995794
3683687763520080384,12.0241,11.94416,12.097491,12.003964,11.950371,12.069371
3698055837875063424,114.35137,113.64411,115.0841,114.38738,113.497154,115.132195
3704342295607157120,57.369427,56.535767,58.123306,57.68708,56.811947,58.46859
3736865265441207424,33.046345,32.823154,33.24206,33.065704,32.891014,33.24293
3748360796947806208,74.78782,73.67103,75.9314,74.54352,73.59259,75.784256
3782940437640705408,112.049614,110.39352,113.838264,112.07507,110.11522,113.987366
3830286576563947136,131.91893,126.556206,137.88974,131.39702,125.50732,138.31316
3837697972130323456,18.235722,18.089348,18.399319,18.220463,18.057901,18.375149
3839656786454467072,179.72165,172.821,188.77315,180.67192,172.64452,189.15024
3845263368043470080,36.90755,36.09237,37.67455,37.669018,36.847427,38.55454
3897724469419137664,101.319626,98.73792,105.05949,101.25341,98.43367,104.26546
3958719258494268288,109.0274,105.9669,113.13238,108.57214,105.03369,112.72725
3961912034103154944,84.36414,83.49123,85.01743,84.15198,83.33913,84.81288
3970052886914547712,49.22161,48.503094,50.02947,48.93929,48.078915,49.65115
4002093686540184960,76.24783,75.488716,76.8991,76.30139,75.5602,77.14142
4008342726516877312,86.99648,85.80023,88.1861,86.88604,85.70178,88.61628
4009103588563247104,88.19742,87.49918,88.891464,88.1676,87.35618,88.92397
4009317512294972160,50.182716,49.91462,50.44998,50.21554,49.90352,50.553146
4038055447778237312,41.917725,41.192856,42.74702,42.107616,41.398563,42.923122
4049506483413484672,129.19566,120.60778,137.52173,128.63443,119.9256,136.15637
4049975081571729920,31.045036,30.309135,31.833233,30.77675,29.957493,31.637556
4057701830728920064,354.34995,338.5481,375.3044,353.9191,339.15915,368.6132
4076915349846977664,23.28314,23.195808,23.38566,23.26556,23.15217,23.391293
4081642115877635840,41.96004,41.67712,42.24164,41.846836,41.63165,42.12319
4084276442652198400,147.13577,144.92621,149.3708,146.54494,143.90936,148.85542
4084474835781915392,39.903347,39.545918,40.226055,40.045254,39.72108,40.42902
4084834822776246272,118.00337,115.53959,120.394005,118.545006,115.69544,120.89082
4100872505552406784,567.864,519.3809,610.0343,591.0111,567.9777,614.8305
4104122833743954304,96.48676,95.230896,97.62447,96.53979,95.20616,97.97427
4110602530665608064,125.262146,123.49185,126.880615,125.63164,123.20493,127.1502
4125171197089493760,30.411345,30.168793,30.662355,30.44863,30.197721,30.700703
4141650196336522752,62.552837,62.001034,63.12445,62.531425,61.900826,63.117676
4156500578347841408,56.2812,55.699535,56.913612,56.503044,55.82863,57.15421
4161585441691080448,48.73198,48.408405,49.11324,48.642982,48.27156,48.982838
4224225924761329792,70.39509,68.39258,73.193214,70.38539,67.88628,73.264626
4240272953377646592,272.17056,260.8596,286.546,271.6482,258.75403,285.41626
4253353396643672448,391.31018,375.9947,410.4214,388.38107,376.5731,403.24503
4254395871029677952,38.94955,38.45347,39.59172,39.138798,38.50141,39.764156
4255143126653060352,211.67819,193.70425,227.83646,207.15187,192.5041,220.63655
4269932382607207040,19.050179,18.98875,19.112856,19.041964,18.962461,19.112661
4281199284413726208,41.099518,40.829723,41.41999,41.134678,40.809338,41.363064
4296708789290712064,13.595259,13.567451,13.615423,13.596004,13.570887,13.619923
4302054339959905920,182.83505,170.88463,195.9553,183.87367,171.12926,204.4694
4314399312979641728,26.126945,25.847092,26.36625,26.099415,25.907814,26.350456
4337352305320149760,138.57089,123.58203,155.37492,135.46002,125.57519,147.03955
4356298849169862784,32.741913,32.50139,33.01029,32.684082,32.471363,32.92414
4426032591025363200,22.03439,21.93095,22.153414,22.0274,21.929548,22.130554
4429785739602747392,22.761637,22.515686,22.99123,22.70558,22.48165,22.95332
4444057469252265984,26.90443,26.749346,27.04133,26.883678,26.73557,27.08547
4473334474604992384,25.47293,25.344198,25.58069,25.421354,25.306166,25.55552
4506929502678142336,55.124935,54.254425,56.18688,54.70982,53.836487,55.667385
4570796456599587200,120.51574,118.93113,121.77985,120.56659,119.05743,121.88205
4573412435280434560,23.514515,23.396631,23.613981,23.499094,23.39272,23.627834
4584613194593381888,41.902927,41.684338,42.102066,41.85957,41.64409,42.088947
4589549005370416256,106.732376,104.946335,108.62543,106.66833,105.053955,108.40725
4594497769766809216,8.334812,8.325969,8.344402,8.3389845,8.329047,8.3493595
4609802834185436928,243.24545,237.45569,249.26636,243.4417,236.26028,249.48589
4629125170492116224,66.48469,65.62938,67.484604,66.36263,65.6174,67.255646
4648162939452971008,32.66749,32.458897,32.938023,32.689613,32.448734,32.933727
4654833539071572736,143.56567,141.97733,144.88885,143.1255,141.79411,144.351
4660016396371388672,45.741596,45.485474,45.960228,45.722076,45.491688,45.91255
4672726716408826240,32.826332,32.58245,33.272354,32.94079,32.60119,33.27941
4676528209144882304,49.157436,48.86974,49.509716,49.161564,48.728806,49.61016
4678664766393829504,18.447195,18.413034,18.484167,18.451189,18.396736,18.488531
4679700059672168960,165.93576,162.23328,169.55832,164.5839,161.58055,168.29091
4683897617110115200,7.476439,7.4589896,7.491969,7.477886,7.4592094,7.4928646
4693818888483537664,42.90692,42.678547,43.098045,42.951138,42.71496,43.192707
4695167130257543424,46.95886,46.47247,47.41027,46.89273,46.393806,47.342125
4726572858838693248,43.29026,43.131237,43.431065,43.24921,43.121834,43.35869
4741336551221258112,49.41964,49.23203,49.566868,49.394672,49.253345,49.55477
4756622820871136640,27.31165,27.25562,27.379658,27.33541,27.264069,27.395927
4757601523650165120,342.83926,328.06027,356.48358,341.40298,325.99283,357.49576
4767368897757788288,56.938553,56.27049,57.406586,56.822132,56.365295,57.269463
4781833626056162688,20.411663,20.33573,20.473944,20.441526,20.382437,20.515888
4790936620261576704,208.8062,205.69185,212.0729,209.28728,205.60913,213.88214
4792774797545800832,19.6309,19.576,19.69236,19.634296,19.586588,19.697968
4803692295174064256,135.3017,132.7493,137.42531,135.20064,132.91487,137.54002
4815660547961306112,20.38357,20.345463,20.435772,20.376667,20.34322,20.410297
4822106194362165760,85.509125,84.579605,86.5491,84.99376,84.10772,85.72641
4840356816072211712,36.07099,35.930622,36.226826,36.0597,35.900715,36.231014
4847957293278177024,6.041082,6.0385327,6.044094,6.040596,6.037847,6.0433364
4858358982514762368,66.70847,66.20144,67.07165,66.69233,66.32487,67.14379
4866371879660471808,28.88507,28.84932,28.937294,28.878021,28.83249,28.920605
4870527586937201408,54.400112,53.733868,55.117935,54.47058,53.74557,55.153038
4871775051598300160,90.103096,89.00595,91.12029,89.66644,88.636185,90.6758
4878631812268014464,64.75186,64.35717,65.2485,64.78019,64.17691,65.2169
4900108950849461248,8.606389,8.596711,8.617784,8.607628,8.60002,8.616186
4900927434176620160,43.732697,43.556305,43.889866,43.77041,43.59989,43.92191
4913847589156808960,88.77764,86.44973,90.98698,88.74863,86.39587,91.35982
4929469381645492864,43.88378,43.644634,44.115585,43.87599,43.654606,44.113922
4935615308047192576,74.84671,72.78527,76.954285,73.78502,71.98432,75.67281
4936685751336237056,46.1064,45.64813,46.53711,46.09775,45.652054,46.646942
4937200425857908992,17.584,17.52787,17.640186,17.582405,17.535845,17.637117
4939205900704478592,161.34097,157.67477,164.48363,161.30739,158.35675,164.77582
4942522955488925696,102.81149,101.13673,104.53598,103.578224,101.79318,105.251205
4946915263923114368,44.227932,43.29346,45.35158,44.50971,43.477047,45.61046
4951967794731342464,44.85699,44.63206,45.06579,44.866604,44.59859,45.096645
4990516294443333504,44.29435,44.013256,44.53926,44.153023,43.907974,44.465984
4992538055808271360,23.950773,23.858513,24.02372,23.95561,23.900333,24.020735
4993479684438433792,25.082375,24.692026,25.529718,24.927925,24.494312,25.364082
5032256161014732416,214.87192,208.06192,224.47928,217.52939,208.77896,227.99873
5059348952161258624,13.995618,13.975275,14.022539,13.996,13.971496,14.021469
5064312731764645760,54.115532,53.92867,54.369976,54.10522,53.824215,54.431114
5077970830842019584,27.057148,26.945889,27.17263,27.048126,26.926596,27.145666
5087043657197267200,17.777544,17.72962,17.819439,17.773432,17.734787,17.816055
5099455184968674560,93.775536,91.055885,96.66251,94.32637,91.745605,97.25458
5100353485969674880,97.61344,95.90895,99.763016,97.54812,96.11952,99.683464
5129338021224785408,14.267354,14.228059,14.295202,14.266803,14.230773,14.303705
5145955421492456960,23.016962,22.754074,23.329132,23.019735,22.745134,23.311459
5147600840643195520,171.47514,168.26045,175.12811,170.9612,167.88121,175.01009
5158225936898617344,119.0926,116.540535,122.06865,118.61232,115.77039,120.95541
5164120762333028736,9.088222,9.07314,9.10217,9.088793,9.071935,9.102509
5164707970261890560,3.219777,3.2183065,3.2211154,3.2194073,3.218066,3.2206895
5166714578981717632,36.473503,36.267082,36.61648,36.47403,36.30791,36.68803
5173421634271199104,41.20179,40.85522,41.575436,41.26979,40.96747,41.621548
5199386085968886528,136.56032,133.77625,138.91878,136.63274,134.19939,139.45337
5210240327318434304,19.477789,19.444132,19.514038,19.482561,19.443913,19.516594
5236306071562633344,42.34739,41.513107,43.05714,42.31307,41.48616,43.09414
5239823134370969088,148.22095,145.92429,149.76517,147.96312,146.03137,149.91264
5239828735016184448,139.15352,124.74416,159.17116,133.01189,118.54863,148.38478
5239835710037143296,150.41403,148.94899,152.09576,150.30504,148.91252,151.81935
5239845949239370240,149.43182,147.4213,152.1053,149.76279,147.41824,151.80959
5239865225059167744,146.81357,144.20854,149.72528,146.3239,143.58804,149.43207
5242895960110588160,120.43811,117.46767,123.62802,120.50671,117.29818,124.4492
5248192926092026496,38.422543,38.14256,38.764767,38.514538,38.209404,38.810173
5253347574087339776,232.3992,224.05734,241.75691,232.18369,225.53967,240.95338
5254185333179488768,455.55045,436.07822,477.18298,460.43933,440.94968,481.54007
5255378028454342272,491.41403,458.3535,519.53595,480.14713,450.62112,509.97336
5263150888430619904,44.548233,44.40236,44.71824,44.523655,44.345776,44.695908
5267405895350690304,40.878292,40.72411,41.06865,40.833458,40.649544,41.01791
5269012591076800256,211.64107,202.03499,221.50218,213.13051,203.7737,223.43585
5270986008289935232,199.60913,193.76068,204.27454,197.96228,193.16592,202.81888
5273030069128572928,33.11033,33.011963,33.200523,33.12346,33.013107,33.236107
5300534077635861888,124.59633,121.25249,128.59221,127.068016,123.431114,130.5747
5302503371669042688,557.0812,515.4562,614.6296,561.36957,512.45154,640.4341
5308225539451195520,551.0094,506.18082,602.911,560.3484,500.028,664.86884
5318113550566048256,158.67574,155.97751,161.32356,159.20592,157.0905,161.33034
5318485048061677952,152.53659,148.81091,155.58685,151.52943,148.32678,154.88177
5318486456810851072,150.28336,148.17473,152.19121,150.13075,147.93355,152.54657
5318541982145960064,151.98213,149.53642,154.4084,152.12701,149.98373,154.64565
5318543425255007872,153.50978,152.34464,154.61731,153.72862,152.41138,154.8785
5318547273548061824,143.12761,135.5988,152.24144,143.04416,134.97888,151.22995
5333974693006467328,120.7569,117.14064,124.674706,122.22134,118.59507,125.816475
5337891256535666176,4582.556,3455.7607,5958.3047,4719.033,3594.7505,6539.698
5338833263117260672,29.831364,29.741737,29.90214,29.813156,29.725332,29.896109
5344985442961439872,123.04742,120.91278,124.87652,122.84686,120.92228,124.76053
5361403934691772160,34.386635,34.07913,34.739433,34.44941,34.074078,34.787537
5364580148905328256,26.734514,26.24392,27.309526,26.68368,26.22827,27.208841
5416916936743969152,31.606997,31.443804,31.759872,31.565456,31.401915,31.715057
5434468784453279616,33.251434,33.142994,33.368393,33.252132,33.17603,33.349136
5449188358930264704,111.81766,109.7965,114.022705,111.98193,109.83492,113.99676
5502164890740285696,53.66123,52.79523,54.668266,52.70096,51.859543,53.413395
5512070906394195968,58.703114,57.015263,60.613884,58.682957,56.677845,60.812595
5557271829408912896,113.97648,109.84637,118.63432,114.21328,110.885635,118.202034
5589311357728452608,183.50859,159.26268,210.90784,198.30685,171.92136,230.35687
5610257226031514240,282.3003,268.92572,293.71664,278.95395,267.47943,290.12662
5610441600394646016,404.52615,376.3285,434.36423,395.59085,371.21695,418.76062
5614465022683280384,61.647285,59.393906,64.50321,63.098213,60.083733,65.079216
5626529620176041600,117.87109,116.38661,119.36669,117.603966,116.36129,119.11188
5639188675501966464,244.90195,231.74992,260.29245,243.10884,232.52473,260.0234
5642935536248627456,64.476616,63.747826,65.17297,64.35799,63.77449,64.9849
5698015743046182272,19.447222,19.368118,19.527971,19.456121,19.36622,19.540838
5770136009232924800,91.73403,90.71698,92.92804,91.743965,90.70249,92.71084
5773473920382493440,152.39224,150.17068,154.84712,152.34663,150.14656,154.4236
5775835843156608256,46.950527,46.581245,47.268185,46.720776,46.36324,46.996796
5777500503761872128,47.703945,47.393387,48.011528,47.58383,47.216408,47.941082
5787534436419552896,93.233,91.71738,94.798294,92.98779,91.37981,94.792656
5823248090239625088,58.332157,57.19022,59.3068,58.40795,57.390682,59.62959
5826168461855385472,12.423953,12.377333,12.457147,12.411818,12.374821,12.443665
5842864786417716608,116.78954,113.25203,120.68268,117.24629,113.31031,120.63221
5849837854861497856,16.39968,16.344452,16.447561,16.393435,16.326118,16.453985
5877059048308526720,29.532503,29.343147,29.725838,29.518253,29.277792,29.745495
5888394463447019392,34.798813,34.558193,35.02942,34.714016,34.502186,34.94241
5899408305748518528,106.361984,104.02439,108.74112,107.061935,104.57134,109.21064
5909069886210174080,112.73352,110.92895,114.27803,112.55863,110.92812,113.94486
5912398348432135552,69.053085,66.64158,71.405045,68.69104,66.31063,71.13821
5917537534527580160,173.14516,168.80812,178.23701,174.1363,168.57039,178.46596
5922444483103229952,221.12808,211.82115,232.35495,218.8448,208.41553,230.79118
5926920079553285760,93.55577,92.37887,94.44607,93.444016,92.194695,94.68037
5932543841135864960,143.92847,142.04964,145.56989,143.26883,141.41827,144.98395
5935306123457567616,42.382885,42.16589,42.628468,42.440357,42.226734,42.670555
5942012246713512704,190.89795,185.15721,196.33043,190.5013,183.85875,197.07115
5958043164999014400,965.5109,721.4336,1384.3016,845.6093,682.5144,1366.4266
5964986649547042944,1714.4269,1438.9724,2101.8137,1975.242,1554.5009,3003.6848
5965222838410499328,22.416616,22.300085,22.526241,22.379374,22.282328,22.491192
5971289565647972608,1196.5736,801.46844,1601.6946,1685.7476,914.4709,2309.468
5983435733124805504,71.67352,71.05412,72.2483,71.62566,71.00376,72.17367
5998019895874780928,131.64993,124.708176,139.05821,,,
5998675582756950272,66.08619,62.86598,70.29811,65.765656,62.841778,68.37531
6001701610563428224,65.36789,64.816986,65.99757,65.304924,64.482285,66.08379
6005678131793146752,150.89526,140.10794,162.28409,149.8168,138.00787,165.13206
6007749027577770496,85.48633,83.38079,87.34595,85.43725,83.46874,87.38869
6015150905501817472,62.367565,61.263935,63.34997,62.550327,61.017857,63.980156
6071060144089351808,142.68803,129.1236,157.85907,146.00034,131.5697,164.33772
6109087784495371648,141.91838,131.91162,152.42361,139.89053,131.66426,150.98022
6112195451032545024,124.13203,118.53497,130.67982,124.97866,119.637245,129.57771
6126469654585981952,187.45859,167.44102,212.20963,182.8512,162.14699,202.10406
6127435678627741824,125.53483,121.75462,130.6505,125.22733,121.96533,128.63812
6194563955869054848,39.083965,38.752632,39.50806,39.317284,38.880352,39.804443
6227443304915069056,79.73723,77.87153,81.62849,80.019646,78.10282,81.62972
6235406071207202688,104.90472,98.57291,115.87841,102.71831,95.90536,110.46951
6260822966106824576,51.26492,50.89329,51.74773,51.10661,50.765266,51.52896
6265374394490973184,49.387028,48.981827,49.758556,49.096268,48.73848,49.468468
6304988355324252928,86.1985,84.99051,87.331154,85.95046,84.56427,86.976326
6337717036911729024,19.128319,19.005598,19.27097,19.142218,19.021212,19.284554
6368016725517046144,31.993752,31.774967,32.199333,31.996843,31.75763,32.183735
6401464693867773568,9.255318,9.244121,9.2642765,9.256528,9.248722,9.264638
6407842789021567872,56.489773,55.572807,57.44936,56.557983,55.603256,57.42771
6419476755916988032,65.96457,65.494,66.40701,65.866684,65.433624,66.398315
6425343818681031040,42.000107,41.658665,42.30179,42.057644,41.69224,42.36549
6427464123776727168,6.0992703,6.0946636,6.104048,6.098405,6.094084,6.1021924
6434564460631076864,190.22768,186.03102,194.68489,190.90736,186.55927,195.50418
6456322112116572160,177.20064,172.83083,181.35474,176.95598,173.03845,181.75421
6463748969563201152,30.20601,30.120016,30.28263,30.235987,30.150444,30.323761
6492406743706907776,22.696976,22.375923,22.983757,22.658794,22.418163,22.877232
6512396139980581376,50.0749,48.634678,51.583572,50.204006,48.77956,51.62145
6513525544581729536,38.749,38.433258,39.057873,38.78708,38.40494,39.17103
6521011466420795392,99.78508,98.616196,100.98884,100.38935,99.05094,101.7872
6538585991555664128,56.18477,55.598846,56.707172,55.911053,55.14528,56.58003
6539947667988856320,63.593807,61.276577,66.14597,63.471966,61.58629,65.27052
6555948757627251072,57.958633,57.250973,58.694847,57.587025,56.848732,58.411514
6573503732074732288,76.33773,75.75005,76.945,76.05685,75.37595,76.71847
6586825380598949632,55.92172,54.601784,57.458748,56.03202,54.400723,58.250683
6601750220152445440,45.19348,44.749992,45.626766,45.239548,44.86562,45.645817
6603237069110449792,52.1776,51.848736,52.509007,51.97828,51.659306,52.423447
6612242034982766848,18.448662,18.41852,18.474787,18.44922,18.423834,18.475157
6622561673163882752,169.05278,160.81401,176.24506,169.53732,160.73004,177.25311
6630558558672843392,40.987774,40.726162,41.21893,40.947453,40.728073,41.14929
6631708338599353856,341.3685,320.93088,363.68402,338.4537,318.2465,360.93726
6634378296431076864,277.6956,216.57802,365.6973,239.0248,202.9717,289.08182
6664407333374099968,42.638496,42.26675,43.103954,42.61333,42.025597,43.154537
6674382927491854848,30.417358,30.195204,30.62777,30.370678,30.17897,30.601646
6687035763708945792,61.515717,60.665207,62.38884,61.66593,60.70846,62.61735
6698248823807700992,208.33723,195.01486,221.91817,206.90475,190.93463,224.27528
6704767209778958976,37.43285,37.212967,37.656643,37.399155,37.20863,37.604618
6705977119250947712,342.6773,311.81934,375.1222,353.07602,315.20786,388.91904
6709267613942522496,86.03463,83.198044,88.67018,85.09284,82.27186,87.77657
6713727061309245952,55.227234,54.215195,56.400105,55.02044,54.210854,55.855045
6715334100633424256,95.93203,94.8996,96.90887,95.51727,94.54825,96.363945
6715596505954270080,54.900772,54.52214,55.26875,54.84262,54.443417,55.27938
6717240825593666304,56.732456,55.888214,57.57936,56.29693,55.59293,57.206303
6717964750922730624,168.86761,159.03558,183.25345,176.14316,163.05142,194.14743
6718857073327910144,36.79936,36.40229,37.2432,36.961174,36.438156,37.44171
6723805631578978816,68.45699,67.908134,69.12014,68.5069,67.87348,69.11704
6730089817255923072,62.673725,62.07475,63.508057,62.58281,62.024128,63.131756
6730764715540788352,145.8078,141.68079,149.513,147.46486,143.46127,150.91214
6730853810342681472,31.4159,31.315193,31.520964,31.387405,31.276724,31.52175
6750856228950043264,138.54451,134.03754,142.4262,137.04623,133.24113,141.62677
6762701233364896000,35.25368,34.851883,35.618248,35.208836,34.806095,35.620678
6767920580693895808,80.87598,80.53939,81.30174,80.80305,80.50248,81.16458
6780065098938242304,120.6622,118.292465,122.65382,120.20449,117.79707,122.712906
6781898465857257472,77.877396,76.72748,79.01892,77.28869,75.998344,78.66611
6784024126773616128,51.79391,51.23579,52.352913,51.384,50.531067,52.170815
6801963487915169920,171.6973,161.98735,183.69531,163.10301,149.05835,173.78773
6805455124526007424,14.626008,14.580885,14.666015,14.628744,14.585622,14.666331
6828125061423674752,135.0688,129.73175,139.86739,135.4067,130.46268,140.23367
6835905927256722688,61.494884,60.953712,62.119358,61.27906,60.713047,61.742275
6838023243053666688,52.49104,50.690163,54.237793,52.203842,50.639584,54.124126
6838311796136238976,11.635142,11.590941,11.68382,11.628346,11.584051,11.673936
6875990375999580544,121.13282,111.536705,132.8306,118.290924,109.40196,127.59904
6880093650314169984,33.369865,33.208477,33.55256,33.364403,33.15436,33.55109
6882183890633433600,45.68101,44.76335,46.411755,45.512375,44.597935,46.43386
6903096911032851584,74.23386,72.185455,76.1678,74.371826,72.58999,76.3026
