main_id,field,value,uncertainty,source,source_id,note
* tet01 Ori A,temperature_k,30700,300,Simon-Diaz et al. 2006,2006A&A...448..351S,dominant hot component
* tet01 Ori A,mass_solar,15.3,,Nieva and Przybilla 2014,2014A&A...566A...7N,dominant hot component
* tet01 Ori A,luminosity_solar,16200,,Nieva and Przybilla 2014,2014A&A...566A...7N,dominant hot component
* tet01 Ori A,radius_solar,4.5,,Nieva and Przybilla 2014,2014A&A...566A...7N,dominant hot component
* tet01 Ori B,temperature_k,19320,,Malkov 2007,2007MNRAS.382.1073M,B1 primary component
* tet01 Ori B,mass_solar,7.2,0.2,GRAVITY Collaboration 2018,2018A&A...620A.116G,B1 primary component
* tet01 Ori B,luminosity_solar,776,,Malkov 2007,2007MNRAS.382.1073M,B1 primary component
* tet01 Ori B,radius_solar,3,,Windemuth et al. 2013,2013ApJ...768...67W,B1 primary component
* tet01 Ori C,temperature_k,39000,1800,Rzaev et al. 2021,2021MNRAS.504.3787R,C1 primary component
* tet01 Ori C,mass_solar,33.4,3.3,Rzaev et al. 2021,2021MNRAS.504.3787R,C1 primary component
* tet01 Ori C,luminosity_solar,177827.941,,Rzaev et al. 2021,2021MNRAS.504.3787R,C1 primary component; log L/Lsun = 5.25
* tet01 Ori C,radius_solar,9.4,0.9,Rzaev et al. 2021,2021MNRAS.504.3787R,C1 primary component
* tet01 Ori D,temperature_k,32000,,Simon-Diaz et al. 2006,2006A&A...448..351S,dominant hot component
* tet01 Ori D,mass_solar,18,6,Simon-Diaz et al. 2006,2006A&A...448..351S,dominant hot component
* tet01 Ori D,luminosity_solar,29500,,Simon-Diaz et al. 2006,2006A&A...448..351S,dominant hot component
* tet01 Ori D,radius_solar,5.6,,Simon-Diaz et al. 2006,2006A&A...448..351S,dominant hot component
