HIP,Dist,eDist,Teff,Lum
746,16.78,0.01,6625,27.95
765,44.21,0.02,4918,60.63
1067,120.05,0.06,27008,9252.25
1562,84.18,0.02,4750,325.3
1645,125.0,0.04,4377,144.23
2072,23.81,0.0,8229,11.85
2484,41.41,0.01,12144,45.02
3179,69.98,0.01,4782,771.45
3881,189.39,0.03,15412,1311.87
4427,168.35,0.02,7664,2951.7
4577,238.09,0.04,16260,2867.3
4889,132.98,0.03,10261,116.8
4906,55.74,0.01,5128,62.87
5165,8333.33,121.83,5245,3577570.0
5348,91.58,0.04,12640,346.32
5742,136.8,0.04,4966,284.06
6193,94.43,0.02,8814,91.22
7097,107.18,0.08,5164,417.61
7588,42.75,0.02,15218,2775.98
7884,111.36,0.03,4382,331.02
8198,85.69,0.06,4886,151.02
8645,72.05,0.04,4661,219.25
8832,50.3,0.05,21000,339.89
8833,54.91,0.04,5200,43.4
8886,126.26,0.05,13516,1264.98
8903,17.99,0.01,8400,22.13
9236,22.01,0.01,7320,26.78
9487,46.17,0.05,8650,51.72
9640,120.48,0.13,4468,3192.74
10324,117.51,0.06,5358,246.49
10602,47.13,0.01,17011,255.28
10670,34.44,0.01,8597,24.16
11001,42.83,0.01,9036,36.39
11345,139.86,0.04,8905,177.96
11407,155.76,0.02,16043,1265.38
11484,59.21,0.07,9601,60.92
11767,132.63,0.01,6741,2570.36
11783,26.7,0.01,6353,7.59
12093,104.28,0.02,5316,116.44
12387,199.2,0.03,21001,4523.48
12394,46.55,0.0,11948,67.56
12413,35.69,0.08,8789,13.56
12484,49.09,0.01,6853,15.37
12770,120.48,0.03,11141,355.01
13209,50.79,0.01,10024,94.42
13254,37.02,0.01,6727,22.59
13268,269.54,0.06,4037,5135.6
13954,176.68,0.04,10799,457.63
14146,27.17,0.0,7800,13.68
14240,43.4,0.01,7059,13.04
14328,74.57,0.04,5510,365.5
14576,27.57,0.04,8928,94.15
15197,33.65,0.01,7201,10.3
15474,93.37,0.05,3601,1537.36
15863,155.28,0.03,6228,3784.07
15900,89.21,0.08,5381,269.66
16228,595.24,0.3,5888,7180.98
16611,89.93,0.02,10993,188.26
17358,158.23,0.07,10806,1742.74
17448,343.64,0.25,8200,2573.7
17489,115.61,0.04,9599,82.9
17499,124.07,0.03,9800,468.28
17531,125.47,0.04,10792,336.74
17573,117.51,0.03,9530,350.05
17579,114.03,0.06,9832,65.75
17608,116.55,0.04,9363,264.68
17678,65.62,0.01,3800,707.96
17702,123.61,0.05,10168,1161.88
17797,50.74,0.04,15808,133.18
17847,117.23,0.05,9608,440.3
17851,117.1,0.04,8601,107.13
17874,64.35,0.01,5069,96.29
17959,110.01,0.02,7927,136.33
18246,230.41,0.04,7725,2638.31
18505,110.62,0.03,9626,119.4
18532,195.69,0.05,21001,12577.5
18597,161.29,0.04,3891,1099.93
18614,381.68,0.19,8648,2847.99
18724,148.37,0.03,10673,1039.09
19747,35.26,0.0,5028,37.61
19780,49.55,0.0,5354,107.4
20042,54.56,0.01,10836,129.64
20205,49.53,0.02,5110,90.31
20455,47.71,0.03,5126,75.2
20535,90.83,0.03,4200,426.43
20635,47.19,0.01,7800,33.58
20648,45.54,0.02,8603,31.21
20711,47.15,0.01,7637,32.47
20885,47.33,0.01,5140,69.17
20889,44.96,0.01,5060,84.98
20894,46.1,0.02,7531,69.45
21060,215.98,0.04,18000,1524.45
21281,51.71,0.02,10236,133.59
21393,65.57,0.01,5139,137.69
21444,207.04,0.04,15538,2842.98
21589,47.08,0.03,7928,32.35
21594,33.68,0.01,4794,38.82
21770,20.17,0.0,6619,5.66
21881,122.1,0.11,12483,433.86
21949,150.6,0.03,12550,216.02
22109,160.0,0.03,13499,1102.83
22509,68.82,0.03,8215,69.72
22549,322.58,0.06,12705,5338.85
22701,72.05,0.02,6878,69.04
22730,181.16,0.05,3808,788.19
22783,1923.08,0.37,9200,67136.7
22845,35.66,0.01,7897,14.29
23015,151.29,0.06,4146,4079.74
23123,289.86,0.09,4415,2219.75
23453,240.96,0.07,4343,3888.64
23685,65.4,0.01,4235,423.71
23875,27.4,0.01,8043,44.32
23972,248.76,0.04,12000,1664.55
24244,71.07,0.01,10400,87.97
24305,57.01,0.03,10030,158.22
24327,223.21,0.13,10138,900.89
24436,264.55,0.09,11968,83226.2
24845,261.1,0.06,22237,7375.61
24873,102.25,0.04,11906,111.7
25336,77.4,0.04,24342,9210.78
25606,49.16,0.01,5632,173.56
25859,80.71,0.03,4828,222.82
25930,212.31,0.12,18063,18556.7
25985,680.27,0.1,7001,31409.5
26069,308.64,0.11,5771,2617.9
26207,336.7,0.19,20001,20491.0
26220,-18.93,-0.64,70119,9.57952E11
26311,606.06,0.27,18341,257885.0
26451,136.43,0.11,9124,1084.53
26634,80.13,0.03,9262,498.37
26727,225.73,0.14,17188,30118.9
27100,45.87,0.01,7400,28.88
27288,21.61,0.0,8072,13.78
27321,19.44,0.0,8325,8.6
27366,198.41,0.04,18292,19455.1
27530,54.2,0.01,4810,55.05
27913,8.66,0.0,5899,1.15
27989,152.67,0.13,3659,73524.2
28199,266.67,0.05,12904,2070.37
28328,144.72,0.02,4845,688.89
28360,24.87,0.01,8472,83.97
28380,50.76,0.01,8762,194.67
28614,47.51,0.03,7447,38.45
28691,220.26,0.06,11655,556.68
28734,47.55,0.04,5256,47.97
28910,52.97,0.03,8601,30.2
29038,158.23,0.05,13773,791.46
29151,200.8,0.15,8001,159.51
29426,186.22,0.04,15476,1390.18
29651,152.67,0.03,4538,858.76
29655,117.92,0.15,3580,3894.98
29807,55.96,0.01,5200,55.12
30060,48.01,0.02,8454,30.92
30122,111.11,0.01,15227,1772.45
30277,71.74,0.04,5330,149.49
30324,151.06,0.03,24072,24234.2
30343,71.02,0.05,3638,1716.88
30419,37.5,0.03,7318,19.11
30438,94.79,0.05,7021,11642.8
30883,166.94,0.05,10400,637.31
31416,135.32,0.08,8799,223.66
31592,19.75,0.0,4893,11.67
31681,33.51,0.07,9049,163.45
31685,113.89,0.03,10799,767.39
32246,259.07,0.04,4692,5827.66
32768,55.8,0.02,4700,255.95
33018,57.97,0.01,7725,92.66
33152,4545.45,1.95,4142,1235700.0
33160,79.94,0.05,4163,295.27
33347,769.23,0.15,9800,9777.19
33449,54.67,0.01,5154,57.14
33579,124.22,0.02,22127,20729.5
33856,343.64,0.07,3937,12721.6
33977,847.46,0.34,11200,52681.2
34045,135.5,0.03,11243,495.7
34088,421.94,0.13,5300,4471.85
34444,492.61,0.19,6599,37477.1
34481,42.86,0.04,5044,59.92
34693,98.43,0.02,4641,218.52
34769,117.79,0.02,8153,232.49
35037,279.33,0.05,9061,1620.52
35228,226.24,0.02,5699,1152.17
35264,247.53,0.08,4055,11825.4
35350,30.93,0.01,7800,26.07
35550,18.54,0.01,11994,22.89
35904,609.76,0.24,10000,40235.6
36145,83.89,0.02,8905,82.33
36188,49.58,0.01,9800,165.36
36850,15.6,0.06,8453,46.52
36962,83.06,0.06,3940,437.23
37447,45.31,0.01,4961,60.12
37504,43.23,0.01,4977,53.36
37740,43.35,0.01,5255,69.55
38146,86.28,0.1,5376,53.18
39429,332.23,0.03,24684,94309.5
39757,19.48,0.0,7000,21.32
39794,172.41,0.07,13908,1026.92
39863,324.68,0.09,5289,1890.49
39953,342.47,0.1,15618,55128.2
40526,93.02,0.02,4227,616.16
40702,19.56,0.0,6426,7.64
41037,185.53,0.08,4209,14086.3
41312,32.97,0.0,15501,57.22
42133,202.84,0.11,5400,79.45
42313,49.16,0.03,8599,42.74
42402,114.29,0.03,4753,266.19
42459,136.43,0.03,13995,240.48
42497,276.24,0.29,5074,177.58
42504,135.69,0.05,14416,326.25
42515,127.55,0.02,5183,435.61
42516,186.57,0.09,5013,101.7
42535,147.28,0.04,13664,239.93
42536,151.29,0.05,16880,2453.83
42549,218.34,0.12,4966,134.75
42556,179.86,0.1,7851,74.07
42568,442.48,0.05,14843,7767.45
42715,153.14,0.04,13192,256.77
42726,148.59,0.03,15635,650.5
42799,179.86,0.04,15680,1531.97
42806,55.56,0.01,9108,35.56
42828,269.54,0.04,18226,8345.8
42913,24.7,0.01,8574,82.78
43103,101.52,0.06,5112,265.06
43234,108.58,0.02,10142,215.89
43813,51.26,0.01,4928,172.35
44066,57.74,0.06,8182,50.55
44471,109.89,0.05,8413,348.59
44700,250.63,0.06,5090,1006.95
44816,166.94,0.02,3966,9165.28
45080,136.99,0.05,15416,1950.06
45238,34.7,0.0,8938,211.06
45556,234.74,0.02,7055,5243.78
45688,38.27,0.03,7571,35.28
45941,175.44,0.05,16589,8622.07
46390,55.28,0.01,4362,790.63
46733,23.82,0.0,6698,14.68
46776,158.73,0.11,7918,285.04
46952,56.72,0.01,5320,47.07
47908,75.64,0.01,5451,356.14
48356,80.91,0.02,5233,148.08
48402,156.01,0.09,8275,270.4
48774,487.81,0.05,11330,10863.3
48926,33.31,0.01,7305,7.0
49583,389.11,0.06,9000,5089.09
49593,28.24,0.01,8000,9.98
49641,86.88,0.09,9984,119.92
49841,34.51,0.03,4993,45.43
50099,104.82,0.01,9199,455.91
50335,84.03,0.02,6926,231.06
50371,201.61,0.02,4200,3361.6
50801,70.62,0.04,3844,909.03
51172,112.23,0.05,4247,448.44
51232,411.52,0.05,6731,3790.25
51437,124.07,0.04,11600,184.15
51839,128.04,0.02,4035,864.15
52370,139.08,0.03,11558,313.81
52419,139.66,0.03,21001,7651.05
52468,349.65,0.06,3873,5206.88
52502,150.83,0.03,11828,374.09
52701,145.99,0.05,10471,187.45
52727,35.92,0.01,5200,109.81
52736,147.28,0.03,13508,442.61
52943,44.07,0.01,17296,208.69
53253,29.13,0.0,5034,27.72
53910,24.45,0.0,9206,60.27
54463,1923.08,0.33,4959,112652.0
54539,44.31,0.01,4700,161.2
54682,104.28,0.07,8830,146.83
54872,17.91,0.0,7866,23.97
54879,50.61,0.01,8080,92.43
55687,115.34,0.03,3979,390.67
55705,25.24,0.01,7731,11.84
56211,102.14,0.02,3958,833.9
56480,130.72,0.03,9601,223.3
56561,128.7,0.04,8496,738.55
56633,85.98,0.02,10460,106.74
57283,108.22,0.06,5133,156.62
57363,38.99,0.01,7601,40.43
57399,56.31,0.01,4614,141.28
57936,94.97,0.06,12000,243.83
58001,25.5,0.01,9503,63.88
58188,77.1,0.02,9687,48.53
59196,127.23,0.06,8850,1308.99
59199,14.94,0.0,10122,4.91
59747,105.82,0.02,14078,1711.99
60000,91.49,0.01,11404,212.36
60030,114.55,0.03,7774,43.82
60351,90.33,0.02,6003,85.69
60697,84.6,0.02,7209,58.66
60718,98.72,0.05,25998,36602.6
60823,126.26,0.02,15744,1101.37
61199,99.6,0.01,13498,512.9
61281,150.38,0.05,9744,636.13
61359,44.66,0.01,5314,167.82
61394,95.06,0.05,8204,78.04
61585,96.71,0.01,15340,1860.5
62322,104.71,0.04,14523,1399.03
62434,85.4,0.08,24107,15443.5
62763,89.13,0.02,5400,72.69
62956,25.31,0.01,9125,110.31
64166,70.97,0.03,4932,56.03
64962,41.03,0.01,5414,103.45
65474,76.57,0.05,24922,17079.9
65936,277.78,0.14,4919,2628.64
66657,131.06,0.06,21002,9910.21
67301,31.87,0.01,15716,462.55
67459,80.78,0.02,4026,369.11
67464,133.87,0.02,21001,3831.88
67472,155.04,0.02,14498,2112.95
68002,117.1,0.02,16902,3866.3
68282,131.06,0.02,21001,2404.02
68520,68.97,0.01,7915,69.76
68702,120.19,0.06,21001,36925.3
68756,92.94,0.02,9512,278.19
69427,78.12,0.02,6672,97.89
70576,97.85,0.03,6000,149.85
70638,91.66,0.01,4470,248.49
71352,93.72,0.02,13511,1820.2
71536,96.9,0.02,12870,365.12
71795,53.88,0.04,8275,67.77
71860,142.45,0.02,11594,3129.88
71908,16.57,0.0,7201,11.7
71957,18.27,0.0,10800,10.02
72105,62.11,0.04,5012,492.58
72220,41.24,0.01,8671,44.75
72370,136.99,0.02,4312,928.31
72607,40.14,0.0,4200,464.68
72622,23.24,0.0,8200,33.42
73273,117.37,0.02,15722,2916.89
73334,117.51,0.06,12463,1181.87
73555,69.06,0.01,5133,209.22
73714,88.42,0.02,3659,1734.77
74395,35.97,0.01,5335,53.02
74666,37.34,0.01,4900,68.07
74785,56.75,0.01,10074,288.09
74824,30.55,0.01,7694,17.73
74946,56.37,0.01,7976,176.24
75097,149.25,0.02,8162,1041.8
75141,271.0,0.15,21001,17843.8
75323,137.55,0.11,6126,275.31
75458,31.03,0.0,4649,59.85
75695,34.28,0.03,7142,30.89
76127,115.08,0.05,10799,331.04
76267,23.01,0.01,10099,68.46
76276,69.93,0.05,6805,116.98
76297,129.03,0.06,15288,2988.63
76333,50.02,0.01,4947,78.16
76952,44.78,0.02,8615,49.0
77055,113.12,0.01,7856,190.37
77233,47.55,0.01,8078,59.21
77516,52.0,0.02,9487,92.17
77634,59.84,0.02,9133,79.77
77853,51.65,0.01,5100,61.71
78159,67.89,0.01,4453,116.65
78265,179.53,0.11,17232,6709.71
78384,135.5,0.02,14668,1728.8
78401,150.6,0.13,8798,2261.5
78493,95.6,0.02,9800,90.33
78639,67.29,0.02,5100,66.63
78820,123.92,0.1,9546,1322.39
78970,54.79,0.06,6876,12.14
79509,131.23,0.03,4972,195.45
79882,32.64,0.01,5151,56.09
79992,94.25,0.01,11372,317.03
80000,39.48,0.01,4812,44.74
80170,59.07,0.01,7000,82.76
80331,28.23,0.0,5100,69.18
80582,162.6,0.05,10888,473.92
80763,169.78,0.17,3548,66430.9
80816,42.66,0.02,5300,141.8
81065,47.92,0.01,5279,63.36
81126,96.53,0.04,8601,151.06
81266,145.35,0.08,21001,7568.36
81377,112.23,0.02,9199,1004.87
81833,33.31,0.0,5100,48.53
82080,93.2,0.04,5323,171.91
82273,119.76,0.02,4392,3939.56
82363,91.74,0.02,4000,639.81
82514,153.61,0.14,15348,3505.11
82671,787.4,0.2,5830,7204.66
83081,149.03,0.03,4100,2898.43
83207,47.53,0.01,8590,51.68
83895,100.7,0.04,14580,1146.37
84012,27.09,0.02,8718,62.74
84143,22.53,0.0,6442,19.51
84345,110.25,0.15,3351,15367.9
84379,23.04,0.0,7422,24.61
84380,115.47,0.01,4431,1315.68
84606,53.79,0.02,8524,32.05
84880,62.31,0.02,8193,56.28
85112,120.63,0.04,8345,250.88
85258,198.02,0.13,4316,4917.05
85267,341.3,0.05,11503,6838.88
85670,116.55,0.01,5267,1030.09
85693,113.25,0.02,4430,347.21
85727,60.68,0.02,11048,161.07
85755,124.38,0.03,7308,189.47
85792,81.97,0.07,7905,399.58
85822,52.77,0.01,8483,41.02
85927,175.13,0.13,24900,48238.4
86228,92.08,0.14,6589,1179.11
86263,32.28,0.01,7435,30.59
86414,139.47,0.02,13692,1062.78
86565,53.11,0.01,8228,42.59
86670,148.15,0.03,21001,11560.0
86929,107.99,0.02,4700,573.02
87072,302.12,0.08,5500,1491.55
87073,591.72,0.09,6074,18249.3
87585,34.51,0.0,5067,39.76
87808,230.95,0.03,4582,2165.32
87833,47.3,0.0,4176,549.33
87933,41.95,0.01,5063,63.39
88635,29.7,0.01,5100,58.66
88714,249.38,0.04,11056,2446.94
88794,103.63,0.02,8601,242.11
89341,11111.1,3.11,6455,2652200.0
89931,106.61,0.02,4469,1425.21
90098,143.68,0.15,4200,738.25
90422,85.18,0.01,13668,537.33
90595,97.94,0.02,8058,94.42
90887,70.27,0.02,8400,32.62
91117,61.05,0.01,4400,165.99
91875,62.93,0.02,8232,27.86
91971,47.87,0.01,7601,31.03
92041,73.37,0.01,10114,297.14
92175,280.9,0.12,4800,2089.75
92202,1052.63,0.45,4300,15763.8
92420,294.99,0.05,8200,2578.71
92609,438.6,0.08,11282,4823.51
92791,225.73,0.04,3472,8898.86
92814,429.19,0.1,7292,1230.54
92855,69.83,0.02,14026,1424.37
92946,47.42,0.14,7400,24.44
92953,90.58,0.04,4763,75.03
92989,131.93,0.04,13500,228.59
93015,153.37,0.12,5774,361.78
93085,111.98,0.06,4913,601.99
93174,30.18,0.01,6251,9.53
93194,190.11,0.05,8720,1477.82
93244,47.51,0.03,4938,60.0
93506,27.04,0.02,8870,57.22
93542,59.21,0.02,9220,39.14
93683,43.55,0.01,5100,60.07
93747,25.46,0.0,8684,33.22
93805,37.92,0.02,9299,55.08
94005,54.73,0.02,4801,53.22
94114,38.43,0.01,8400,26.47
94160,145.35,0.04,4771,620.85
94820,147.71,0.04,4955,283.31
95168,38.93,0.01,7400,30.46
95294,41.14,0.01,6678,29.91
95347,55.74,0.01,10801,93.8
95771,91.16,0.03,3935,372.5
95947,133.16,0.04,4755,1419.98
96406,90.25,0.03,7877,33.7
96757,130.38,0.03,5606,270.94
96837,134.77,0.04,4883,391.98
97165,50.58,0.02,9017,155.12
97278,121.06,0.02,4258,2253.87
97365,182.15,0.13,3820,3880.27
97433,45.37,0.02,5233,60.1
97804,423.73,0.44,5452,5289.52
98032,55.74,0.01,4632,95.51
98110,41.37,0.01,4842,58.82
98412,158.98,0.03,11831,630.5
98495,32.22,0.01,8497,22.73
98543,72.46,0.01,8084,53.13
98688,137.55,0.02,3540,2115.18
98920,49.16,0.02,4942,24.06
99473,87.8,0.02,9205,336.48
100064,32.45,0.01,5228,40.35
100345,100.2,0.11,5245,657.73
100453,561.8,0.15,5863,32073.7
100751,54.82,0.03,16637,1438.16
101421,101.32,0.02,16324,675.59
101769,30.93,0.01,6735,26.3
101772,30.15,0.01,5000,58.81
101958,77.82,0.03,10230,193.94
102098,432.9,0.14,7823,43183.0
102281,68.45,0.01,7316,59.9
102395,41.42,0.01,7437,57.11
102618,63.69,0.01,9189,107.89
102831,116.01,0.08,4812,192.89
102978,258.4,0.18,4000,3761.64
103227,187.62,0.03,4771,1480.62
103738,70.22,0.02,5200,68.84
104139,49.73,0.01,10782,64.63
104732,43.88,0.02,5083,105.1
105140,55.87,0.01,8746,33.2
105319,30.28,0.01,7158,12.95
105515,60.31,0.02,5171,73.5
105570,101.42,0.03,8141,65.15
105881,118.2,0.02,5166,443.23
106032,210.08,0.06,13871,4207.47
106278,164.75,0.04,5581,1690.98
107315,211.42,0.04,4275,9008.43
107354,34.22,0.03,6586,20.86
107608,98.43,0.04,8790,77.49
108085,64.72,0.04,10062,268.29
108661,250.63,0.12,10542,462.94
109074,160.51,0.03,5055,1892.11
109139,53.71,0.01,11210,69.21
109352,88.5,0.03,5048,47.34
109492,256.41,0.03,4330,4630.02
109937,190.48,0.04,4346,1323.84
110003,57.47,0.01,5142,72.0
110130,61.24,0.04,4318,453.85
110395,50.2,0.05,11296,89.58
110538,52.11,0.01,4865,54.01
110609,689.65,0.24,7919,5160.75
110960,28.17,0.04,6618,22.16
110997,94.88,0.02,4967,261.59
111022,505.05,0.09,3868,14143.9
111104,526.32,0.11,12500,6266.98
111123,88.81,0.11,10869,106.49
111188,43.78,0.01,9527,33.91
111954,149.25,0.1,11300,589.57
112029,62.66,0.01,10759,194.89
112158,65.7,0.05,5400,274.18
112405,45.77,0.02,7323,34.71
112440,111.98,0.03,4808,405.23
112716,97.37,0.03,3988,551.86
112724,35.35,0.0,5067,51.16
112961,118.06,0.08,3749,1621.7
113136,49.24,0.09,8520,92.08
113246,47.26,0.02,4980,51.96
113638,33.38,0.03,4988,28.04
113963,40.88,0.01,10616,184.26
114131,40.44,0.02,6658,25.07
114341,82.99,0.02,4627,306.16
114996,23.06,0.01,6838,10.64
115102,55.87,0.01,4631,72.13
115438,50.1,0.01,4650,84.7
115830,45.54,0.01,4871,46.18
116231,53.36,0.01,11835,70.28
