query_id,main_id,ra,dec,otype,sp_type,plx_value,plx_err,pmra,pmdec,rvz_radvel,v,ids
"HIP 17489","*  16 Tau",56.20089556751999,24.28946759207,"*","B7V",7.3852,0.0724,19.849,-44.966,16.49,5.46,"TIC 385509271|HIP 17489|Gaia DR3 65287458566524928|2MASS J03444821+2417222|PLX  792|Cl* Melotte   22      K       5|Cl* Melotte   22    MSH      77|Cl* Melotte   22    MSK      35|Cl* Melotte   22    TRU     139|Cl* Melotte   22    WCZ      46|*  16 Tau|AAVSO 0338+23|AG+24  326|BD+23   505|CEL    313|GC  4475|GCRV  2077|GEN# +5.20220447|GSC 01799-01440|HD  23288|HGAM    256|HIC  17489|HR  1140|JP11  4597|NAME Celaeno|NSV  1262|PPM  92803|ROT  3740|SAO  76126|SKY#  5682|TD1  2468|TYC 1799-1440-1|UBV M  40995|UBV    3558|YZ  24  1119|DANCe J03444821+2417221|EPIC 211082490|[KSP2003] G166.0388-23.7280|[SCG94] O  57|uvby98 520220447|Cl Melotte   22   447|ALS 15825|PLX  792.00|[KSP2003] J034448.34+241722.6|Cl* Melotte   22    HII     447|IRAS 03417+2407|AKARI-IRC-V1 J0344482+241721|** HL    6A|WDS J03448+2417A|NAME Celeno|WEB  3314|Gaia DR2 65287458566524928"
"HIP 17499","*  17 Tau",56.218904540787506,24.11333785002,"Be*","B6IIIe",8.3457,0.4386,20.542,-46.081,6.87,3.7,"TIC 385509348|HIP 17499|Gaia DR3 65271996684817280|2MASS J03445253+2406478|PLX  793|Cl* Melotte   22    MSH      79|Cl* Melotte   22    MSK      37|Cl* Melotte   22    TRU     148|Cl* Melotte   22    WCZ      52|SBC9 188|[JE82]  122|*  17 Tau|AAVSO 0338+23B|AG+23  302|BD+23   507|CEL    316|EM* MWC   72|FK5  136|GC  4477|GCRV  2079|GEN# +5.20220468|GSC 01799-01441|HD  23302|HGAM    257|HIC  17499|HR  1142|IRAS 03418+2357|JP11  4599|N30  764|NAME Electra|PMC 90-93    97|PPM  92806|ROT  3741|SAO  76131|SBC7   136|SKY#  5687|SRS  30136|TD1  2471|TYC 1799-1441-1|UBV M  40997|UBV    3562|VDB  20|[B10]   852|EPIC 200007769|[HFE83]  249|[KSP2003] G166.1800-23.8485|[SCG94] O  59|uvby98 520220468|Cl Melotte   22   468|Cl Melotte   22  4681|ALS 15826|Cl* Melotte   22      K       7|PLX  793.00|[KSP2003] J034452.49+240649.0|WDS J03449+2407A|Cl* Melotte   22    HII     468|PMSC 03390+2348Aabc|WEB  3317|RAVE J034452.5+240648|Gaia DR2 65271996684277504"
"HIP 17531","* q Tau",56.302083304839165,24.46727376214722,"SB*","B6IV",9.5444,0.403,16.292,-47.206,5.66,4.3,"TIC 385509181|RAVE J034512.5+242802|HIP 17531|Gaia DR3 65296907494549120|2MASS J03451250+2428021|*  19 Tau|Cl* Melotte   22      K      12|Cl* Melotte   22    MSK      45|Cl* Melotte   22    TRU     170|Cl* Melotte   22    WCZ      70|NAME Taygeta|* q Tau|2E   849|AG+24  329|BD+24   547|BDS  1848 A|CCDM J03452+2429A|CEL    319|CSI+24   547  1|GC  4486|GCRV  2086|GEN# +5.20220563|GSC 01803-01585|HD  23338|HGAM    259|HIC  17531|HR  1145|IDS 03393+2409 A|IRAS 03421+2418|JP11  4610|NAME Taygete|NSV  1264|PMC 90-93  5601|PPM  92818|ROT  3746|SAO  76140|SKY#  5699|TYC 1803-1585-1|UBV    3570|UBV M  41007|YPAC 323|[B10]   856|DANCe J03451249+2428022|EPIC 200007772|[KSP2003] G165.9834-23.5342|[SCG94] O  69|[SCG94] X  86|uvby98 520220563|Cl Melotte   22   563|Cl Melotte   22  5631|ALS 15093|Cl* Melotte   22    MSH      95|1RXS J034514.6+242815|2E 0342.2+2418|[KSP2003] J034512.46+242803.7|PSCz P03421+2418|WDS J03452+2428A|Cl* Melotte   22    HII     563|WEB  3324|Gaia DR2 65296907494549120"
"HIP 17573","*  20 Tau",56.45670064515208,24.36774376828833,"PM*","B7III",7.6713,0.3104,19.516,-45.527,7.4,3.87,"TIC 385589511|RAVE J034549.6+242204|HIP 17573|Gaia DR3 65283232316451328|2MASS J03454960+2422037|Cl* Melotte   22      K      23|Cl* Melotte   22    MSH     116|Cl* Melotte   22    MSK      67|Cl* Melotte   22    TRU     231|Cl* Melotte   22    WCZ     110|*  20 Tau|AG+24  335|BD+23   516|CEL    324|CSV 100311|GC  4500|GCRV  2097|GEN# +5.20220785|GSC 01799-01439|HD  23408|HGAM    262|HIC  17573|HR  1149|IRAS 03428+2412|JP11  4627|NAME Maia|NSV  1279|PPM  92841|ROT  3756|SAO  76155|SKY#  5719|SV* ZI   218|TD1  2489|TYC 1799-1439-1|UBV    3582|UBV M  41028|VDB  21|[B10]   860|DANCe J03454961+2422039|EPIC 200007771|[KSP2003] G166.1705-23.5140|[SCG94] O  99|uvby98 520220785|Cl Melotte   22   785|Cl Melotte   22  7851|ALS 15827|1E 0343.3+2347|[KSP2003] J034549.66+242205.2|WDS J03458+2422A|Cl* Melotte   22    HII     785|Renson 6000|WEB  3336|Gaia DR2 65283232318680704"
"HIP 17579","*  21 Tau",56.47698521152,24.55450991618,"PM*","B8V",7.3053,0.0839,20.331,-46.022,11.79,5.76,"TIC 385589396|HIP 17579|Gaia DR3 66798496781121792|2MASS J03455447+2433162|*  21 Tau|Cl* Melotte   22      K      25|Cl* Melotte   22    MSH     120|Cl* Melotte   22    MSK      72|Cl* Melotte   22    TRU     240|Cl* Melotte   22    WCZ     116|AAVSO 0339+24|AG+24  336|BD+24   553|CEL    326|GC  4502|GCRV  2100|GEN# +5.20220817|GSC 01803-01584|HD  23432|HGAM    265|HIC  17579|HR  1151|IRAS 03429+2423|JP11  4632|NAME Asterope|NSV  1283|PPM  92844|ROT  3759|SAO  76159|SKY#  5724|TYC 1803-1584-1|UBV    3586|UBV M  41034|YZ  24  1145|[AKS95]   26|DANCe J03455448+2433162|EPIC 211099592|[KSP2003] G166.0494-23.3627|[SCG94] X 112|[SCG94] O 103|uvby98 520220817|Cl Melotte   22   817|Cl Melotte   22  8171|[KSP2003] J034554.58+243317.6|PSCz P03429+2423|Cl* Melotte   22    HII     817|WDS J03459+2433A|** HJL 1026A|** HL   12A|Gaia DR1 66798492484311936|WEB  3340|Gaia DR2 66798496781121792"
"HIP 17608","*  23 Tau",56.58160786306708,23.948358938116662,"Be*","B6IV(e)",7.067,0.2862,13.075,-48.404,6.2,4.18,"TIC 61139113|RAVE J034619.6+235654|HIP 17608|Gaia DR3 65205373152172032|2MASS J03461958+2356541|*  23 Tau|Cl* Melotte   22      K      31|Cl* Melotte   22    MSK      88|Cl* Melotte   22    TRU     286|Cl* Melotte   22    WCZ     140|[JE82]  123|2E   862|AAVSO 0340+23|AG+23  309|BD+23   522|BDS  1858 A|CCDM J03463+2357A|CEL    331|CSI+23   522  1|EM* MWC   73|GC  4512|GCRV  2108|GEN# +5.20220980|GSC 01800-02204|HD  23480|HIC  17608|HR  1156|IDS 03404+2338 A|IRAS 03433+2347|NAME Merope|NSV  1287|PMC 90-93  5602|PPM  92859|ROT  3764|SAO  76172|SKY#  5737|TD1  2500|TYC 1800-2204-1|UBV    3607|UBV M  41050|USNO-A2.0 1125-01259575|V* V971 Tau|VDB  22|[B10]   865|DANCe J03461957+2356541|EPIC 200007770|[DML87] 101|[KRL2001] 51|[KSP2003] G166.5697-23.7490|[SCG94] X 123|[SCG94] O 116|Cl Melotte   22   980|ALS 15828|1RXS J034620.7+235713|2E 0343.3+2347|CXOP J034619.5+235653|[KSP2003] J034619.56+235654.6|[TSA98] J034619.10+235648.43|UCAC3 228-18525|Cl* Melotte   22    HII     980|WDS J03463+2357A|** DRS    4|WDS J03463+2357Aa,Ab|** HL   15A|CCDM J03463+2357AB|uvby98 520220980|WEB  3354|Gaia DR2 65205373151673344"
"HIP 17702","* eta Tau",56.871152303749994,24.105135651944444,"Be*","B7III",8.09,0.42,19.34,-43.67,5.4,2.87,"TIC 125755072|HIP 17702|2MASS J03472908+2406184|PLX  821|Cl* Melotte   22      K      60|Cl* Melotte   22     VM      32|Cl* Melotte   22    MSH     194|Cl* Melotte   22    MSK     141|Cl* Melotte   22    TRU     414|Cl* Melotte   22    WCZ     236|[JE82]  124|* eta Tau|*  25 Tau|AG+23  323|BD+23   541|BDS  1875 A|CCDM J03474+2407A|CEL    344|EM* MWC   74|FK5  139|GC  4541|GCRV  2135|GEN# +5.20221432|GSC 01800-02202|HD  23630|HGAM    274|HIC  17702|HR  1165|IDS 03415+2348 A|IRAS 03445+2357|IRC +20063|JP11  4669|JP11  4680|N30  776|NAME Alcyone|PMC 90-93   100|PPM  92898|ROT  3785|SAO  76199|SKY#  5771|SRS  30139|TYC 1800-2202-1|UBV    3639|VDB  23|XZ   4911|[B10]   869|EPIC 200007767|[KSP2003] G166.6680-23.4550|[SCG94] O 165|[SCG94] X 180|uvby98 520221432|Cl Melotte   22  1432|ALS 15094|1E 0344.5+2357|[KSP2003] J034729.04+240619.4|WDS J03475+2406A|Cl* Melotte   22    HII    1432|** STF 4008A|** STFA    8A|WEB  3382|Gaia DR2 66714384141781760|Gaia DR3 66714384142368256"
"HIP 17847","*  27 Tau",57.29059607421416,24.053417133280284,"SB*","B8III",8.1184,0.4791,19.079,-46.193,8.5,3.63,"TIC 346626216|GEN# +5.20222168|WDS J03492+2403Aa|** STF  453A|ADS  2786 A|CCDM J03492+2403A|HIP 17847|Gaia DR3 66526127137440128|2MASS J03490974+2403121|PLX  834|Cl* Melotte   22      K      83|Cl* Melotte   22    MSH     239|Cl* Melotte   22    MSK     190|Cl* Melotte   22    TRU     594|Cl* Melotte   22    WCZ     367|SBC9 196|*  27 Tau|AG+23  331|BD+23   557|CEL    354|CSV 100333|FK5  142|GC  4586|GCRV  2171|HD  23850|HGAM    286|HIC  17847|HR  1178|JP11  4701|N30  786|NAME Atlas|NSV  1345|PMC 90-93   102|PPM  92934|ROT  3797|SAO  76228|SBC7   143|SKY#  5825|SRS  30142|TD1  2548|TYC 1800-2203-1|UBV    3678|[B10]   877|DANCe J03490974+2403123|EPIC 200007768|[KSP2003] G167.0133-23.2345|[SCG94] O 197|Cl Melotte   22  2168|ALS 15095|SV* ZI   236|PLX  834.00|Cl* Melotte   22     VM      52|[KSP2003] J034909.65+240312.6|Cl* Melotte   22    HII    2168|IDS 03432+2345|IRAS 03461+2354|Renson 6100|BD+23   557A|AKARI-IRC-V1 J0349097+240312|uvby98 520222168|WEB  3427|Gaia DR2 66526127136550784"
"HIP 17851","*  28 Tau",57.29673582413,24.13671019778,"Be*","B8Vne",7.2414,0.1255,19.496,-47.65,5.1,5.09,"TIC 346626171|RAVE J034911.2+240812|HIP 17851|Gaia DR3 66529975427235712|2MASS J03491121+2408120|GC  4587|PLX  833|Cl* Melotte   22      K      85|Cl* Melotte   22    MSK     191|Cl* Melotte   22    TRU     602|Cl* Melotte   22    WCZ     372|[JE82]  126|*  28 Tau|AAVSO 0343+23|AG+23  332|BD+23   558|CEL    356|EM* MWC   75|GCRV  2172|GSC 01800-02200|HD  23862|HGAM    287|HIC  17851|HR  1180|JP11  4704|NAME Pleione|PPM  92936|ROT  3799|SAO  76229|SKY#  5826|TD1  2552|TYC 1800-2200-1|UBV    3682|V* BU Tau|YZ  23  1196|DANCe J03491122+2408122|EPIC 200007773|[KSP2003] G166.9564-23.1693|[SCG94] X 230|[SCG94] O 199|Cl Melotte   22  2181|PLX  833.00|Cl* Melotte   22     VM      53|1E 0346.2+2359|[KSP2003] J034911.18+240812.8|UCAC3 229-19912|WDS J03492+2408Aa,Ab|CSI+24-03431  1|Cl Melotte   22   878|Cl* Melotte   22    HII     878|Cl* Melotte   22    HII    2181|IRAS 03462+2359|AKARI-IRC-V1 J0349112+240812|uvby98 520222181|GEN# +5.20222181|WEB  3429|Gaia DR2 66529975427235712|LAMOST J034912.80+240820.0"
"HIP 20205","* gam Tau",64.94834968291876,15.627642051424726,"**","G9.5IIIabCN0.5",21.6645,0.1831,116.247,-23.368,38.458,3.65,"TIC 435911332|EPIC 200007765|Gaia DR3 3312052249215275904|HIP 20205|2MASS J04194757+1537395|Cl* Melotte   25    MMU      28|Cl* Melotte   25     VA     175|*  54 Tau|* gam Tau|2E   975|2RE J041945+153637|2RE J0419+153|AG+15  356|BD+15   612|CSV 102439|FK5  159|GC  5226|GCRV  2486|GEN# +5.20250028|GSC 01264-01009|HD  27371|HIC  20205|HR  1346|IRAS 04169+1530|IRC +20074|JP11  4797|N30  889|NSV  1553|PMC 90-93   114|PPM 119792|RAFGL  566|RE J041944+153624|RE J0419+153|ROT  3838|SAO  93868|SKY#  6630|SRS  30159|TD1  3025|TYC 1264-1009-1|UBV    4176|UBV M  41234|YZ  15  1137|[B10]  1000|[HFE83]  290|uvby98 520250028|Cl Melotte   25    28|Cl* Melotte   25      S       1|PLX  954.02|1RXS J041947.6+153740|2E 0416.9+1530|EUVE J0419+15.6|** BLM    1|WDS J04198+1538AB|CCDM J04198+1538AB|UCAC4 529-008241|NAME Prima Hyadum|[RSP2011] 229|WEB  3852|Gaia DR2 3312052249216467328"
"HIP 20455","* del Tau",65.73372983164,17.54251383399,"SB*","G9.5IIICN0.5",20.3092,0.2276,106.212,-27.692,37.5875,3.76,"TIC 435926868|EPIC 200007766|HIP 20455|Gaia DR3 3314024566919613952|2MASS J04225609+1732331|Cl* Melotte   25    MMU      41|PLX  965|Cl* Melotte   25      S       2|Cl* Melotte   25     VA     256|SBC9 239|* del Tau|* del01 Tau|*  61 Tau|2E  1001|2E 0420.0+1726|AG+17  384|BD+17   712|CCDM J04229+1733A|CSI+17   712  1|CSV 102443|FK5  162|GC  5304|GCRV  2535|GEN# +5.20250041|GSC 01268-01267|HD  27697|HIC  20455|HR  1373|IDS 04172+1718 A|IRAS 04200+1725|IRC +20076|JP11  4819|N30  904|NSV  1582|PMC 90-93   116|PPM 119835|RAFGL 4340S|ROT  3851|SAO  93897|SBC7   176|SKY#  6743|SRS  30162|TD1  3094|TYC 1268-1267-1|UBV    4227|UBV M  41247|YZ  17  1151|uvby98 520250041|Cl Melotte   25    41|Cl Melotte   25   411|PLX  965.00|WDS J04230+1732Aa,Ab|1RXS J042255.4+173235|LP   17-712|UCAC4 538-008812|** CHR  262|NAME Secunda Hyadum|[RSP2011] 261|WEB  3912|Gaia DR2 3314024566918614528"
"HIP 20635","* kap01 Tau",66.34235197098376,22.29387108502889,"PM*","A7IV-V",20.9119,0.1571,104.355,-44.436,37.3,4.201,"Gaia DR3 145674574739951872|HIP 20635|2MASS J04252215+2217381|Cl* Melotte   25      S      29|* kap01 Tau|*  65 Tau|AG+22  421|BD+21   642|CCDM J04254+2215A|CSI+21   642  1|GC  5350|GCRV  2565|GEN# +5.20250054|GSC 01277-01626|HD  27934|HIC  20635|HR  1387|IDS 04194+2204 A|IRAS 04223+2210|JP11  4840|N30  915|NSV  1593|PPM  93506|ROT  3859|SAO  76601|SKY#  6816|TD1  3145|TYC 1277-1626-1|UBV    4259|UBV M  41260|YZ  22  1424|uvby98 520250054|Cl Melotte   25    54|Cl Melotte   25   541|PLX  974.02|WDS J04254+2218A|TIC 17387328|[RSP2011] 309|WEB  3954|Gaia DR2 145674574739951872"
"HIP 20711","* ups Tau",66.576929680205,22.81358040320972,"dS*","A8Vn",21.7486,0.1673,107.95,-46.119,32.2,4.282,"Gaia DR3 145727729255780736|HIP 20711|2MASS J04261844+2248488|PLX  977|Cl* Melotte   25      S      13|* ups Tau|*  69 Tau|AG+22  423|BD+22   696|CCDM J04263+2249A|CSI+22   696  1|FK5 2326|GC  5370|GCRV  2578|GEN# +5.20250060|GSC 01816-01893|HD  28024|HIC  20711|HR  1392|IDS 04203+2235 A|IRAS 04233+2242|JP11  4848|N30  921|PPM  93517|ROT  3864|SAO  76608|SKY#  6848|TD1  3158|TYC 1816-1893-1|UBV    4268|UBV M  41266|V* ups Tau|YZ  22  1429|Cl Melotte   25    60|Cl Melotte   25   601|PLX  977.00|WDS J04263+2249A|TIC 17417633|uvby98 520250060|[RSP2011] 325|WEB  3970|Gaia DR2 145727729254950912"
"HIP 20885","* tet01 Tau",67.14374134289625,15.962283658173055,"SB*","G9IIIFe-0.5",24.7693,0.4363,106.133,-58.129,42.193,3.84,"TIC 245792850|Gaia DR3 3312748824193704832|WDS J04287+1552B|** STFA   10B|HIP 20885|2MASS J04283447+1557437|2E  1052|PLX  988|Cl* Melotte   25      S      34|Cl* Melotte   25     VA     489|SBC9 2601|*  77 Tau|* tet01 Tau|1AXG J042834+1558|AG+15  369|BD+15   631|CCDM J04286+1554B|CEL    406|GC  5433|GCRV  2607|GEN# +5.20250071|GSC 01265-01170|HD  28307|HIC  20885|HR  1411|IDS 04228+1545 B|IRAS 04257+1551|IRC +20081|JP11  4864|N30  932|PPM 119933|ROT  3872|SAO  93955|SKY#  6920|TD1  3202|TYC 1265-1170-1|UBV M  10147|UBV M  41277|UBV    4304|YPAC 106|YZ  15  1189|[B10]  1045|[GS83] 109|uvby98 520250071|Cl Melotte   25    71|Cl* Melotte   25    MMU      71|PLX  988.00|1RXS J042834.7+155721|2E 0425.7+1551|2EUVE J0428+15.9|EUVE J0428+15.9|RX J042834.7+155721|PM2000 171052|UCAC4 530-008817|[RSP2011] 356|WEB  4010|Gaia DR2 3312748824191278208"
"HIP 20889","* eps Tau",67.15416772966458,19.18043420581389,"**","G9.5IIICN0.5",22.3654,0.1721,107.526,-36.2,38.42,3.53,"TIC 17554529|HIP 20889|Gaia DR3 48026706558487040|2MASS J04283697+1910494|PLX  987|Cl* Melotte   25      S       3|* eps Tau|*  74 Tau|AG+19  352|BD+18   640|CCDM J04286+1911A|CSI+18   640  1|FK5  164|GC  5430|GCRV  2605|GEN# +5.20250070|GSC 01273-01104|HD  28305|HIC  20889|HR  1409|IDS 04228+1858 A|IRAS 04256+1904|IRC +20080|JP11  4862|LP   18-640|N30  931|PMC 90-93   117|PPM 119934|RAFGL 4345S|ROT  3871|SAO  93954|SKY#  6922|SRS  30164|TD1  3201|TYC 1273-1104-1|UBV    4302|UBV M  10146|UBV M  41276|YZ  19  1188|[B10]  1044|uvby98 520250070|Gaia DR2 48026706557926528|Cl Melotte   25    70|Cl Melotte   25   701|Cl* Melotte   25    MMU      70|PLX  987.00|WDS J04286+1911Aa,Ab|WDS J04286+1911A|** BUP   61A|** WSI   53|NAME Ain|[RSP2011] 357|WEB  4009|EPIC 210754593|1RXS J042836.7+191037"
"HIP 20894","* tet02 Tau",67.16559004644,15.870874649550002,"dS*","A7III",21.8125,0.3735,106.148,-20.294,38.9,3.41,"TIC 245792896|** STFA   10A|HIP 20894|Gaia DR3 3312744219988782720|2MASS J04283971+1552151|PLX  989|Cl* Melotte   25      S      35|Cl* Melotte   25     VA     491|SBC9 248|*  78 Tau|* tet02 Tau|2E  1053|AG+15  370|BD+15   632|BDS  2212 A|CEL    407|GC  5436|GCRV  2609|GEN# +1.00028319|GEN# +5.20250072|GSC 01265-01172|HD  28319|HIC  20894|HR  1412|IRAS 04257+1545|JP11  4866|N30  933|PMC 90-93  5881|PPM 119937|ROT  3873|SAO  93957|SBC7   180|SKY#  6924|TD1  3206|TYC 1265-1172-1|UBV    4306|UBV M  10149|UBV M  41278|V* tet02 Tau|YPAC 349|YZ  15  1190|Cl Melotte   25    72|Cl Melotte   25   721|PLX  989.00|2E 0425.8+1546|EUVE J0428+15.8|[TSA98] J042839.13+155250.73|Renson 7240|UCAC4 530-008822|WDS J04287+1552A|uvby98 520250072|[RSP2011] 359|WEB  4012|Gaia DR2 3312744219987686144|NAME-IAU Chamukuy"
"HIP 21589","* c Tau",69.53942455778,12.51083696018,"BS?","A6V",22.031,0.192,104.695,-14.861,39.4782,4.27,"TIC 245904110|HIP 21589|Gaia DR3 3306483944378137088|2MASS J04380945+1230388|PLX 1022|Cl* Melotte   25      S      15|* c Tau|*  90 Tau|AG+12  457|BD+12   618|CCDM J04381+1231A|CEL    448|CSI+12   618  1|FK5 2342|GC  5645|GCRV  2711|GEN# +5.20250104|GSC 00690-01547|HD  29388|HIC  21589|HR  1473|IDS 04326+1218 A|IRAS 04353+1224|JP11  4904|LP   12-618|N30  975|PPM 120092|ROT  3893|SAO  94044|SKY#  7195|TD1  3392|TYC  690-1547-1|UBV    4462|UBV M  41310|YPAC 235|YZ  12  1345|uvby98 520250104|Cl Melotte   25   104|Cl Melotte   25  1041|PLX 1022.00|1RXS J043809.7+123038|WDS J04382+1231A|Renson 7520|[RSP2011] 473|WEB  4145|Gaia DR2 3306483944376792832"
"HIP 42133","*  35 Cnc",128.83102554031,19.590064045469997,"RG*","G0III",5.3538,0.0258,-34.554,-12.391,28.684,6.558,"TIC 195184975|HIP 42133|Gaia DR3 662794169095142912|Cl* NGC 2632     VL     133|*  35 Cnc|AG+19  847|BD+20  2118|GC 11762|GCRV  5641|GEN# +2.26321133|GSC 01395-02327|HD  72779|HIC  42133|HR  3387|JP11  4206|PPM 125441|ROT  3669|SAO  97928|SKY# 16403|TD1 12702|TYC 1395-2327-1|UBV    8147|UBV M  33633|YZ  19  3436|uvby98 226321133|2MASS J08351945+1935242|Gaia DR1 662794164798230016|WEB  8095|Gaia DR2 662794169095142912"
"HIP 42459","V* HW Vel",129.84935209746,-53.43976877563,"bC*","B5V",6.2738,0.0914,-25.007,23.327,25.141,5.439,"TIC 93272269|HIP 42459|Gaia DR3 5318113550566048256|2MASS J08392384-5326230|Cl* IC 2391      D      64|Cl* IC 2391      H      12|Cl* IC 2391      L       4|Cl* IC 2391    SMY       9|CEL   2750|CPC 19  3062|CPD-53  1796|GC 11917|GCRV  5721|GEN# +3.23910013|GSC 08568-03122|HD  74071|HIC  42459|HR  3440|Hbg  200|IC 2391   13|PPM 337108|SAO 236151|SKY# 16559|TD1 12910|TYC 8568-3122-1|UBV    8382|UBV M  38698|USNO-B1.0 0365-00107778|V* HW Vel|[B10]  2319|ALS 14085|Gaia DR1 5318113546259668864|uvby98 323910013|WEB  8170|Gaia DR2 5318113550566048256|GES J08392384-5326231"
"HIP 42497","HD  73598",129.96131449798,19.54081101083,"**","G8III-IIIb",5.9477,0.1055,-34.617,-13.601,35.523,6.6,"TIC 175239935|HIP 42497|Gaia DR3 661271173693364864|Cl* NGC 2632    MMU     212|2MASS J08395072+1932269|Cl* NGC 2632      S      84|Cl* NGC 2632     KW     212|Cl* NGC 2632     VL     799|Cl* NGC 2632     VL     899|Cl* NGC 2632    ART     327|Cl* NGC 2632    RUS     149|Cl* NGC 2632   HERT      84|Cl* NGC 2632   WJJP      86|ADS  6915 D|AG+19  868|BD+20  2150|CCDM J08399+1933D|GC 11879|GCRV  5696|GEN# +2.26320212|GSC 01395-02737|HD  73598|HIC  42497|IDS 08342+1954 D|JP11  4099|NSV  4171|PMC 90-93  5901|PPM 125555|ROT  3621|SAO  98010|SKY# 16577|TYC 1395-2737-1|UBV M  33518|UBV    8251|YZ   0  1095|YZ  19  3476|[GS83] 108|uvby98 226320212|WDS J08399+1933D|** S  571D|SDSS J083950.74+193227.6|2XMM J083950.7+193226|** CHR  156|WDS J08399+1933Da,Db|AKARI-IRC-V1 J0839506+193225|IRAS 08369+1943|WEB  8180|Gaia DR2 661271173693364864"
"HIP 42504","HD  74146",129.98999374024,-53.05472684087,"SB*","B5IV",6.558,0.0993,-24.796,23.373,-43.93,5.19,"TIC 93549555|HIP 42504|Gaia DR3 5318541982145960064|2MASS J08395759-5303170|Cl* IC 2391      H       2|Cl* IC 2391      L       3|SBC9 1782|Cl* IC 2391    SMY      14|CCDM J08400-5303A|CD-52  2484|CEL   2756|CPC 19  3065|CPD-52  1579|CSI-52  1579 42|GC 11933|GCRV  5731|GEN# +3.23910016|GSC 08568-03117|HD  74146|HIC  42504|HR  3442|Hbg  201|IC 2391   16|IDS 08371-5242 A|NSV  4194|PPM 337114|SAO 236157|SKY# 16585|TD1 12920|TYC 8568-3117-1|UBV    8393|UBV M  38701|USNO-B1.0 0369-00125279|V* NZ Vel|VXR HRI  2|[B10]  2322|uvby98 323910016|Cl* IC 2391    PMM    3518|ALS 14086|Cl* IC 2391      D      71|WDS J08400-5303A|** HJ 4126A|AKARI-IRC-V1 J0839575-530316|IRAS 08385-5252|PMSC 08371-5242A|PMSC 08371-5242Aab|WEB  8188|Gaia DR2 5318541982145960064"
"HIP 42516","*  39 Cnc",130.02674285581,20.007787489810003,"*","G8+III-IIIb",5.4219,0.0239,-35.654,-12.019,34.135,6.39,"TIC 175262138|WISEA J084006.41+200027.8|Gaia DR3 661324431287688448|[AKS95]   84|HIP 42516|Cl* NGC 2632    MMU     253|2MASS J08400643+2000280|Cl* NGC 2632      S     102|Cl* NGC 2632     KW     253|Cl* NGC 2632     VL     958|Cl* NGC 2632    ART     365|Cl* NGC 2632    RUS     180|Cl* NGC 2632   WJJP     111|*  39 Cnc|AG+20 1008|BD+20  2158|CCDM J08401+2000A|CSI+20  2158  1|GC 11888|GCRV  5704|GEN# +2.26320253|GSC 01398-00027|HD  73665|HIC  42516|HR  3427|IDS 08344+2022 A|IRAS 08372+2011|JP11  4114|NSV  4179|PMC 90-93  5806|PPM  98927|ROT  3630|SAO  80333|SKY# 16594|TYC 1398-27-1|UBV    8269|UBV M  33532|YZ  20  3484|uvby98 226320253|** ENG   37A|AKARI-IRC-V1 J0840063+200026|WISE J084006.39+200028.1|IRAS F08372+2011|EPIC 211984704|WEB  8193|Gaia DR2 661324431287688448"
"HIP 42535","HD  74196",130.07277068477,-53.01539739164,"*","B9/A0",6.4949,0.0534,-24.733,23.397,32.797,5.61,"TIC 93549438|HIP 42535|Gaia DR3 5318543425255007872|Cl* IC 2391      D      82|Cl* IC 2391      H       1|Cl* IC 2391      L       6|Cl* IC 2391    SMY      19|CD-52  2488|CEL   2764|CPC 19  3071|CPD-52  1584|GC 11944|GCRV  5734|GEN# +3.23910021|GSC 08569-04019|HD  74196|HIC  42535|HR  3448|IC 2391   21|NGC  2391    21|NSV  4197|PPM 337126|SAO 236165|SKY# 16600|TD1 12933|TYC 8569-4019-1|UBV    8406|UBV M  38706|USNO-B1.0 0369-00125434|VXR HRI  4|uvby98 323910021|2MASS J08401745-5300554|ALS 16344|Renson 20680|WEB  8205|Gaia DR2 5318543425255007872|GES J08401746-5300554"
"HIP 42536","* omi Vel",130.0733305508675,-52.921909895522504,"Pu*","B3/5(V)",7.0823,0.3409,-31.202,21.388,17.3,3.63,"TIC 93549165|Gaia DR3 5318547273548061824|HIP 42536|Cl* IC 2391      D      83|Cl* IC 2391      H       0|Cl* IC 2391      L       1|* omi Vel|CEL   2762|CPC 19  3070|CPD-52  1583|CSV   6651|FK5 1227|GC 11943|GCRV  5733|GEN# +3.23910020|GSC 08569-04018|HD  74195|HIC  42536|HR  3447|IC 2391   20|IRAS 08388-5244|JP11  4476|N30 2027|PPM 337127|ROT  1365|SACS 190|SAO 236164|SKY# 16601|TD1 12932|TYC 8569-4018-1|UBV    8405|UBV M  38705|USNO-B1.0 0370-00131488|V* omi Vel|VXR HRI  5|[B10]  2325|Cl* IC 2391    PMM    4484|2MASS J08401759-5255190|ALS 14924|Cl* IC 2391    SMY      20|uvby98 323910020|WEB  8204|Gaia DR2 5318547273545667584"
"HIP 42549","HD  73710",130.09202688262,19.66993646776,"*","G9III-IIIb",5.4106,0.0293,-36.237,-13.881,34.686,6.39,"TIC 175262030|HIP 42549|Gaia DR3 661297080936069632|Cl* NGC 2632    MMU     283|2MASS J08402209+1940116|Cl* NGC 2632      S     116|Cl* NGC 2632     KW     283|Cl* NGC 2632     VL    1009|Cl* NGC 2632    ART     413|Cl* NGC 2632    RUS     199|Cl* NGC 2632   HERT     154|Cl* NGC 2632   WJJP     128|ADS  6921 A|AG+19  878|BD+20  2166|CCDM J08404+1941A|CSI+20  2166  1|GC 11899|GCRV  5711|GEN# +1.00073710|GEN# +2.26320283|GSC 01395-02963|HD  73710|HIC  42549|HR  3428|IDS 08346+2001 A|JP11  4126|PPM 125573|ROT  3637|SAO  98021|SKY# 16612|TYC 1395-2963-1|UBV    8288|UBV M  33544|YZ  19  3490|uvby98 226320283|WDS J08404+1940A|IRAS 08374+1950|AKARI-IRC-V1 J0840220+194011|[AKS95]   90|SDSS J084022.03+194011.8|2XMM J084022.0+194011|Gaia DR1 661297076637809024|WEB  8207|Gaia DR2 661297080936069632"
"HIP 42556","* eps Cnc",130.11254206308,19.544812309289995,"SB*","A5m",5.3836,0.0474,-36.293,-12.133,29.9,6.29,"TIC 175261992|HIP 42556|Gaia DR3 661291136701346304|GC 11904|SBC9 1924|Cl* NGC 2632      S     125|Cl* NGC 2632     KW     300|Cl* NGC 2632     VL    1031|Cl* NGC 2632    RUS     209|Cl* NGC 2632   HERT     164|Cl* NGC 2632   WJJP     137|* eps Cnc|*  41 Cnc|AG+19  880|BD+20  2171|BDS  4711 A|CCDM J08404+1932A|GCRV  5713|GEN# +1.00073731|GEN# +2.26320300|GSC 01395-02733|HD  73731|HIC  42556|HR  3429|IDS 08348+1954 A|JP11  4137|PPM 125577|ROT  3642|SAO  98024|SKY# 16617|TYC 1395-2733-1|UBV M  33550|UBV    8297|YZ  19  3495|YZ   0  1099|uvby98 226320300|2MASS J08402702+1932415|WDS J08405+1933A|Renson 20550|Gaia DR1 661291132403077760|WEB  8210|Gaia DR2 661291136701346304|NAME-IAU Meleph"
"HIP 42715","V* KT Vel",130.57913185620794,-53.10005688063944,"a2*","B9III(pSi)",6.5561,0.1453,-21.8,24.248,14.365,5.474,"WISE J084218.97-530600.1|AKARI-IRC-V1 J0842190-530600|TIC 93911820|WISEA J084218.98-530559.9|HIP 42715|Gaia DR3 5318485048061677952|Cl* IC 2391      D     131|Cl* IC 2391      H       4|Cl* IC 2391      L       5|Cl* IC 2391    SMY      33|CCDM J08424-5307BC|CD-52  2504|CPC 19  3090|CPD-52  1605|GC 11992|GCRV  5756|GEN# +3.23910031|GSC 08569-03934|HD  74535|HIC  42715|HR  3466|Hbg  210|IC 2391   31|IDS 08396-5245 BC|PPM 337166|SAO 236202|SKY# 16700|SKY# 16695|TYC 8569-3934-1|UBV    8460|UBV M  38716|V* KT Vel|VXR HRI 26|VXR PSPC 46|[B10]  2340|Cl* IC 2391    PMM    3696|2MASS J08421900-5306002|ALS 14093|USNO-B1.0 0368-00119929|2XMM J084219.0-530600|WDS J08424-5307BC|** B 1625BC|Renson 20800|CPD-52  1605A|WEB  8252|Gaia DR2 5318485043754606848|GES J08421899-5306002"
"HIP 42726","HD  74560",130.60577751422,-53.11398427158306,"SB*","B3IV",6.6507,0.093,-24.545,23.532,10.411,4.815,"WISE J084225.36-530650.1|AKARI-IRC-V1 J0842253-530650|TIC 93911780|WISEA J084225.33-530650.0|HIP 42726|Cl* IC 2391      D     134|Cl* IC 2391      H       3|Cl* IC 2391      L       2|SBC9 2017|Cl* IC 2391    SMY      34|CCDM J08424-5307A|CEL   2807|CPC 19  3092|CPD-52  1607|GC 11997|GCRV  5759|GEN# +3.23910034|GSC 08569-03954|HD  74560|HIC  42726|HR  3467|Hbg  212|IC 2391   34|IDS 08396-5245 A|JP11  4478|PPM 337171|ROT  1376|SAO 236205|SKY# 16699|TYC 8569-3954-1|UBV    8467|UBV M  38719|USNO-B1.0 0368-00119994|V* HY Vel|VXR HRI 27|VXR PSPC 48|[B10]  2341|Cl* IC 2391    PMM    3709|2MASS J08422538-5306501|ALS 14095|WDS J08424-5307A|Renson 20840|uvby98 323910034|WEB  8254|Gaia DR2 5318486456796462848|GES J08422538-5306501|Gaia DR3 5318486456810851072"
"HIP 52370","HD  92938",160.5588303015621,-64.46642611042111,"Be*","B3V",6.7516,0.0843,-17.821,11.58,24.2,4.82,"TIC 390441711|UCAC4 128-037003|WISE J104214.10-642759.0|HIP 52370|Gaia DR3 5239823134370969088|Cl* IC 2602      W      15|CD-63   578|CEL   3654|CPC 21  2203|CPD-63  1589|GC 14733|GCRV  6667|GEN# +1.00092938|GEN# +3.26020033|GSC 08965-01766|HD  92938|HIC  52370|HR  4196|IC 2602   33|N30 2537|PPM 358176|ROT  3698|SAO 251078|SKY# 20498|TYC 8965-1766-1|UBV    9850|UBV M  38861|V* V518 Car|[B10]  2859|uvby98 326020033|2MASS J10421410-6427590|ALS 14949|IRAS 10404-6412|Renson 26840|AKARI-IRC-V1 J1042140-642759|WEB  9531|Gaia DR2 5239823134370969088"
"HIP 52419","* tet Car",160.73917486416664,-64.39445022111111,"SB*","B0Vp",7.16,0.21,-18.36,12.03,459.7,2.76,"TIC 390442076|GES J10425736-6423398|HIP 52419|Gaia DR3 5239828735016184448|Cl* IC 2602      W      18|SBC9 631|* tet Car|2E  2309|CEL   3659|CPC 21  2210|CPD-63  1599|FK5  406|GC 14755|GCRV  6678|GEN# +3.26020037|HD  93030|HIC  52419|HR  4199|IC 2602   37|JP11  4482|N30 2542|PPM 358184|ROT  3699|SAO 251083|SKY# 20522|TD1 15097|UBV    9865|UBV M  38864|[B10]  2862|[RSP95]  60|uvby98 326020037|ALS 14951|1RXS J104257.1-642339|2E 1041.1-6407|EUVE J1042-64.3|RX J1042.9-6423|2MASS J10425739-6423400|TYC 8965-1765-1|IRAS 10411-6407|Renson 26850|AKARI-IRC-V1 J1042573-642339|WEB  9545"
"HIP 52502","HD  93194",161.02875518967625,-63.96107482499694,"*","B3/5Vn",6.8192,0.144,-14.687,10.632,25.5,4.789,"TIC 390955053|LLNS  2559|CD-63   585|HIP 52502|Gaia DR3 5239865225059167744|Cl* IC 2602      W      21|CEL   3678|CPC 20.1  2923|CPD-63  1623|GC 14778|GCRV  6686|GEN# +3.26020041|GSC 08965-01762|HD  93194|HIC  52502|HR  4205|IC 2602   41|JP11  4486|PPM 358210|ROT  3700|SAO 251096|SKY# 20559|TD1 15113|TYC 8965-1762-1|UBV    9885|UBV M  38868|[B10]  2867|[RSP95]  65|uvby98 326020041|2MASS J10440694-6357400|ALS 14952|1RXS J104406.3-635738|RX J1044.1-6357|WEB  9563|Gaia DR2 5239865220724403072"
"HIP 52701","HD  93549",161.62328393396,-64.26323713286,"SB*","B6-7V",6.6898,0.111,-18.077,9.45,-15.0,5.229,"TIC 391421890|WISEA J104629.57-641547.5|HIP 52701|Gaia DR3 5239845949239370240|Cl* IC 2602      W      27|SBC9 1783|2E  2327|CCDM J10465-6416AB|CEL   3698|CPC 20.1  2940|CPD-63  1649|GC 14844|GCRV  6707|GEN# +3.26020049|GEN# +1.00093549|GSC 08965-01763|HD  93549|HIC  52701|HR  4220|IC 2602   49|IDS 10428-6344 AB|PPM 358242|SAO 251117|SKY# 20637|TD1 15143|TYC 8965-1763-1|UBV    9921|[B10]  2878|[RSP95]  86|2MASS J10462961-6415475|ALS 15074|2E 1044.6-6400|RX J1046.5-6415|WDS J10465-6416AB|** FIN  364|uvby98 326020049|WEB  9597|Gaia DR2 5239845949239370240|** TOK   45AB|WISE J104629.57-641547.5"
"HIP 52736","HD  93607",161.71341242856496,-64.38347348587473,"*","B4V",6.6468,0.0739,-18.59,9.832,12.0,4.83,"TIC 391421181|UCAC4 129-037903|WISE J104651.20-642300.5|HIP 52736|Gaia DR3 5239835710037143296|Cl* IC 2602      W      29|CEL   3700|CPC 20.1  2942|CPD-63  1655|GC 14850|GCRV  6711|GEN# +3.26020051|HD  93607|HIC  52736|HR  4222|IC 2602   51|JP11  4488|PPM 358246|ROT  3701|SAO 251120|SKY# 20651|UBV    9926|UBV M  38877|[B10]  2880|uvby98 326020051|2MASS J10465124-6423005|ALS 16350|TYC 8965-1764-1|WEB  9600|Gaia DR2 5239835710037143296"
"HIP 59847","*   7 Com",184.08557639106084,23.945407275677496,"*","G8III-IIIb",13.0861,0.1164,-26.646,-6.367,-27.89,4.86,"TIC 141266294|Gaia DR3 4002093686540184960|HIP 59847|PLX 2827|Cl* Melotte  111     AV     782|*   7 Com|AG+24 1290|BD+24  2443|FK5 2982|GC 16752|GCRV  7346|GEN# +5.21110039|GSC 01986-02432|HD 106714|HIC  59847|HR  4667|IRAS 12138+2413|IRC +20240|N30 2841|PPM 101766|ROT  1798|SAO  82211|SKY# 23005|TYC 1986-2432-1|UBV   11016|UBV M  41636|YZ  24  4476|[AKS95]  600|uvby98 521110039|2MASS J12162055+2356435|Cl Melotte  111    39|Cl Melotte  111   394|PLX 2827.00|WEB 10634|Gaia DR2 4002093686539911552"
"HIP 60351","*  12 Com",185.62629746158999,25.846157683429997,"SB*","F6III+A3V",11.4903,0.1744,-11.426,-8.112,0.5,4.81,"TIC 328961385|HIP 60351|Gaia DR3 4008342726516877312|Cl* Melotte  111    MMU      91|PLX 2850|Cl* Melotte  111     AV    1284|Cl* Melotte  111    BOU      27|SBC9 719|WDS J12225+2551A|*  12 Com|ADS  8530 A|AG+26 1263|BD+26  2337|CCDM J12225+2551A|CSI+26  2337  1|FK5 1318|GAT 1270|GC 16873|GCRV  7428|GEN# +5.21110091|HD 107700|HIC  60351|HR  4707|IDS 12175+2624 A|JP11  5025|N30 2859|NSV  5581|PMC 90-93   914|PPM 101845|RBS  1103|ROT  3924|SAO  82273|SBC7   460|SKY# 23182|SRS  31318|TD1 16230|UBV M  18127|UBV M  41675|UBV   11112|YZ  26  6089|[AKS95]   98|[HFE83]  871|[SS59]   I 268|uvby98 521110091 A|2MASS J12223029+2550461|Cl Melotte  111    91|PLX 2850.00|1RXS J122230.9+255033|RX J1222.5+2550|TYC 1989-3210-1|[ZEH2003] RX J1222.5+2550  1|CSI+26-12200|RX J1222.5+2549|** SHJ  143A|WEB 10733|Gaia DR2 4008342726516877312"
"HIP 60697","*  14 Com",186.60026842788997,27.268238835179996,"*","F1IV:npS_sh",11.2826,0.1085,-15.874,-11.784,2.58,4.95,"TIC 393799555|HIP 60697|Gaia DR3 4009103588563247104|PLX 2866|Cl* Melotte  111     AV    1631|Cl* Melotte  111    BOU       7|*  14 Com|AAVSO 1221+27|AG+27 1223|BD+28  2115|FK5 2997|GC 16955|GCRV  7474|GEN# +5.21110125|GSC 01991-01897|HD 108283|HIC  60697|HR  4733|IRAS 12238+2732|JP11  5053|N30 2875|PPM 101896|ROT  3934|SAO  82310|SKY# 23276|TD1 16269|TYC 1991-1897-1|UBV   11173|UBV M  41699|YPAC 261|YZ  27  6115|[SS59]   I 280|uvby98 521110125|2MASS J12262406+2716056|Cl Melotte  111   125|Cl Melotte  111  1254|PLX 2866.00|Renson 31440|WEB 10793|Gaia DR2 4009103588563247104"
"HIP 61394","*  23 Com",188.71280340925497,22.62920599761361,"**","A0mA1IV",9.1148,0.3293,-58.83,22.771,-16.0,4.773,"TIC 159167776|Gaia DR3 3958719258494268288|HIP 61394|PLX 2900|Cl* Melotte  111     AV    2254|*  23 Com|AG+22 1328|BD+23  2475|CCDM J12349+2238AB|FAUST 3259|FAUST NGP-10|FK5 1323|GC 17142|GCRV  7568|GSC 01990-03784|HD 109485|HIC  61394|HR  4789|IDS 12301+2310 AB|IRAS 12323+2254|JP11  2244|N30 2907|PMC 90-93   919|PPM 102005|ROT  1845|SAO  82390|SKY# 23517|SRS  31323|TD1 16371|TYC 1990-3784-1|UBV   11298|UBV M  18375|YZ  22  4557|[HFE83]  885|2MASS J12345108+2237452|PLX 2900.00|WDS J12349+2238AB|** WRH   12|Renson 31747|uvby98 100109485|WEB 10928|Gaia DR2 3958719258494268288|GEN# +1.00109485|NAME-IAU Phyllon Kissinou"
"HIP 62763","*  31 Com",192.92466737359996,27.54071250467,"*","G0IIIp",11.8467,0.0993,-12.025,-8.119,0.94,4.94,"TIC 450335368|HIP 62763|Gaia DR3 3961912034103154944|[M60b]+28 448|Cl* Melotte  111    MGM     399|PLX 2955|Cl* Melotte  111    BOU      47|*  31 Com|1AXG J125141+2732|2E  2874|2RE J1251+273|2RE J125141+273233|AG+27 1261|BD+28  2156|FAUST 3528|FK5 1332|GC 17455|GCRV  7697|GEN# +1.00111812|GSC 01995-02586|HD 111812|HIC  62763|HR  4883|IRAS 12492+2748|JP11  2310|N30 2963|NSV 19505|PMC 90-93   927|PPM 102212|RBS  1170|RE J125139+273247|RE J1251+273|ROT  1898|SAO  82537|SKY# 23925|SRS  31332|TD1 16518|TYC 1995-2586-1|UBV   11570|UBV M  18750|V* LS Com|YZ  27  6272|[ATZ98] D350|[BOA98] 16|[HFE83]  907|uvby98 100111812|2MASS J12514192+2732266|PLX 2955.00|1ES 1249+27.8|1RXS J125142.1+273222|2E 1249.2+2748|2EUVE J1251+27.5|EUVE J1251+27.5|RX J1251.7+2732|RX J1251.6+2732|[ZEH2003] RX J1251.7+2732  1|2XMM J125141.9+273226|SDSS J125141.84+273226.6|3XMM J125141.9+273226|WEB 11128|Gaia DR2 3961912034103154944"
"* tet01 Ori A","* tet01 Ori A",83.81593917292,-5.3873151943,"Ae*","B0V",2.6427,0.0718,1.355,0.25,28.3,6.73,"TIC 427394748|HIP 26220|Gaia DR3 3017364132050194688|RFC J0535-0523|[OGB2021] 90|MAX  85|PLX 1276|SBC9 340|* tet01 Ori A|*  41 Ori A|ADS  4186 A|BD-05  1315A|CCDM J05353-0524BH|COUP   745|CSI-05  1315  8|GCRV  3410|GEN# +9.00010587|GMR 12|HD  37020|HGAM    436|HIC  26220|HR  1893|JP11  5669|JP11  5668|MLLA  440|Parenago  1865|ROT   875|SKY#  9019|TCC  45|UBV    5511|UBV M  51674|V* V1016 Ori|WH 279|[FBG2002]  498|[FDM2003] X 326|[FDM2003] Opt 347|[GCS95] 177|[HAB84] 73|[HC2000] 336|[LKP2003] 10|[LML2004] 230|[LRY2000] 121|[OW94] 158-314|[OW94] 158-314S|[S58]  93|[S78b]  75A|[SCB99]  94|[SCH2001]   1|[ZRK2004] 41|[ZRK2004] 158-314|ALS 14651|COUP J053515.8-052314|CXOONC J053515.8-052314|[H97b] 1865|2MASS J05351582-0523143|USNO-B1.0 0846-00061568|WDS J05353-0523A|WDS J05353-0523Aa,Ab|Brun 587|[RRS2008] 158-314|** STF  748A|ISOY J053515.80-052315.2|PMSC 05304-0527Aab|PMSC 05304-0527A|TYC 4774-953-1|UCAC4 424-010226|** PTR    1A|GBS-VLA J053515.83-052314.1|GEN# +2.19760587|uvby98 900010587|WEB  5123|VISION J05351582-0523143|[FRM2016] 254|Gaia DR2 3017364132050194688|[SEM2016] 418"
"* tet01 Ori B","* tet01 Ori B",83.81722494169,-5.38521790118,"EB*","B1V",2.6548,0.0424,1.28,1.278,26.0,7.96,"Gaia DR2 3017364132049943680|TIC 427394728|SBC9 341|Gaia DR3 3017364132049943680|HIP 26220B|*  41 Ori B|* tet01 Ori B|ADS  4186 B|CSI-05  1315  2|GCRV  3411|GEN# +9.00010595|GMR 15|HD  37021|HGAM    437|HR  1894|Parenago  1863|ROT   876|SBC7   240|SKY#  9020|TCC  56|UBV   21614|UBV M  51675|V* BM Ori|WH 278|[HAB84] 84|[HHM94]  5|[S58]  99|[S78b]  75B|[SCH2001]   2|[ZRK2004] 161-307|ALS 14652|EUVE J0535-05.3|2MASS J05351611-0523068|USNO-B1.0 0846-00061569|WDS J05353-0523B|Brun 595|** STF  748B|TYC 4774-954-1|UCAC4 424-010232|CXOONC J053516.0-052307|TCC  60|[CHS2001]  8783|[FBG2002]  519|[FDM2003] X 340|[SCB99] 117|MAX 101|[LRY2000] 141|[HC2000] 354|[H97b] 1863a|COUP   778|MLLA  460A|[LML2004] 254|[GFB2000] ONC 384|COUP J053516.1-052306|[OW94] 161-307|GBS-VLA J053516.07-052307.0|GEN# +2.19760595|uvby98 900010595|WEB  5124|[SEM2016] 445"
"* tet01 Ori C","* tet01 Ori C",83.8186095697,-5.3897005033,"SB*","O7Vp",2.5014,0.1352,2.262,0.994,24.5,5.13,"TIC 427394772|HIP 26221|Gaia DR3 3017364063330718080|MAX 111|* tet01 Ori C|*  41 Ori C|ADS  4186 C|BD-05  1315C|CCDM J05353-0524AIJ|CEL    832|CGO  97|COUP   809|CSI-05  1315  1|CSV 100581|GC  6931|GCRV  3412|GEN# +9.00010598|GSC 04774-00931|HD  37022|HGAM    438|HIC  26221|HR  1895|JP11  5672|JP11  5671|MCW  337|MLLA  401A|N30 1199|NSV  2294|PPM 188218|Parenago  1891|ROS -ORI  85|ROT   877|SAO 132314|SKY#  9021|SV* ZI   429|TCC  68|TYC 4774-931-1|UBV M  51676|UBV    5512|WH 280|[FBG2002]  542|[FDM2003] X 358|[GC94b] 109|[GCS95] 184|[HC2000] 309|[HHM94] 13|[LKP2003]  5|[LML2004] 276|[LRY2000] 158|[S58] 101|[S78b]  75C|[SCB99] 135|[SCH2001]   3|uvby98 900010598|[OW94] 165-323|ALS 14788|1E 053249-0525.2|1RXS J053516.6-052320|COUP J053516.4-052322|CXOONC J053516.4-052322|RX J053516.4-052320|[H97b] 1891|2MASS J05351646-0523230|USNO-B1.0 0846-00061570|WDS J05353-0523C|Brun 598|** STF  748C|PMSC 05304-0527C|UCAC4 424-010234|3XMM J053516.3-052320|Gaia DR2 3017364063330718080|[CPM2012] J053516.460-052322.883|GBS-VLA J053516.47-052322.6|GOS G209.01-19.38 01|GEN# +2.19760598|WEB  5125|[FRM2016] 305|[SEM2016] 476"
"* tet01 Ori D","* tet01 Ori D",83.82190603333,-5.387936316139999,"Y*O","B1.5Vp",2.282,0.0346,1.822,0.393,32.4,6.7,"TIC 427394756|VISION J05351725-0523166|HIP 26224|Gaia DR3 3017364063330465152|MAX 127|*  41 Ori D|* tet01 Ori D|ADS  4186 D|BD-05  1315D|CCDM J05353-0524C|COUP   869|CSI-05  1315  3|CSV 100586|GCRV  3413|GEN# +9.00010612|GEN# +9.00010612D|HD  37023|HGAM    439|HIC  26224|HR  1896|JP11  5680|JP11  5678|JP11  5679|JP11  5677|Parenago  1889|ROT   878|SKY#  9025|UBV    5513|UBV M  51682|WH 292|[FBG2002]  584|[FDM2003] X 384|[GC94b] 114|[GCS95] 191|[HC2000] 330|[S58] 110|[S78b]  75D|[SCH2001]   4|uvby98 900010612|ALS 16710|COUP J053517.2-052316|CXOONC J053517.2-052316|[H97b] 1889|WDS J05353-0523D|2MASS J05351724-0523165|USNO-B1.0 0846-00061571|TYC 4774-930-1|Brun 612|** STF  748D|WDS J05353-0523Da,Db|** KSS    1|PMSC 05304-0527D|MLLA  423|[OW94] 172-317|[MGM2012] 1842|Gaia DR2 3017364063330465152|[OW94] 173-317|[FHM2008] S3-ap126|GEN# +2.19760612|WEB  5126|[SEM2016] 531"
