#;PSRJ;;NAME;;RAJD;;DECJD;;Gl;Gb;DIST;DIST_A;;;DIST_AMN;;DIST_AMX;;DIST_DM;;PX;;;PMRA;;;PMDEC;;;P0;;;P1;;;AGE;BSURF;EDOT;S1400;;;R_LUM14;PSR;ASSOC;BINARY;;PB;;;Minimum  ;Median  ;BINCOMP;POSEPOCH;;
 ; ;; ;;(deg);;(deg);;(deg);(deg);(kpc);(kpc);;;(kpc);;(kpc);;(kpc);;(mas);;;(mas/yr);;;(mas/yr);;;(s);;; ;;;(Yr);(G);(ergs/s);(mJy);;;(mJy kpc^2);TYPE; ;(type);;(days);;;Mass (Msun);Mass (Msun); ;(MJD);;
1;J0006+1834;cnt96;J0006+1834;cnt96;1.5200;8.3e-04;18.5831;1.1e-03;108.172  ;-42.985  ;0.860 ;*;0;*;*;*;*;*;0.860;ymw17;*;0;*;*;0;*;*;0;*;0.69374767047;1.4e-10;cn95;2.097E-15;1.2e-17;cn95;5.24e+06;1.22e+12 ;2.5e+32;*;0;*;*;*;*;*;*;*;0;*;*;*;*;49079.50;*;
2;J0030+0451;lzb+00;J0030+0451;lzb+00;7.61428128;1.6e-07;4.8610310;3.7e-07;113.141  ;-57.611  ;0.329 ;*;0;*;*;*;*;*;0.345;ymw17;3.04;5.0e-02;dds+23;-6.15;5.0e-02;dds+23;0.37;1.4e-01;dds+23;0.00486545328635212;5.0e-17;abb+23;1.01738E-20;3.0e-25;abb+23;7.58e+09;2.25e+08 ;3.5e+33;1.09;3.0e-02;sbm+22;0.12    ;HE[btlb00],HE[aaa+09e];GRS:4FGL_J0030.4+0451[aab+22];*;*;*;0;*;*;*;*;55664.0;aab+21a;
3;J0038-2501;acd+19;J0038-2501;acd+19;9.54277;4.2e-05;-25.025203;5.6e-06;67.413   ;-86.354  ;0.604 ;*;0;*;*;*;*;*;0.604;ymw17;*;0;*;*;0;*;*;0;*;0.2569264575329;1.7e-12;acd+19;7.60E-19;6.0e-21;acd+19;5.36e+09;1.41e+10 ;1.8e+30;*;0;*;*;*;*;*;*;*;0;*;*;*;*;57474.00;*;
4;J0054+66;hrk+08;J0054+66;hrk+08;13.73088;5.8e-05;66.83995;2.3e-05;123.275  ;3.971    ;0.878 ;*;0;*;*;*;*;*;0.878;ymw17;*;0;*;*;0;*;*;0;*;1.390218110073;1.0e-11;mkgm24;5.5532E-15;1.0e-18;mkgm24;3.97e+06;2.81e+12 ;8.2e+31;*;0;*;*;RRAT;*;*;*;*;0;*;*;*;*;59478;mkgm24;
5;J0054+6650;msk+24;J0054+6650;msk+24;13.730950;1.2e-05;66.839938;4.9e-06;123.275  ;3.971    ;0.880 ;*;0;*;*;*;*;*;0.880;ymw17;*;0;*;*;0;*;*;0;*;1.390217485626;1.2e-11;msk+24;5.55123E-15;1.0e-19;msk+24;3.97e+06;2.81e+12 ;8.2e+31;*;0;*;*;*;*;*;*;*;0;*;*;*;*;58221;msk+24;
6;J0108-1431;tnj+94;J0108-1431;tnj+94;17.0347792;3.7e-07;-14.5306075;3.1e-07;140.930  ;-76.815  ;0.210 ;0.21;0;vwc+12;0.16;vwc+12;0.30;vwc+12;0.210;ymw17;4.2;1.4e+00;dtbr09;75;3.0e+00;dtbr09;-152.5;1.7e+00;dtbr09;0.807564614019;2.0e-11;hlk+04;7.704E-17;1.2e-19;hlk+04;1.66e+08;2.52e+11 ;5.8e+30;1.4;3.0e-01;jk18;0.06    ;*;*;*;*;*;0;*;*;*;*;54100.0;dtbr09;
7;J0212+5321;pbhg23;J0212+5321;pbhg23;33.04364  ;0;53.36078  ;0;134.922  ;-7.621   ;0.862 ;*;0;*;*;*;*;*;1.274;ymw17;1.16;3.0e-02;pbhg23;-2.63;3.0e-02;pbhg23;2.04;3.0e-02;pbhg23;0.00211470;1.0e-07;pbhg23;*;0;*;*;*;*;*;0;*;*;HE[pbhg23];GRS:3FGL_J0212.5+5320[pbhg23];BT;pbhg23;0.8695759;1.1e-06;pbhg23;  0.339990;  0.402156;*;57388.0;pbhg23;
8;J0242+62;hrk+08;J0242+62;hrk+08;40.646;1.3e-02;62.947;1.0e-02;135.187  ;2.751    ;0.217 ;*;0;*;*;*;*;*;0.217;ymw17;*;0;*;*;0;*;*;0;*;0.592;0;hrk+08;*;0;*;*;*;*;*;0;*;*;*;*;*;*;*;0;*;*;*;*;54100.00;*;
9;J0304+1932;fss73;B0301+19;fss73;46.13798;6.7e-05;19.5476;2.2e-04;161.135  ;-33.270  ;0.749 ;*;0;*;*;*;*;*;0.749;ymw17;*;0;*;6;7.0e+00;las82;-37;4.0e+00;las82;1.387584446262;3.0e-12;hlk+04;1.295235E-15;2.0e-20;hlk+04;1.7e+07;1.36e+12 ;1.9e+31;15;3.0e+00;jk18;8.42    ;*;*;*;*;*;0;*;*;*;*;49289.0;hlk+04;
10;J0307+7443;hrm+11;J0307+7443;hrm+11;46.982858;4.2e-06;74.7203961;1.4e-06;131.704  ;14.224   ;0.386 ;*;0;*;*;*;*;*;0.386;ymw17;*;0;*;-1.0;1.0e+00;saa+23;3.0;1.0e+00;bbc+24;0.003156088688500;3.0e-15;saa+23;1.726E-20;1.0e-22;saa+23;2.9e+09;2.36e+08 ;2.2e+34;*;0;*;*;HE[hrm+11],HE[aab+22],HE[bbc+24];GRS:4FGL_J0307.8+7443[aab+22],GRS:3FGL_J0308.0+7442[bbc+24];ELL1;saa+23;37.10775488;9.0e-08;bbc+24;  0.198441;  0.232487;*;55780;bbc+24;
11;J0312-0921;trr+21;J0312-0921;trr+21;48.02583  ;0;-9.36556  ;0;191.510  ;-52.378  ;0.817 ;*;0;*;*;*;*;*;0.817;ymw17;*;0;*;31.2;5.0e-01;saa+23;*;0;*;0.0037043355330862;3.0e-16;saa+23;1.9723E-20;6.0e-24;saa+23;2.98e+09;2.74e+08 ;1.5e+34;*;0;*;*;HE[trr+21],HE[aab+22];GRS:4FGL_J0312.1-0921[aab+22];ELL1;saa+23;0.0974588765;1.1e-09;saa+23;  0.008961;  0.010355;UL[trr+21];57000.00;*;
12;J0317+1328;ttm18;J0317+1328;ttm18;49.45273;9.7e-05;13.4761;3.3e-04;168.748  ;-36.059  ;0.345 ;*;0;*;*;*;*;*;0.345;ymw17;*;0;*;*;0;*;*;0;*;1.974239666371;1.6e-11;wbc+23;1.695E-16;1.2e-18;wbc+23;1.84e+08;5.85e+11 ;8.7e+29;*;0;*;*;*;*;*;*;*;0;*;*;*;*;57673;wbc+23;
13;J0357+3205;aaa+09c;J0357+3205;aaa+09c;59.4688;8.3e-04;32.0903;1.7e-03;162.760  ;-16.006  ;0.835 ;*;0;*;0.43;wan11;1.24;wan11;*;*;*;0;*;117;2.0e+01;lmm+13;115;2.0e+01;lmm+13;0.4441044988;6.0e-10;rkp+11;1.3037E-14;2.0e-17;rkp+11;5.4e+05;2.43e+12 ;5.9e+33;*;0;*;*;NRAD[aab+22];GRS:4FGL_J0357.8+3204[aab+22];*;*;*;0;*;*;*;*;54946.00;*;
14;J0410-31;bbj+11;J0410-31;bbj+11;62.66;1.4e-01;-31.12;1.2e-01;230.586  ;-46.671  ;0.415 ;*;0;*;*;*;*;*;0.415;ymw17;*;0;*;*;0;*;*;0;*;1.8785;2.0e-04;bbj+11;*;0;*;*;*;*;*;0;*;*;RRAT;*;*;*;*;0;*;*;*;*;55196.00;*;
15;J0437-4715;jlh+93;J0437-4715;jlh+93;69.316872576;6.3e-09;-47.252783951;4.9e-09;253.395  ;-41.963  ;0.157 ;0.1568;3.0e-04;rhc+16;*;*;*;*;0.156;ymw17;6.43;4.0e-02;rbs+24;121.4429;5.0e-04;rbs+24;-71.4715;5.0e-04;rbs+24;0.005757451941593412;7.0e-18;rbs+24;5.729220E-20;5.0e-26;rbs+24;1.59e+09;5.81e+08 ;1.2e+34;150.2;1.6e+00;dhm+15;3.69    ;HE[bt93],HE[aaa+09f];GRS:4FGL_J0437.2-4715[aab+22],OPT:[bbm+95];T2;rhc+16;5.7410459;4.0e-07;rhc+16;  0.140288;  0.163681;He[vbv+08];59187;sbf+24;
16;J0447-04;kkl+15;J0447-04;kkl+15;71.8;2.5e-01;-4.6;3.0e-01;202.072  ;-29.657  ;0.675 ;*;0;*;*;*;*;*;0.675;ymw17;*;0;*;*;0;*;*;0;*;2.18819;2.0e-05;kkl+15;*;0;*;*;*;*;*;0;*;*;RRAT;*;*;*;*;0;*;*;*;*;56657.00;*;
17;J0452-1759;vlw69;B0450-18;vlw69;73.1421071;4.2e-07;-17.9898253;5.6e-07;217.078  ;-34.087  ;0.400 ;0.4;0;vwc+12;0.3;vwc+12;0.6;vwc+12;2.676;ymw17;0.6;1.4e+00;cbv+09;11.5;9.0e-01;jbv+19;6;2.0e+00;jbv+19;0.548939223294;3.0e-12;hlk+04;5.753107E-15;1.6e-20;hlk+04;1.51e+06;1.8e+12  ;1.4e+33;17;4.0e+00;jk18;2.72    ;*;*;*;*;*;0;*;*;*;*;52275;cbv+09;
18;J0453+1559;dsm+13;J0453+1559;dsm+13;73.4392237;2.1e-07;15.9892517;1.6e-06;184.125  ;-17.137  ;0.521 ;*;0;*;*;*;*;*;0.521;ymw17;*;0;*;-5.5;5.0e-01;msf+15;-6;5.0e+00;msf+15;0.045781816872951;4.0e-15;msf+15;1.8612E-19;8.0e-23;msf+15;3.9e+09;2.95e+09 ;7.7e+31;0.33;2.0e-02;sbm+22;0.09    ;*;*;DDH;msf+15;4.072468649;4.0e-09;msf+15;  1.037731;  1.277057;NS[msf+15];56400.00;*;
19;J0454+4529;mhl+18;J0454+4529;mhl+18;73.74712;3.3e-05;45.49631;2.8e-05;160.706  ;1.243    ;0.765 ;*;0;*;*;*;*;*;0.765;ymw17;*;0;*;*;0;*;*;0;*;1.3891369360;4.0e-10;tbc+20;4.888E-15;2.0e-18;tbc+20;4.5e+06;2.64e+12 ;7.2e+31;*;0;*;*;*;*;*;*;*;0;*;*;*;*;56909.00;*;
20;J0459-0210;mld+96;J0459-0210;mld+96;74.96642;2.8e-05;-2.16851;6.0e-05;201.444  ;-25.678  ;0.160 ;*;0;*;*;*;*;*;0.160;ymw17;*;0;*;*;0;*;*;0;*;1.133077174657;3.0e-12;kjk+24;1.39826E-15;6.0e-20;kjk+24;1.28e+07;1.27e+12 ;3.8e+31;0.60;1.0e-01;jk18;0.02    ;*;*;*;*;*;0;*;*;*;*;50845.0;hlk+04;
21;J0509+0856;mgf+19;J0509+0856;mgf+19;77.34264521;4.2e-08;8.9402847;2.2e-07;192.486  ;-17.931  ;0.817 ;*;0;*;*;*;*;*;0.817;ymw17;*;0;*;5.4;2.0e-01;mgf+19;-4.3;5.0e-01;mgf+19;0.0040558382315644;5.0e-16;mgf+19;4.412E-21;1.2e-23;mgf+19;1.46e+10;1.35e+08 ;2.6e+33;1.47;3.0e-02;sbm+22;0.98    ;*;*;ELL1;mgf+19;4.9079768930;1.0e-09;mgf+19;  0.112279;  0.130738;He(?)[mgf+19];57384.00;*;
22;J0511-6508;mfl+06;J0511-6508;mfl+06;77.98544;5.8e-05;-65.14344;2.7e-05;275.250  ;-34.827  ;0.818 ;*;0;*;*;*;*;*;0.818;ymw17;*;0;*;*;0;*;*;0;*;0.3220619574372;5.0e-13;kjk+24;2.0713E-16;4.0e-20;kjk+24;2.46e+07;2.61e+11 ;2.4e+32;0.310;1.0e-02;jpm+22;0.21    ;*;*;*;*;*;0;*;*;*;*;59400;kjk+24;
23;J0517+2212;cha03;J0517+2212;cha03;79.321446;8.3e-06;22.21442;5.6e-05;182.176  ;-9.012   ;0.158 ;*;0;*;*;*;*;*;0.158;ymw17;*;0;*;*;0;*;*;0;*;0.2223665151982;7.0e-13;bfrs18;1.16047E-17;1.5e-21;bfrs18;3.04e+08;5.14e+10 ;4.2e+31;0.46;2.0e-02;bfrs18;0.01    ;*;*;*;*;*;0;*;*;*;*;53400.00;*;
24;J0534+34;ttm18;J0534+34;ttm18;83.62;8.3e-02;34.1;2.5e-01;174.353  ;0.746    ;0.403 ;*;0;*;*;*;*;*;0.403;ymw17;*;0;*;*;0;*;*;0;*;*;0;*;*;0;*;*;*;*;*;0;*;*;RRAT[ttm18];*;*;*;*;0;*;*;*;*;*;*;
25;J0536-7543;mlt+78;B0538-75;mlt+78;84.12842;4.2e-05;-75.731766;1.1e-05;287.161  ;-30.821  ;0.143 ;*;0;*;*;*;*;*;0.143;ymw17;*;0;*;3;4.0e+01;jbv+19;65;8.0e+00;jbv+19;1.245856241689;3.0e-12;kjk+24;5.7540E-16;1.8e-19;kjk+24;3.43e+07;8.57e+11 ;1.2e+31;8.700;1.0e-02;jpm+22;0.18    ;*;*;*;*;*;0;*;*;*;*;59400;kjk+24;
26;J0540-7125;lml+98;J0540-7125;lml+98;85.1283;1.3e-03;-71.42539;1.4e-04;282.148  ;-31.236  ;0.547 ;*;0;*;*;*;*;*;0.547;ymw17;*;0;*;*;0;*;*;0;*;1.286014595;3.0e-09;dsb+98;8.2E-16;8.0e-17;dsb+98;2.48e+07;1.04e+12 ;1.5e+31;0.30;1.0e-01;jk18;0.09    ;*;*;*;*;*;0;*;*;*;*;49527.17;*;
27;J0600-5756;mlt+78;B0559-57;mlt+78;90.1937;1.3e-03;-57.9483;8.3e-04;266.492  ;-29.343  ;0.553 ;*;0;*;*;*;*;*;0.553;ymw17;*;0;*;*;0;*;*;0;*;2.261364513;3.0e-09;nmc81;2.78E-15;9.0e-17;nmc81;1.29e+07;2.54e+12 ;9.5e+30;*;0;*;*;*;*;*;*;*;0;*;*;*;*;43557.36;*;
28;J0605+3757;san16;J0605+3757;san16;91.2730996;4.2e-07;37.959989;2.8e-06;174.193  ;8.022    ;0.215 ;*;0;*;*;*;*;*;0.215;ymw17;*;0;*;*;0;*;*;0;*;0.00272795420005466;8.0e-17;saa+23;4.717E-21;3.0e-24;saa+23;9.16e+09;1.15e+08 ;9.2e+33;*;0;*;*;HE;GRS:4FGL_J0605.1+3757[aab+22];BT;saa+23;55.67233473;8.0e-08;saa+23;  0.176426;  0.206376;He[san16];57023.59;*;
29;J0609+2130;lxf+05;J0609+2130;lxf+05;92.4953587;8.3e-07;21.50079;2.5e-05;189.192  ;1.040    ;0.574 ;*;0;*;*;*;*;*;0.574;ymw17;*;0;*;*;0;*;*;0;*;0.05569801392951;2.0e-14;lxf+05;2.35E-19;2.0e-21;lxf+05;3.76e+09;3.66e+09 ;5.4e+31;*;0;*;*;*;*;*;*;*;0;*;*;*;*;52758.00;*;
30;J0611+1436;lsb+17;J0611+1436;lsb+17;92.82770;5.4e-05;14.6144;1.1e-03;195.378  ;-2.004   ;0.807 ;*;0;*;*;*;*;*;0.807;ymw17;*;0;*;*;0;*;*;0;*;0.27032946262;3.0e-11;lsb+17;3.997E-15;3.0e-18;lsb+17;1.07e+06;1.05e+12 ;8.0e+33;1.10;0;lsb+17;0.72    ;*;*;*;*;*;0;*;*;*;*;55818.00;*;
31;J0612+3721;stwd85;B0609+37;stwd85;93.202861;6.2e-06;37.36038;3.0e-05;175.450  ;9.093    ;0.534 ;*;0;*;*;*;*;*;0.534;ymw17;*;0;*;5;3.0e+00;*;5;1.2e+01;*;0.29798232657188;1.8e-13;hlk+04;5.94685E-17;1.8e-21;hlk+04;7.94e+07;1.35e+11 ;8.9e+31;4;2.0e+00;lylg95;1.14    ;*;*;*;*;*;0;*;*;*;*;49679.0;hlk+04;
32;J0613+3731;cvh+14;J0613+3731;cvh+14;93.300572;1.2e-05;37.52737;3.6e-05;175.336  ;9.239    ;0.186 ;*;0;*;*;*;*;*;0.186;ymw17;*;0;*;*;0;*;*;0;*;0.6191987768316;6.0e-13;wbc+23;3.237302E-15;2.0e-20;wbc+23;3.03e+06;1.43e+12 ;5.4e+32;0.13;6.0e-02;cvh+14;0.00    ;*;*;*;*;*;0;*;*;*;*;58128;wbc+23;
33;J0613-0200;lnl+95;J0613-0200;lnl+95;93.433232924;9.1e-09;-2.013121504;2.0e-08;210.413  ;-9.305   ;0.780 ;0.78;8.0e-02;dcl+16;0.95;rhc+16;1.27;rhc+16;1.024;ymw17;1.00;5.0e-02;abb+23;1.837;2.0e-03;abb+23;-10.359;6.0e-03;abb+23;0.003061844088094675;4.0e-18;abb+23;9.59067E-21;8.0e-26;abb+23;5.06e+09;1.73e+08 ;1.3e+34;2.25;3.0e-02;dhm+15;1.37    ;HE[aab+22];GRS:4FGL_J0613.7-0201[aab+22];T2;rsc+21;1.198512575192;8.0e-12;abb+23;  0.128556;  0.149867;He[lnl+95];55636;rsc+21;
34;J0614-3329;rrc+11;J0614-3329;rrc+11;93.543117554;1.0e-08;-33.498368186;1.2e-08;240.501  ;-21.827  ;0.667 ;*;0;*;0.54;bac+16;0.63;bac+16;2.691;ymw17;1.5;4.0e-01;sbf+24;0.58;9.0e-02;gsl+16;-1.92;1.2e-01;gsl+16;0.00314866958536681;4.0e-17;cpb+23;1.7419E-20;4.0e-24;cpb+23;2.86e+09;2.37e+08 ;2.2e+34;0.68;4.0e-02;sbm+22;0.30    ;HE[aab+22];GRS:4FGL_J0614.1-3329[aab+22];ELL1;cpb+23;53.58461255;3.0e-08;cpb+23;  0.275254;  0.324184;He[rrc+11];59155;sbf+24;
35;J0621-55;kbj+18;J0621-55;kbj+18;95.18;1.2e-01;-56.08;1.2e-01;264.804  ;-26.411  ;0.380 ;*;0;*;*;*;*;*;0.380;ymw17;*;0;*;*;0;*;*;0;*;*;0;*;*;0;*;*;*;*;*;0;*;*;RRAT;*;*;*;*;0;*;*;*;*;*;*;
36;J0623+0220_P;hzw+25;J0623+0220_P;hzw+25;95.85292  ;0;2.33333   ;0;207.643  ;-5.158   ;0.439 ;*;0;*;*;*;*;*;0.439;ymw17;*;0;*;*;0;*;*;0;*;0.4722;0;hzw+25;*;0;*;*;*;*;0.0244;0;hzw+25;0.00    ;*;*;*;*;*;0;*;*;*;*;*;*;
37;J0630-2834;vl69;B0628-28;vl69;97.70585164;1.8e-07;-28.57854967;1.0e-07;236.952  ;-16.758  ;0.320 ;0.32;0;vwc+12;0.28;vwc+12;0.37;vwc+12;2.084;ymw17;3.0;5.0e-01;dtbr09;-46.3;1.0e+00;dtbr09;21.3;6.0e-01;dtbr09;1.244426522928;7.0e-12;kjk+24;7.1230E-15;3.0e-19;kjk+24;2.77e+06;3.01e+12 ;1.5e+32;32;7.0e+00;jk18;3.28    ;HE[to05];XRS:RX_J0630.8-2834[bjk+05];*;*;*;0;*;*;*;*;54100.0;dtbr09;
38;J0633+1746;hh92;J0633+1746;hh92;98.475637;1.2e-05;17.770252;1.1e-05;195.134  ;4.266    ;0.190 ;0.19;7.0e-02;wan11;*;*;*;*;0.138;ymw17;6.4;1.8e+00;cbmt96;138;4.0e+00;cbmt96;97;4.0e+00;cbmt96;0.237099441692;3.0e-12;jh05;1.097087E-14;6.0e-20;jh05;3.42e+05;1.63e+12 ;3.2e+34;*;0;*;*;HE[aab+22];GRS:4FGL_J0633.9+1746[aab+22],XRS:1E0630+178;*;*;*;0;*;*;*;*;49793;clm+98;
39;J0636+5128;slr+14;J0636+5128;slr+14;99.02019777;2.0e-08;51.48332374;3.0e-08;163.909  ;18.643   ;0.714 ;*;0;*;*;*;*;*;0.210;ymw17;1.4;3.0e-01;aab+21a;1.1;4.0e-01;flm+23;-4.4;7.0e-01;flm+23;0.00286895289071925;4.0e-17;saa+23;3.44901E-21;1.3e-25;saa+23;1.32e+10;1.01e+08 ;5.8e+33;1.0;3.0e-01;aab+21a;0.51    ;HE[sbc+19];XRS:[ska+16],GRS:[sbc+19];T2;saa+23;0.06655134112;6.0e-11;saa+23;  0.006867;  0.007934;UL[slr+14];57277.0;aab+21a;
40;J0636-3044;mbc+19;J0636-3044;mbc+19;99.14332633;2.1e-08;-30.733639327;2.0e-08;239.526  ;-16.416  ;0.233 ;*;0;*;*;*;*;*;0.678;ymw17;4.3;7.0e-01;sbf+24;26.01;9.0e-02;*;-19.26;1.0e-01;*;0.00394576;0;mbc+19;*;0;*;*;*;*;1.51;1.4e-01;sbm+22;0.08    ;*;*;*;*;*;0;*;*;*;*;59163;sbf+24;
41;J0636-4549;bjd+06;J0636-4549;bjd+06;99.14060;6.7e-05;-45.82573;4.4e-05;254.547  ;-21.547  ;0.383 ;*;0;*;*;*;*;*;0.383;ymw17;*;0;*;*;0;*;*;0;*;1.98459736713;4.0e-11;bjd+06;3.172E-15;2.0e-18;bjd+06;9.91e+06;2.54e+12 ;1.6e+31;0.1;0;jk18;0.01    ;*;*;*;*;*;0;*;*;*;*;52700.00;*;
42;J0646-54;ckr+15;J0646-54;ckr+15;101.59333 ;0;-54.88250 ;0;264.400  ;-22.600  ;0.367 ;*;0;*;*;*;*;*;0.367;ymw17;*;0;*;*;0;*;*;0;*;0.00251;0;aab+22;*;0;*;*;*;*;*;0;*;*;HE[aab+22];GRS:4FGL_J0646.4-5455[aab+22];*;*;*;0;*;*;*;*;*;*;
43;J0646-5455;kjc+25;J0646-5455;kjc+25;101.5609580;2.9e-07;-54.9205842;2.8e-07;264.434  ;-22.628  ;0.367 ;*;0;*;*;*;*;*;0.367;ymw17;*;0;*;4.3;2.0e-01;kjc+25;2.2;2.0e-01;kjc+25;0.002507285577719312;7.0e-18;kjc+25;1.8124E-21;7.0e-25;kjc+25;2.19e+10;6.82e+07 ;4.5e+33;0.09;3.0e-02;kjc+25;0.01    ;HE[kjc+25];*;ELL1;kjc+25;9.618521110;3.0e-09;kjc+25;  0.198537;  0.232600;*;60267.857;kjc+25;
44;J0653+0443_P;hzw+25;J0653+0443_P;hzw+25;103.26583 ;0;4.71667   ;0;208.916  ;2.510    ;0.181 ;*;0;*;*;*;*;*;0.181;ymw17;*;0;*;*;0;*;*;0;*;0.04753;0;hzw+25;*;0;*;*;*;*;1.1905;0;hzw+25;0.04    ;*;*;*;*;*;0;*;*;*;*;*;*;
45;J0653+4706;bph+17a;J0653+4706;bph+17a;103.274221;1.3e-05;47.107478;1.1e-05;169.259  ;19.783   ;0.911 ;*;0;*;*;*;*;*;0.911;ymw17;*;0;*;*;0;*;*;0;*;0.0047581298242818;1.6e-15;saa+23;2.076E-20;7.0e-23;saa+23;3.63e+09;3.18e+08 ;7.6e+33;*;0;*;*;HE;GRS:4FGL_J0652.9+4707[aab+22];ELL1;saa+23;5.844254097;1.1e-08;saa+23;  0.213852;  0.250811;*;57939.90;*;
46;J0656-5449;jbo+09;J0656-5449;jbo+09;104.204091;1.2e-05;-54.820758;7.8e-06;264.795  ;-21.141  ;0.372 ;*;0;*;*;*;*;*;0.372;ymw17;*;0;*;*;0;*;*;0;*;0.18315691928751;1.1e-13;kjk+24;3.1915E-17;7.0e-21;kjk+24;9.09e+07;7.74e+10 ;2.1e+32;0.40;1.0e-01;jk18;0.06    ;*;*;*;*;*;0;*;*;*;*;59400;kjk+24;
47;J0658+2936;dcm+23;J0658+2936;dcm+23;104.4359;3.3e-04;29.6081;1.9e-03;186.671  ;14.275   ;0.815 ;*;0;*;*;*;*;*;0.815;ymw17;*;0;*;*;0;*;*;0;*;0.8237009813;5.0e-10;dcm+23;1.44E-15;5.0e-17;dcm+23;9.07e+06;1.1e+12  ;1.0e+32;*;0;*;*;*;*;*;*;*;0;*;*;*;*;59266;dcm+23;
48;J0659+1414;mlt+78;B0656+14;mlt+78;104.950817;1.3e-05;14.23872;8.3e-05;201.108  ;8.258    ;0.286 ;*;0;*;0.25;vwc+12;0.31;vwc+12;0.159;ymw17;3.5;4.0e-01;btgg03;44.1;7.0e-01;btgg03;-2.4;3.0e-01;btgg03;0.384928623365;3.0e-12;jbv+19;5.494123E-14;1.2e-19;jbv+19;1.11e+05;4.65e+12 ;3.8e+34;2.7;2.0e-01;jvk+18;0.22    ;HE[chmm89],HE[rfk+96],HE[srg+97],HE[waa+10];GRS:4FGL_J0659.7+1416[aab+22],SNR:Monogem_Ring[tbb+03];*;*;*;0;*;*;*;*;57600;jbv+19;
49;J0700+6418;dth78;B0655+64;dth78;105.157508;1.7e-05;64.303111;1.1e-05;151.551  ;25.237   ;0.413 ;*;0;*;*;*;*;*;0.413;ymw17;*;0;*;-2;5.6e+00;*;-10;7.6e+00;*;0.19567094516627;1.6e-13;hlk+04;6.853E-19;1.2e-21;hlk+04;4.52e+09;1.17e+10 ;3.6e+30;0.30;1.0e-01;lylg95;0.05    ;*;*;BT;jl88;1.0286697030;1.0e-09;jl88;  0.660361;  0.796588;CO[kul86];48806.0;hlk+04;
50;J0702-4956;bcm+16;J0702-4956;bcm+16;105.6637;8.3e-04;-49.94283;1.7e-04;260.190  ;-18.723  ;0.538 ;*;0;*;*;*;*;*;0.538;ymw17;*;0;*;*;0;*;*;0;*;0.6659935900;5.0e-10;bcm+16;*;0;*;*;*;*;*;0;*;*;*;*;*;*;*;0;*;*;*;*;57086.00;*;
51;J0709-5923;jbo+09;J0709-5923;jbo+09;107.38555;3.3e-05;-59.398778;1.1e-05;270.029  ;-20.899  ;0.371 ;*;0;*;*;*;*;*;0.371;ymw17;*;0;*;*;0;*;*;0;*;0.485268383925;5.0e-12;jbo+09;1.260E-16;2.0e-19;jbo+09;6.1e+07;2.5e+11  ;4.4e+31;0.30;1.0e-01;jk18;0.04    ;*;*;*;*;*;0;*;*;*;*;53000.00;*;
52;J0711-6830;bjb+97;J0711-6830;bjb+97;107.97575018;3.0e-08;-68.513156817;1.1e-08;279.531  ;-23.280  ;0.106 ;*;0;*;*;*;*;*;0.106;ymw17;*;0;*;-15.565;9.0e-03;*;14.180;9.0e-03;*;0.005490968507655535;1.9e-17;rsc+21;1.490731E-20;1.9e-25;rsc+21;5.84e+09;2.9e+08  ;3.6e+33;2.6;3.0e-01;sbm+22;0.03    ;*;*;*;*;*;0;*;*;*;*;55636;rsc+21;
53;J0720-3125;hmb+97;J0720-3125;hmb+97;110.104008;3.8e-06;-31.430579;3.1e-06;244.158  ;-8.165   ;0.400 ;0.4;0;vwc+12;0.3;vwc+12;0.7;vwc+12;*;*;2.8;9.0e-01;kva07;-93.9;1.2e+00;kva07;52.8;1.3e+00;kva07;8.39111553;3.0e-08;kv05;6.98E-14;3.0e-16;kv05;1.9e+06;2.45e+13 ;4.7e+30;*;0;*;*;XINS,NRAD;XRS:RX_J0720.4-3125,OPT:[kva07];*;*;*;0;*;*;*;*;52645.1;kva07;
54;J0736-6304;bb10;J0736-6304;bb10;114.0834;1.1e-03;-63.0711;5.6e-04;274.881  ;-19.153  ;0.103 ;*;0;*;*;*;*;*;0.103;ymw17;*;0;*;*;0;*;*;0;*;4.8628739612;7.0e-10;jcs+17;1.519E-13;3.0e-16;jcs+17;5.07e+05;2.75e+13 ;5.2e+31;*;0;*;*;RRAT;*;*;*;*;0;*;*;*;*;56212;jcs+17;
55;J0742+4110;spp+23;J0742+4110;spp+23;115.5508075;9.0e-07;41.1707989;9.9e-07;178.128  ;26.575   ;0.523 ;*;0;*;*;*;*;*;0.523;ymw17;*;0;*;-14.0;5.9e-01;*;-6.02;1.6e-01;*;0.0031391369352910;3.0e-16;spp+23;6.692E-21;4.0e-24;spp+23;7.43e+09;1.47e+08 ;8.5e+33;*;0;*;*;*;*;ELL1;spp+23;1.3853611813;6.0e-10;msk+24;  0.057588;  0.066787;He[spp+23];57169.00;*;
56;J0745-5353;mlt+78;B0743-53;mlt+78;116.26867;1.7e-04;-53.885989;8.3e-06;266.660  ;-14.283  ;0.565 ;*;0;*;*;*;*;*;0.565;ymw17;*;0;*;-60;1.0e+01;psj+19;50;1.0e+01;psj+19;0.214838505782;5.0e-12;psj+19;2.18686E-15;7.0e-20;psj+19;1.56e+06;6.94e+11 ;8.7e+33;5.0;2.0e-01;jvk+18;1.60    ;*;*;*;*;*;0;*;*;*;*;55129;psj+19;
57;J0746+5514;mkgm24;J0746+5514;mkgm24;116.6975;8.3e-04;55.2435;5.7e-04;162.536  ;29.734   ;0.400 ;*;0;*;*;*;*;*;0.400;ymw17;*;0;*;*;0;*;*;0;*;2.8936675025;6.0e-10;mkgm24;1.019E-14;6.0e-17;mkgm24;4.5e+06;5.5e+12  ;1.7e+31;*;0;*;*;*;*;*;*;*;0;*;*;*;*;59558;mkgm24;
58;J0746-4529;bjd+06;J0746-4529;bjd+06;116.74799;6.7e-05;-45.49074;4.7e-05;259.203  ;-10.103  ;0.810 ;*;0;*;*;*;*;*;0.810;ymw17;*;0;*;*;0;*;*;0;*;2.79102517845;5.0e-11;bjd+06;1.6660E-14;5.0e-18;bjd+06;2.65e+06;6.9e+12  ;3.0e+31;0.2;0;jk18;0.13    ;*;*;*;*;*;0;*;*;*;*;52950.00;*;
59;J0749-4247;mld+96;J0749-4247;mld+96;117.456801;1.0e-05;-42.794770;8.9e-06;257.066  ;-8.349   ;0.560 ;*;0;*;*;*;*;*;0.560;ymw17;*;0;*;*;0;*;*;0;*;1.0954530505155;1.5e-12;kjk+24;9.7595E-16;1.0e-19;kjk+24;1.78e+07;1.05e+12 ;2.9e+31;0.50;1.0e-01;jk18;0.16    ;*;*;*;*;*;0;*;*;*;*;59400;kjk+24;
60;J0750-6846;kbj+18;J0750-6846;kbj+18;117.64938;8.3e-05;-68.77606;2.8e-05;281.056  ;-20.048  ;0.338 ;*;0;*;*;*;*;*;0.338;ymw17;*;0;*;*;0;*;*;0;*;0.91521580361;7.0e-11;sfj+20;1.096E-16;7.0e-19;sfj+20;1.32e+08;3.21e+11 ;5.6e+30;1.7;2.0e-01;sfj+20;0.19    ;*;*;*;*;*;0;*;*;*;*;56839;sfj+20;
61;J0758-30;mss+20;J0758-30;mss+20;119.50000 ;0;-30.00000 ;0;246.856  ;-0.417   ;0.444 ;*;0;*;*;*;*;*;0.444;ymw17;*;0;*;*;0;*;*;0;*;1.092;0;mss+20;*;0;*;*;*;*;*;0;*;*;*;*;*;*;*;0;*;*;*;*;*;*;
62;J0758-3002;msk+24;J0758-3002;msk+24;119.60286;3.0e-05;-30.03905;2.1e-05;246.936  ;-0.361   ;0.441 ;*;0;*;*;*;*;*;0.441;ymw17;*;0;*;*;0;*;*;0;*;1.091869715468;1.1e-11;msk+24;3.84E-16;3.0e-18;msk+24;4.51e+07;6.55e+11 ;1.2e+31;*;0;*;*;*;*;*;*;*;0;*;*;*;*;57458;msk+24;
63;J0803-0942;aac+18;J0803-0942;aac+18;120.86187;5.4e-05;-9.71411;3.9e-05;230.070  ;11.196   ;0.818 ;*;0;*;*;*;*;*;0.818;ymw17;*;0;*;*;0;*;*;0;*;0.571256559155;1.4e-11;clh+20;1.1611E-15;1.7e-18;clh+20;7.8e+06;8.24e+11 ;2.5e+32;0.102;7.0e-03;clh+20;0.07    ;*;*;*;*;*;0;*;*;*;*;58410.00;*;
64;J0811+3729;ttk+17;J0811+3729;ttk+17;122.81290;5.5e-05;37.48716;1.6e-04;183.655  ;31.232   ;0.366 ;*;0;*;*;*;*;*;0.366;ymw17;*;0;*;*;0;*;*;0;*;1.248264327889;1.1e-11;wbc+23;7.459E-16;7.0e-19;wbc+23;2.65e+07;9.76e+11 ;1.5e+31;*;0;*;*;*;*;*;*;*;0;*;*;*;*;58238;wbc+23;
65;J0814+7429;cp68;B0809+74;cp68;123.74792;8.3e-05;74.48492;3.1e-05;139.998  ;31.618   ;0.432 ;0.432;0;vwc+12;0.425;vwc+12;0.440;vwc+12;0.368;ymw17;2.31;4.0e-02;bbgt02;24.02;9.0e-02;bbgt02;-44.0;4.0e-01;bbgt02;1.292241446862;3.0e-12;hlk+04;1.68114E-16;1.4e-20;hlk+04;1.22e+08;4.72e+11 ;3.1e+30;10.0;1.0e+00;lylg95;1.87    ;*;*;*;*;*;0;*;*;*;*;49162.0;hlk+04;
66;J0815+4611;scb+19;J0815+4611;scb+19;123.997760;3.3e-06;46.198122;5.6e-06;173.626  ;33.453   ;0.353 ;*;0;*;*;*;*;*;0.353;ymw17;*;0;*;*;0;*;*;0;*;0.4342422517307;2.0e-13;mbc+20;3.90E-18;1.0e-19;mbc+20;1.76e+09;4.16e+10 ;1.9e+30;*;0;*;*;*;*;*;*;*;0;*;*;*;*;57662;mbc+20;
67;J0818-3049;bkl+13;J0818-3049;bkl+13;124.7054;1.7e-03;-30.8253;1.4e-03;249.983  ;2.908    ;0.422 ;*;0;*;*;*;*;*;0.422;ymw17;*;0;*;*;0;*;*;0;*;0.7637418483;5.0e-10;bkl+13;5.8E-16;2.4e-16;bkl+13;2.09e+07;6.73e+11 ;5.1e+31;0.33;9.0e-02;jvk+18;0.06    ;*;*;*;*;*;0;*;*;*;*;55903.00;*;
68;J0818-3232;bjd+06;J0818-3232;bjd+06;124.60806;2.9e-05;-32.54181;3.1e-05;251.358  ;1.875    ;0.484 ;*;0;*;*;*;*;*;0.484;ymw17;*;0;*;*;0;*;*;0;*;2.1612594095578;1.5e-12;kjk+24;7.544E-16;1.9e-18;kjk+24;4.54e+07;1.29e+12 ;3.0e+30;1.4;4.0e-01;jvk+18;0.33    ;*;*;*;*;*;0;*;*;*;*;59400.00;*;
69;J0820-4114;mlt+78;B0818-41;mlt+78;125.06442;4.2e-05;-41.24311;2.8e-05;258.749  ;-2.734   ;0.571 ;*;0;*;*;*;*;*;0.571;ymw17;*;0;*;*;0;*;*;0;*;0.545445563151;6.0e-12;kjk+24;1.975E-17;6.0e-20;kjk+24;4.37e+08;1.05e+11 ;4.8e+30;5.0;1.0e+00;jvk+18;1.63    ;*;*;*;*;*;0;*;*;*;*;57600;lbs+20;
70;J0826+2637;cls68;B0823+26;cls68;126.7146117;4.2e-07;26.6225825;2.8e-07;196.964  ;31.743   ;0.500 ;0.5000;1.0e-03;dgb+19;*;*;*;*;0.315;ymw17;2.010;1.0e-02;dgb+19;63.000;1.0e-02;dgb+19;-96.75;7.0e-02;dgb+19;0.53066051169;3.0e-11;hlk+04;1.70932E-15;9.0e-20;hlk+04;4.92e+06;9.64e+11 ;4.5e+32;10;2.0e+00;lylg95;2.50    ;HE[bwt+04];*;*;*;*;0;*;*;*;*;56000.0;dgb+19;
71;J0828-3417;mlt+78;B0826-34;mlt+78;127.0693;7.9e-04;-34.2853;7.8e-04;253.965  ;2.561    ;0.354 ;*;0;*;*;*;*;*;0.354;ymw17;*;0;*;*;0;*;*;0;*;1.84891880365;1.1e-10;hlk+04;9.963E-16;5.0e-19;hlk+04;2.94e+07;1.37e+12 ;6.2e+30;0.25;4.0e-02;hfs+04;0.03    ;*;*;*;*;*;0;*;*;*;*;48132.0;hlk+04;
72;J0834-60;ebvb01;J0834-60;ebvb01;128.71;1.7e-01;-60.58;8.3e-02;276.075  ;-11.924  ;0.095 ;*;0;*;*;*;*;*;0.095;ymw17;*;0;*;*;0;*;*;0;*;0.384645;6.0e-06;ebvb01;*;0;*;*;*;*;*;0;*;*;*;*;*;*;*;0;*;*;*;*;51401.10;*;
73;J0835-3707;mlc+01;J0835-3707;mlc+01;128.76283;1.2e-04;-37.13097;8.3e-05;257.076  ;1.990    ;0.555 ;*;0;*;*;*;*;*;0.555;ymw17;*;0;*;*;0;*;*;0;*;0.541404373627;1.5e-11;mlc+01;9.778E-15;9.0e-18;mlc+01;8.77e+05;2.33e+12 ;2.4e+33;0.28;4.0e-02;mlc+01;0.09    ;*;*;*;*;*;0;*;*;*;*;51137.00;*;
74;J0835-4510;lvm68;B0833-45;lvm68;128.83588121;8.3e-08;-45.17635419;8.3e-08;263.552  ;-2.787   ;0.280 ;0.28;0;vwc+12;0.26;vwc+12;0.30;vwc+12;0.328;ymw17;3.5;2.0e-01;dlrm03;-49.68;6.0e-02;dlrm03;29.90;1.0e-01;dlrm03;0.089328385024;4.0e-12;dml02;1.25008E-13;1.6e-17;dml02;1.13e+04;3.38e+12 ;6.9e+36;1050;6.0e+01;jvk+18;82.32   ;HE[hg73],HE[tfko75];GRS:4FGL_J0835.3-4510[aab+22],SNR:Vela,GRS:HESS_J0835-455[aab+06c];*;*;*;0;*;*;*;*;51544;dlrm03;
75;J0837+0610;phbc68;B0834+06;phbc68;129.273536;9.2e-06;6.17113;2.8e-05;219.721  ;26.272   ;0.191 ;*;0;*;*;*;*;*;0.191;ymw17;*;0;*;2;5.0e+00;las82;51;3.0e+00;las82;1.2737682915785;7.0e-13;hlk+04;6.799219E-15;5.0e-21;hlk+04;2.97e+06;2.98e+12 ;1.3e+32;5.0;1.0e+00;jvk+18;0.18    ;*;*;*;*;*;0;*;*;*;*;59400;kjk+24;
76;J0838-2827;tcb+24;J0838-2827;tcb+24;129.71007558;4.2e-08;-28.46582581;8.3e-08;250.589  ;7.819    ;0.413 ;*;0;*;*;*;*;*;0.413;ymw17;0.4;4.0e-01;tcb+24;1.5;3.0e-01;tcb+24;-12.3;3.0e-01;tcb+24;0.0036153610123447;1.2e-15;tcb+24;1.0431E-20;1.4e-23;tcb+24;5.49e+09;1.97e+08 ;8.7e+33;*;0;*;*;HE[tcb+24];GRS:4FGL_J0838.7-2827[tcb+24];ELL1;tcb+24;0.214522813;5.0e-09;tcb+24;  0.165425;  0.193356;*;57388;tcb+24;
77;J0839-66;mbc+19;J0839-66;mbc+19;129.90417 ;0;-66.58111 ;0;281.441  ;-14.927  ;0.448 ;*;0;*;*;*;*;*;0.448;ymw17;*;0;*;*;0;*;*;0;*;0.449339;0;mbc+19;*;0;*;*;*;*;*;0;*;*;*;*;*;*;*;0;*;*;*;*;56012.00;*;
78;J0840-5332;mlt+78;B0839-53;mlt+78;130.140503;1.3e-05;-53.543298;7.5e-06;270.774  ;-7.143   ;0.567 ;*;0;*;*;*;*;*;0.567;ymw17;*;0;*;*;0;*;*;0;*;0.7206140275126;7.0e-13;kjk+24;1.64348E-15;1.6e-19;kjk+24;6.95e+06;1.1e+12  ;1.7e+32;1.7;5.0e-01;jvk+18;0.55    ;*;*;*;*;*;0;*;*;*;*;59400;kjk+24;
79;J0846-3533;mlt+78;B0844-35;mlt+78;131.52533;2.3e-05;-35.56132;2.1e-05;257.190  ;4.710    ;0.535 ;*;0;*;*;*;*;*;0.535;ymw17;*;0;*;93;7.2e+01;zhw+05;-15;6.5e+01;zhw+05;1.116098657740;4.0e-12;kjk+24;1.6007E-15;7.0e-19;kjk+24;1.1e+07;1.35e+12 ;4.5e+31;5.0;1.0e+00;jvk+18;1.43    ;*;*;*;*;*;0;*;*;*;*;59400;kjk+24;
80;J0849-6322;ebvb01;J0849-6322;ebvb01;132.42732;4.2e-05;-63.376324;1.8e-05;279.433  ;-12.171  ;0.383 ;*;0;*;*;*;*;*;0.383;ymw17;*;0;*;*;0;*;*;0;*;0.36795380205804;1.9e-13;kjk+24;7.9083E-16;1.9e-19;kjk+24;7.37e+06;5.46e+11 ;6.3e+32;1.0;2.0e-01;jk18;0.15    ;*;*;*;*;*;0;*;*;*;*;59400;kjk+24;
81;J0855-3331;mlt+78;B0853-33;mlt+78;133.91006;2.6e-05;-33.52758;2.9e-05;256.847  ;7.517    ;0.502 ;*;0;*;*;*;*;*;0.502;ymw17;*;0;*;*;0;*;*;0;*;1.2675409181415;5.0e-13;kjk+24;6.32082E-15;3.0e-20;kjk+24;3.18e+06;2.86e+12 ;1.2e+32;0.60;1.0e-01;lylg95;0.15    ;*;*;*;*;*;0;*;*;*;*;49886.0;hlk+04;
82;J0856-6137;mlt+78;B0855-61;mlt+78;134.246928;1.3e-05;-61.631353;6.1e-06;278.575  ;-10.427  ;0.371 ;*;0;*;*;*;*;*;0.371;ymw17;*;0;*;*;0;*;*;0;*;0.96251087175047;1.8e-13;kjk+24;1.679567E-15;1.6e-20;kjk+24;9.08e+06;1.29e+12 ;7.4e+31;3.3;7.0e-01;jvk+18;0.45    ;*;*;*;*;*;0;*;*;*;*;59400;kjk+24;
83;J0900-3144;bjd+06;J0900-3144;bjd+06;135.18313343;9.7e-08;-31.74190775;1.1e-07;256.162  ;9.486    ;0.900 ;0.9;3.0e-01;dcl+16;*;*;*;*;0.380;ymw17;0.8;5.0e-01;dcl+16;-1.03;2.0e-02;abb+23;1.99;2.0e-02;abb+23;0.01110964933809430;1.3e-16;abb+23;4.88775E-20;9.0e-25;abb+23;3.6e+09;7.46e+08 ;1.4e+33;3.84;3.0e-02;sbm+22;3.11    ;*;*;ELL1;dcl+16;18.73763605840;1.0e-10;abb+23;  0.357699;  0.423593;CO(?)[bjd+06];59149;sbf+24;
84;J0901-4046;chr+22;J0901-4046;chr+22;135.371871;4.2e-06;-40.7674956;2.8e-07;263.140  ;3.700    ;0.327 ;*;0;*;*;*;*;*;0.327;ymw17;*;0;*;*;0;*;*;0;*;75.88554711;6.0e-08;chr+22;2.25E-13;1.2e-14;chr+22;5.35e+06;1.32e+14 ;2.0e+28;*;0;*;*;*;*;*;*;*;0;*;*;*;*;59231;chr+22;
85;J0902-6325;mlt+78;B0901-63;mlt+78;135.63428;2.8e-05;-63.420105;1.2e-05;280.390  ;-11.082  ;0.192 ;*;0;*;*;*;*;*;0.192;ymw17;*;0;*;*;0;*;*;0;*;0.6603135135210;1.8e-12;kjk+24;9.68E-17;3.0e-19;kjk+24;1.08e+08;2.56e+11 ;1.3e+31;1.7;3.0e-01;jk18;0.06    ;*;*;*;*;*;0;*;*;*;*;59400;kjk+24;
86;J0904-4246;mlt+78;B0903-42;mlt+78;136.246116;1.5e-05;-42.770387;1.2e-05;265.074  ;2.859    ;0.675 ;*;0;*;*;*;*;*;0.675;ymw17;*;0;*;*;0;*;*;0;*;0.9651735869553;1.6e-12;kjk+24;1.87798E-15;1.1e-19;kjk+24;8.14e+06;1.36e+12 ;8.2e+31;0.60;7.0e-02;hfs+04;0.27    ;*;*;*;*;*;0;*;*;*;*;59400;kjk+24;
87;J0905-6019;bbb+12;J0905-6019;bbb+12;136.31352;2.1e-05;-60.322794;8.3e-06;278.222  ;-8.816   ;0.359 ;*;0;*;*;*;*;*;0.359;ymw17;*;0;*;*;0;*;*;0;*;0.340854176542;8.0e-12;bbb+12;5.220E-16;3.0e-19;bbb+12;1.03e+07;4.27e+11 ;5.2e+32;0.30;1.0e-01;jk18;0.04    ;*;*;*;*;*;0;*;*;*;*;55191.00;*;
88;J0907-5157;mlt+78;B0905-51;mlt+78;136.816254;1.3e-05;-51.966489;5.6e-06;272.151  ;-3.031   ;0.340 ;*;0;*;*;*;*;*;0.340;ymw17;*;0;*;*;0;*;*;0;*;0.253558014505;8.0e-12;kjk+24;1.834961E-15;2.0e-20;kjk+24;2.19e+06;6.9e+11  ;4.4e+33;17;5.0e+00;jvk+18;1.97    ;*;*;*;*;*;0;*;*;*;*;57600;lbs+20;
89;J0908-1739;mlt+78;B0906-17;mlt+78;137.159092;4.6e-06;-17.660464;8.3e-06;246.119  ;19.850   ;0.805 ;*;0;*;*;*;*;*;0.805;ymw17;*;0;*;27;1.1e+01;hla93;-40;1.1e+01;hla93;0.40162562344216;1.8e-13;hlk+04;6.695000E-16;1.7e-21;hlk+04;9.5e+06;5.25e+11 ;4.1e+32;4;2.0e+00;jvk+18;2.59    ;*;*;*;*;*;0;*;*;*;*;48737.0;hlk+04;
90;J0909-7212;mlt+78;B0909-71;mlt+78;137.39921;3.2e-05;-72.202483;2.8e-06;287.728  ;-16.256  ;0.752 ;*;0;*;*;*;*;*;0.752;ymw17;*;0;*;*;0;*;*;0;*;1.362890422599;3.0e-12;kjk+24;3.2671E-16;1.5e-19;kjk+24;6.61e+07;6.75e+11 ;5.1e+30;1.9;5.0e-01;jvk+18;1.07    ;*;*;*;*;*;0;*;*;*;*;57600;lbs+20;
91;J0912-3851;bbj+11;J0912-3851;bbj+11;138.17792;8.3e-05;-38.8508;2.8e-04;263.165  ;6.584    ;0.346 ;*;0;*;*;*;*;*;0.346;ymw17;*;0;*;*;0;*;*;0;*;1.526085076;3.0e-09;bbb+12;3.59E-15;5.0e-17;bbb+12;6.74e+06;2.37e+12 ;4.0e+31;0.1;0;jk18;0.01    ;RRAT;*;*;*;*;0;*;*;*;*;55093.00;*;
92;J0916-5243;pbs+23;J0916-5243;pbs+23;139.03813 ;0;-52.72900 ;0;273.637  ;-2.563   ;0.539 ;*;0;*;*;*;*;*;0.539;ymw17;*;0;*;*;0;*;*;0;*;1.310444;4.0e-06;pbs+23;*;0;*;*;*;*;*;0;*;*;*;*;*;*;*;0;*;*;*;*;*;*;
93;J0917-4413;pbs+23;J0917-4413;pbs+23;139.46837 ;0;-44.22233 ;0;267.735  ;3.573    ;0.556 ;*;0;*;*;*;*;*;0.556;ymw17;*;0;*;*;0;*;*;0;*;0.05290541;7.0e-08;pbs+23;*;0;*;*;*;*;*;0;*;*;*;*;*;*;*;0;*;*;*;*;*;*;
94;J0919-42;bcm+16;J0919-42;bcm+16;139.8;1.0e+00;-42.0;6.7e-01;266.285  ;5.274    ;0.329 ;*;0;*;*;*;*;*;0.329;ymw17;*;0;*;*;0;*;*;0;*;0.8126;0;bcm+16;*;0;*;*;*;*;*;0;*;*;*;*;*;*;*;0;*;*;*;*;56657.00;*;
95;J0919-6040;bbb+12;J0919-6040;bbb+12;139.8661;2.9e-04;-60.68067;8.3e-05;279.687  ;-7.774   ;0.355 ;*;0;*;*;*;*;*;0.355;ymw17;*;0;*;*;0;*;*;0;*;1.2169757230;6.0e-10;bbb+12;10.0E-18;2.0e-17;bbb+12;1.93e+09;1.12e+11 ;2.2e+29;0.2;0;jk18;0.03    ;*;*;*;*;*;0;*;*;*;*;55190.00;*;
96;J0921-5202;mlb+12;J0921-5202;mlb+12;140.499492;2.5e-06;-52.0440133;1.4e-06;273.775  ;-1.447   ;0.355 ;*;0;*;*;*;*;*;0.355;ymw17;*;0;*;-5.2;1.8e+00;cae+25;8.8;1.8e+00;cae+25;0.009679813766248;4.0e-15;cae+25;1.807E-20;7.0e-23;cae+25;8.49e+09;4.23e+08 ;7.9e+32;0.189;7.0e-03;sbm+22;0.02    ;*;*;ELL1;lkf+21;38.22367666;1.1e-07;cae+25;  0.233601;  0.274347;He[lkf+21];57926;cae+25;
97;J0922-4534;pbs+23;J0922-4534;pbs+23;140.56896 ;0;-45.57806 ;0;269.250  ;3.173    ;0.534 ;*;0;*;*;*;*;*;0.534;ymw17;*;0;*;*;0;*;*;0;*;0.0044165594;5.0e-10;pbs+23;*;0;*;*;*;*;*;0;*;*;*;*;*;*;*;0;*;*;*;*;*;*;
98;J0923-31;bb10;J0923-31;bb10;141.0;2.1e-01;-31.9;2.5e-01;259.697  ;13.003   ;0.382 ;*;0;*;*;*;*;*;0.382;ymw17;*;0;*;*;0;*;*;0;*;*;0;*;*;0;*;*;*;*;*;0;*;*;RRAT;*;*;*;*;0;*;*;*;*;*;*;
99;J0924-5302;mlt+78;B0922-52;mlt+78;141.036342;1.7e-05;-53.04517;8.3e-05;274.712  ;-1.930   ;0.514 ;*;0;*;*;*;*;*;0.514;ymw17;*;0;*;*;0;*;*;0;*;0.74634354840021;1.7e-13;kjk+24;3.54348E-14;1.7e-18;kjk+24;3.34e+05;5.2e+12  ;3.4e+33;1.1;3.0e-01;jvk+18;0.29    ;*;*;*;*;*;0;*;*;*;*;57600;lbs+20;
100;J0924-5814;mlt+78;B0923-58;mlt+78;141.12842;4.2e-05;-58.234750;2.8e-06;278.394  ;-5.595   ;0.107 ;*;0;*;*;*;*;*;0.107;ymw17;*;0;*;*;0;*;*;0;*;0.73950547000;3.0e-11;lbs+20;4.92253E-15;1.1e-19;lbs+20;2.38e+06;1.93e+12 ;4.8e+32;6;2.0e+00;jvk+18;0.07    ;*;*;*;*;*;0;*;*;*;*;57600;lbs+20;
101;J0932-3217;ebvb01;J0932-3217;ebvb01;143.1631;2.5e-04;-32.2873;2.2e-04;261.277  ;14.069   ;0.414 ;*;0;*;*;*;*;*;0.414;ymw17;*;0;*;*;0;*;*;0;*;1.93162674308;1.9e-10;ebvb01;2.50E-16;1.5e-17;ebvb01;1.22e+08;7.03e+11 ;1.4e+30;0.30;1.0e-01;jk18;0.05    ;*;*;*;*;*;0;*;*;*;*;51500.00;*;
102;J0932-5327;lfl+06;J0932-5327;lfl+06;143.0952;5.8e-04;-53.4531;4.4e-04;275.885  ;-1.375   ;0.359 ;*;0;*;*;*;*;*;0.359;ymw17;*;0;*;*;0;*;*;0;*;4.3921587127;6.0e-10;lfl+06;8.37E-15;8.0e-17;lfl+06;8.31e+06;6.14e+12 ;3.9e+30;0.15;0;lfl+06;0.02    ;*;*;*;*;*;0;*;*;*;*;53099.00;*;
103;J0933-4604;pbs+23;J0933-4604;pbs+23;143.46721 ;0;-46.07978 ;0;271.059  ;4.207    ;0.518 ;*;0;*;*;*;*;*;0.518;ymw17;*;0;*;*;0;*;*;0;*;3.66991;5.0e-05;pbs+23;*;0;*;*;*;*;*;0;*;*;*;*;*;*;*;0;*;*;*;*;*;*;
104;J0934-4154;ebvb01;J0934-4154;ebvb01;143.74250;1.2e-04;-41.90542;8.3e-05;268.361  ;7.411    ;0.530 ;*;0;*;*;*;*;*;0.530;ymw17;*;0;*;*;0;*;*;0;*;0.570409236430;1.4e-11;ebvb01;2.69E-16;3.0e-18;ebvb01;3.36e+07;3.96e+11 ;5.7e+31;0.30;1.0e-01;jk18;0.08    ;*;*;*;*;*;0;*;*;*;*;51650.00;*;
105;J0934-5249;mlt+78;B0932-52;mlt+78;143.61765;2.1e-05;-52.824250;1.4e-05;275.690  ;-0.700   ;0.349 ;*;0;*;*;*;*;*;0.349;ymw17;*;0;*;*;0;*;*;0;*;1.444777886801;4.0e-12;kjk+24;4.65274E-15;7.0e-20;kjk+24;4.92e+06;2.62e+12 ;6.1e+31;3.2;9.0e-01;jvk+18;0.39    ;*;*;*;*;*;0;*;*;*;*;57600;lbs+20;
106;J0936-4750;pbs+23;J0936-4750;pbs+23;144.17325 ;0;-47.84183 ;0;272.605  ;3.230    ;0.355 ;*;0;*;*;*;*;*;0.355;ymw17;*;0;*;*;0;*;*;0;*;0.522581;1.0e-05;pbs+23;*;0;*;*;*;*;*;0;*;*;*;*;*;*;*;0;*;*;*;*;*;*;
107;J0940-5428;mlc+01;J0940-5428;mlc+01;145.24263;1.3e-04;-54.47778;8.1e-05;277.510  ;-1.292   ;0.377 ;*;0;*;*;*;*;*;0.377;ymw17;*;0;*;*;0;*;*;0;*;0.0875685618894;6.0e-13;kjk+24;3.28995E-14;4.0e-19;kjk+24;4.22e+04;1.72e+12 ;1.9e+36;0.66;4.0e-02;jvk+18;0.09    ;HE[mlc+01],HE[aab+22];GRS:4FGL_J0941.1-5429[aab+22];*;*;*;0;*;*;*;*;59400;kjk+24;
108;J0941-39;bb10;J0941-39;bb10;145.41;1.9e-01;-39.7;2.5e-01;267.795  ;9.904    ;0.356 ;*;0;*;*;*;*;*;0.356;ymw17;*;0;*;*;0;*;*;0;*;0.58677841838;3.0e-11;bb10;*;0;*;*;*;*;*;0;*;*;RRAT;*;*;*;*;0;*;*;*;*;54831.00;*;
109;J0941-5244;mld+96;J0941-5244;mld+96;145.421532;1.7e-05;-52.734595;1.2e-05;276.446  ;0.092    ;0.398 ;*;0;*;*;*;*;*;0.398;ymw17;*;0;*;*;0;*;*;0;*;0.6585586542679;7.0e-13;kjk+24;1.13840E-15;6.0e-20;kjk+24;9.17e+06;8.76e+11 ;1.6e+32;0.50;1.0e-01;jk18;0.08    ;*;*;*;*;*;0;*;*;*;*;59400;kjk+24;
110;J0942-5552;wvl69;B0940-55;wvl69;145.5620;2.5e-04;-55.88197;1.4e-04;278.569  ;-2.232   ;0.300 ;0.3;0;vwc+12;0.1;vwc+12;1.1;vwc+12;0.415;ymw17;*;0;*;*;0;*;*;0;*;0.664388681376;1.4e-11;lbs+20;2.26780E-14;9.0e-19;lbs+20;4.64e+05;3.93e+12 ;3.1e+33;11;3.0e+00;jvk+18;0.99    ;*;*;*;*;*;0;*;*;*;*;57600;lbs+20;
111;J0942-5657;mlt+78;B0941-56;mlt+78;145.72668;2.4e-05;-56.962042;1.3e-05;279.345  ;-2.990   ;0.406 ;*;0;*;*;*;*;*;0.406;ymw17;*;0;*;-12;7.0e+00;jbv+19;12;3.0e+00;jbv+19;0.8081705414061;9.0e-13;kjk+24;3.95810E-14;5.0e-19;kjk+24;3.24e+05;5.72e+12 ;3.0e+33;1.0;3.0e-01;jvk+18;0.16    ;*;*;*;*;*;0;*;*;*;*;59400;kjk+24;
112;J0943-5305;bbc+22;J0943-5305;bbc+22;145.78333 ;0;-53.08806 ;0;276.842  ;-0.033   ;0.444 ;*;0;*;*;*;*;*;0.444;ymw17;*;0;*;*;0;*;*;0;*;1.734;0;bbc+22;*;0;*;*;*;*;*;0;*;*;RRAT(?)[bbc+22];*;*;*;*;0;*;*;*;*;58925.00;*;
113;J0944-1354;mlt+78;B0942-13;mlt+78;146.120699;2.2e-06;-13.911668;3.9e-06;249.129  ;28.843   ;0.690 ;*;0;*;*;*;*;*;0.690;ymw17;*;0;*;-1.0;4.0e+01;hla93;-22;1.4e+01;hla93;0.57026417275559;1.4e-13;kjk+24;4.5256E-17;3.0e-21;kjk+24;2e+08;1.63e+11 ;9.6e+30;0.6;2.0e-01;lylg95;0.29    ;*;*;*;*;*;0;*;*;*;*;59400;kjk+24;
114;J0945-4833;kbm+03;J0945-4833;kbm+03;146.40939;2.5e-05;-48.554028;1.4e-05;274.199  ;3.674    ;0.352 ;*;0;*;*;*;*;*;0.352;ymw17;*;0;*;*;0;*;*;0;*;0.3315855987755;1.8e-12;kbm+03;4.8291E-15;6.0e-19;kbm+03;1.09e+06;1.28e+12 ;5.2e+33;0.39;5.0e-02;kbm+03;0.05    ;*;*;*;*;*;0;*;*;*;*;51703.00;*;
115;J0946+0951;vazs69;B0943+10;vazs69;146.532;3.3e-03;9.865;9.4e-03;225.413  ;43.126   ;0.892 ;*;0;*;*;*;*;*;0.892;ymw17;*;0;*;-38;1.9e+01;las82;-21;1.2e+01;las82;1.09770570486;7.0e-11;hlk+04;3.49339E-15;2.0e-19;hlk+04;4.98e+06;1.98e+12 ;1.0e+32;*;0;*;*;*;XRS:[zsp05];*;*;*;0;*;*;*;*;48483.0;hlk+04;
116;J0948-5549;pbs+23;J0948-5549;pbs+23;147.05117 ;0;-55.82136 ;0;279.168  ;-1.646   ;0.416 ;*;0;*;*;*;*;*;0.416;ymw17;*;0;*;*;0;*;*;0;*;0.1660954;1.8e-06;pbs+23;*;0;*;*;*;*;*;0;*;*;*;*;*;*;*;0;*;*;*;*;*;*;
117;J0952-3839;mlt+78;B0950-38;mlt+78;148.07137;8.3e-05;-38.65277;7.5e-05;268.701  ;12.033   ;0.523 ;*;0;*;*;*;*;*;0.523;ymw17;*;0;*;*;0;*;*;0;*;1.373815931684;1.2e-11;kjk+24;5.773E-16;1.9e-18;kjk+24;3.77e+07;9.01e+11 ;8.8e+30;4.0;1.0e+00;jvk+18;1.09    ;*;*;*;*;*;0;*;*;*;*;59400;kjk+24;
118;J0953+0755;phbc68;B0950+08;phbc68;148.288790;7.9e-06;7.92660;2.2e-05;228.908  ;43.697   ;0.261 ;0.261;0;vwc+12;0.256;vwc+12;0.266;vwc+12;0.187;ymw17;3.82;7.0e-02;bbgt02;-2.09;8.0e-02;bbgt02;29.46;7.0e-02;bbgt02;0.2530654277593;4.0e-13;kjk+24;2.29759E-16;3.0e-21;kjk+24;1.75e+07;2.44e+11 ;5.6e+32;100;4.0e+01;jvk+18;6.81    ;HE[bwt+04];*;*;*;*;0;*;*;*;*;46375.0;hlk+04;
119;J0954-5430;mlc+01;J0954-5430;mlc+01;148.525208;1.3e-05;-54.514652;7.2e-06;278.998  ;-0.101   ;0.432 ;*;0;*;*;*;*;*;0.432;ymw17;*;0;*;*;0;*;*;0;*;0.4728660202983;9.0e-13;kjk+24;4.388074E-14;1.8e-19;kjk+24;1.71e+05;4.61e+12 ;1.6e+34;0.51;3.0e-02;jvk+18;0.10    ;*;*;*;*;*;0;*;*;*;*;59400;kjk+24;
120;J0955-3947;tcb+24;J0955-3947;tcb+24;148.86586954;2.5e-08;-39.79785919;2.8e-08;269.930  ;11.540   ;0.488 ;*;0;*;*;*;*;*;0.488;ymw17;0.27;1.3e-01;tcb+24;-9.00;1.0e-01;tcb+24;6.10;1.0e-01;tcb+24;0.00202272621425180;1.3e-16;tcb+24;3.81333E-20;9.0e-25;tcb+24;8.4e+08;2.81e+08 ;1.8e+35;*;0;*;*;HE[tcb+24];GRS:4FGL_J0955.3-3949[tcb+24];ELL1;tcb+24;0.38732740;1.0e-07;tcb+24;  0.292319;  0.344677;*;57388;tcb+24;
121;J0955-5304;mlt+78;B0953-52;mlt+78;148.872753;3.1e-06;-53.0712846;1.9e-06;278.264  ;1.159    ;0.401 ;*;0;*;*;*;*;*;0.401;ymw17;*;0;*;*;0;*;*;0;*;0.8621225721646;5.0e-13;kjk+24;3.525394E-15;8.0e-21;kjk+24;3.87e+06;1.76e+12 ;2.2e+32;0.94;1.0e-01;hfs+04;0.15    ;*;*;*;*;*;0;*;*;*;*;59400;kjk+24;
122;J0957-5432;mlc+01;J0957-5432;mlc+01;149.48337;1.2e-04;-54.53442;1.4e-04;279.448  ;0.227    ;0.449 ;*;0;*;*;*;*;*;0.449;ymw17;*;0;*;*;0;*;*;0;*;0.203556697536;6.0e-12;mlc+01;1.947E-15;4.0e-18;mlc+01;1.66e+06;6.37e+11 ;9.1e+33;0.18;3.0e-02;mlc+01;0.04    ;*;*;*;*;*;0;*;*;*;*;51035.00;*;
123;J0959-4809;mlt+78;B0957-47;mlt+78;149.859205;2.0e-05;-48.163203;1.7e-05;275.742  ;5.418    ;0.361 ;*;0;*;*;*;*;*;0.361;ymw17;*;0;*;*;0;*;*;0;*;0.6700858868653;1.4e-12;kjk+24;8.517E-17;7.0e-20;kjk+24;1.25e+08;2.42e+11 ;1.1e+31;4.0;8.0e-01;jvk+18;0.52    ;*;*;*;*;*;0;*;*;*;*;59400;kjk+24;
124;J1000-5149;kbm+03;J1000-5149;kbm+03;150.11725;2.5e-05;-51.832811;1.9e-05;278.107  ;2.603    ;0.127 ;*;0;*;*;*;*;*;0.127;ymw17;*;0;*;*;0;*;*;0;*;0.255677098425;2.0e-12;kbm+03;9.595E-16;6.0e-19;kbm+03;4.22e+06;5.01e+11 ;2.3e+33;0.26;4.0e-02;kbm+03;0.00    ;*;*;*;*;*;0;*;*;*;*;51368.00;*;
125;J1001-5507;wvl69;B0959-54;wvl69;150.40804;2.0e-04;-55.11854;1.2e-04;280.226  ;0.085    ;0.300 ;0.3;0;vwc+12;0.0;vwc+12;1.4;vwc+12;0.408;ymw17;*;0;*;*;0;*;*;0;*;1.436638854668;4.0e-12;kjk+24;5.15828E-14;1.5e-18;kjk+24;4.41e+05;8.71e+12 ;6.9e+32;10;3.0e+00;jvk+18;0.90    ;*;*;*;*;*;0;*;*;*;*;59400;kjk+24;
126;J1001-5559;mlc+01;J1001-5559;mlc+01;150.285728;2.0e-05;-55.983316;1.2e-05;280.691  ;-0.648   ;0.432 ;*;0;*;*;*;*;*;0.432;ymw17;*;0;*;*;0;*;*;0;*;1.661177379510;3.0e-12;kjk+24;8.637E-16;9.0e-19;kjk+24;3.05e+07;1.21e+12 ;7.4e+30;1.4;4.0e-01;jvk+18;0.26    ;*;*;*;*;*;0;*;*;*;*;59400;kjk+24;
127;J1001-5603;pbs+23;J1001-5603;pbs+23;150.27071 ;0;-56.05278 ;0;280.726  ;-0.708   ;0.784 ;*;0;*;*;*;*;*;0.784;ymw17;*;0;*;*;0;*;*;0;*;0.379533;3.0e-06;pbs+23;*;0;*;*;*;*;*;0;*;*;*;*;*;*;*;0;*;*;*;*;*;*;
128;J1003-4747;mlt+78;B1001-47;mlt+78;150.839704;4.2e-06;-47.7836639;5.6e-07;276.037  ;6.117    ;0.369 ;*;0;*;*;*;*;*;0.369;ymw17;*;0;*;*;0;*;*;0;*;0.307074219235;3.0e-12;lbs+20;2.071222E-15;9.0e-21;lbs+20;2.35e+06;8.07e+11 ;2.8e+33;1.43;8.0e-02;jvk+18;0.19    ;*;*;*;*;*;0;*;*;*;*;57600;lbs+20;
129;J1012+5307;nll+95;J1012+5307;nll+95;153.13932687;4.6e-08;53.11729541;3.7e-08;160.347  ;50.858   ;0.700 ;0.7;0;vwc+12;0.6;vwc+12;0.9;vwc+12;0.805;ymw17;1.17;2.0e-02;ddf+20;2.624;3.0e-03;abb+23;-25.487;4.0e-03;abb+23;0.005255749101969821;6.0e-18;abb+23;1.712733E-20;6.0e-26;abb+23;4.86e+09;3.04e+08 ;4.7e+33;4;3.0e+00;aab+21a;1.96    ;HE[wob+04];OPT:[cgk98];ELL1;aab+21a;0.604672722921;3.0e-12;abb+23;  0.107084;  0.124641;He[cgk98];55566.0;aab+21a;
130;J1012-4235;ckr+15;J1012-4235;ckr+15;153.05391029;4.2e-08;-42.59816660;3.7e-08;274.218  ;11.225   ;0.372 ;*;0;*;*;*;*;*;0.372;ymw17;0.8;5.0e-01;gfw+24;-4.09;5.0e-02;gfw+24;5.15;6.0e-02;gfw+24;0.00310114124707936;3.0e-17;gfw+24;6.5456E-21;8.0e-25;gfw+24;7.51e+09;1.44e+08 ;8.7e+33;0.258;6.0e-03;sbm+22;0.04    ;HE[ckr+15];GRS:4FGL_J1012.1-4235[aab+22];BT;ckr+15;37.972463182;3.0e-09;gfw+24;  0.265327;  0.312282;He[ckr+15];59152;sbf+24;
131;J1014-48;bbj+11;J1014-48;bbj+11;153.58;1.7e-01;-48.83;1.2e-01;278.136  ;6.330    ;0.379 ;*;0;*;*;*;*;*;0.379;ymw17;*;0;*;*;0;*;*;0;*;1.5088;2.0e-04;bbj+11;*;0;*;*;*;*;*;0;*;*;RRAT;*;*;*;*;0;*;*;*;*;55196.00;*;
132;J1015-5359;pbs+23;J1015-5359;pbs+23;153.99063 ;0;-53.98667 ;0;281.262  ;2.212    ;0.092 ;*;0;*;*;*;*;*;0.092;ymw17;*;0;*;*;0;*;*;0;*;0.02080050;3.0e-08;pbs+23;*;0;*;*;*;*;*;0;*;*;*;*;?;pbs+23;*;0;*;*;*;*;*;*;
133;J1016-5345;mlt+78;B1014-53;mlt+78;154.129681;7.9e-06;-53.753957;4.7e-06;281.201  ;2.450    ;0.117 ;*;0;*;*;*;*;*;0.117;ymw17;*;0;*;*;0;*;*;0;*;0.7695861785236;6.0e-13;kjk+24;1.92673E-15;4.0e-20;kjk+24;6.33e+06;1.23e+12 ;1.7e+32;1.1;4.0e-01;jvk+18;0.02    ;*;*;*;*;*;0;*;*;*;*;59400;kjk+24;
134;J1022+1001;cnst96;J1022+1001;cnst96;155.741665;2.9e-06;10.031332;7.5e-06;231.795  ;51.101   ;0.725 ;0.725;1.5e-02;dgb+19;*;*;*;*;0.835;ymw17;1.16;8.0e-02;abb+23;-21.4;1.5e+00;*;-11;3.7e+00;*;0.01645292995844926;6.0e-17;rsc+21;4.33373E-20;3.0e-25;rsc+21;6.02e+09;8.54e+08 ;3.8e+32;3.9;3.0e-01;sbm+22;2.05    ;*;*;T2;rsc+21;7.8051340;2.0e-07;abb+23;  0.705295;  0.852959;CO[cnst96];55000;abb+23;
135;J1036-4353;cbb+23;J1036-4353;cbb+23;159.12589638;4.2e-08;-43.88575700;5.6e-08;278.724  ;12.553   ;0.408 ;*;0;*;*;*;*;*;0.408;ymw17;0.4;4.0e-01;bnc+24;-11.6;3.0e-01;bnc+24;2.9;3.0e-01;bnc+24;0.0016801080326781;1.2e-15;bnc+24;6.38E-21;9.0e-23;bnc+24;4.17e+09;1.05e+08 ;5.3e+34;*;0;*;*;*;*;ELL1;cbb+23;0.259621257;6.0e-09;bnc+24;  0.226584;  0.265977;MS[cbb+23];59646.78;*;
136;J1038-5831;jlm+92;B1036-58;jlm+92;159.581879;1.4e-05;-58.524129;7.2e-06;286.284  ;-0.023   ;0.918 ;*;0;*;*;*;*;*;0.918;ymw17;*;0;*;*;0;*;*;0;*;0.6619933522797;9.0e-13;kjk+24;1.25879E-15;1.4e-19;kjk+24;8.33e+06;9.24e+11 ;1.7e+32;2.3;9.0e-01;jvk+18;1.94    ;*;*;*;*;*;0;*;*;*;*;59400;kjk+24;
137;J1045-0436;mss+20;J1045-0436;mss+20;161.4913525;1.7e-06;-4.606498;3.7e-06;254.464  ;46.123   ;0.329 ;*;0;*;*;*;*;*;0.329;ymw17;*;0;*;*;0;*;*;0;*;0.02404751703417;3.0e-14;spp+23;7.86E-20;6.0e-22;spp+23;4.84e+09;1.39e+09 ;2.2e+32;*;0;*;*;*;*;ELL1;spp+23;10.27364598;2.0e-08;msk+24;  0.804247;  0.977933;CO[spp+23];57891.00;*;
138;J1045-4509;bhl+94;J1045-4509;bhl+94;161.45910336;4.5e-08;-45.16502896;3.6e-08;280.851  ;12.254   ;0.340 ;0.34;0;rhc+16;0.24;rhc+16;0.36;rhc+16;0.334;ymw17;1.7;7.0e-01;rsc+21;-6.09;2.4e-02;*;5.18;2.7e-02;*;0.00747422423014427;4.0e-17;rsc+21;1.76640E-20;5.0e-25;rsc+21;6.7e+09;3.68e+08 ;1.7e+33;2.74;4.0e-02;dhm+15;0.32    ;*;*;T2;rsc+21;4.08352925449;8.0e-11;rsc+21;  0.158989;  0.185749;He[bhl+94];55627;rsc+21;
139;J1057-4754;ebvb01;J1057-4754;ebvb01;164.47141;2.9e-05;-47.91600;2.5e-05;284.007  ;10.739   ;0.639 ;*;0;*;*;*;*;*;0.639;ymw17;*;0;*;*;0;*;*;0;*;0.628305878552;7.0e-12;jbo+09;2.248E-16;2.0e-19;jbo+09;4.43e+07;3.8e+11  ;3.6e+31;0.53;3.0e-02;xwh+19;0.22    ;*;*;*;*;*;0;*;*;*;*;53000.00;*;
140;J1057-5226;vl72;B1055-52;vl72;164.496021;8.3e-06;-52.448981;5.6e-06;285.984  ;6.649    ;0.093 ;*;0;*;*;*;*;*;0.093;ymw17;*;0;*;47.5;7.0e-01;ppkh23;-8.7;7.0e-01;ppkh23;0.1971155966699;5.0e-13;kjk+24;5.83875E-15;4.0e-20;kjk+24;5.35e+05;1.09e+12 ;3.0e+34;4.4;6.0e-01;jvk+18;0.04    ;HE[aaa+10m];GRS:4FGL_J1057.9-5227[aab+22],XRS:[of93],OPT:[mpk10];*;*;*;0;*;*;*;*;57600;jbv+19;
141;J1105-4353;bbb+12;J1105-4353;bbb+12;166.3535;4.6e-04;-43.8847;8.3e-04;283.486  ;14.947   ;0.127 ;*;0;*;*;*;*;*;0.127;ymw17;*;0;*;*;0;*;*;0;*;0.35111186198;7.0e-11;bsb+19;2.50E-15;4.0e-17;bsb+19;2.23e+06;9.48e+11 ;2.3e+33;0.189;6.0e-03;bsb+19;0.00    ;*;*;*;*;*;0;*;*;*;*;55976.00;*;
142;J1107-5907;lfl+06;J1107-5907;lfl+06;166.89358;1.7e-04;-59.12186;8.3e-05;289.944  ;1.106    ;0.115 ;*;0;*;*;*;*;*;0.115;ymw17;*;0;*;*;0;*;*;0;*;0.252773323418;6.0e-12;lfl+06;9.0E-18;1.0e-18;lfl+06;4.45e+08;4.83e+10 ;2.2e+31;0.18;0;lfl+06;0.00    ;*;*;*;*;*;0;*;*;*;*;53089.00;*;
143;J1116-2444;kmk+18;J1116-2444;kmk+18;169.09692;1.2e-04;-24.74892;1.4e-04;276.971  ;33.287   ;0.839 ;*;0;*;*;*;*;*;0.839;ymw17;*;0;*;*;0;*;*;0;*;0.86794888009;5.0e-11;kmk+18;9.85E-16;5.0e-18;kmk+18;1.4e+07;9.36e+11 ;5.9e+31;*;0;*;*;*;*;*;*;*;0;*;*;*;*;57513.00;*;
144;J1116-4122;mlt+78;B1114-41;mlt+78;169.179523;8.7e-06;-41.379100;7.8e-06;284.451  ;18.069   ;0.280 ;*;0;*;*;*;*;*;0.280;ymw17;*;0;*;-1.0;5.0e+00;bfg+03;7;2.0e+01;bfg+03;0.9431654757018;1.5e-12;kjk+24;7.96582E-15;1.4e-19;kjk+24;1.88e+06;2.77e+12 ;3.7e+32;6;2.0e+00;jvk+18;0.47    ;*;*;*;*;*;0;*;*;*;*;59400;kjk+24;
145;J1119-7936;mlt+78;B1118-79;mlt+78;169.91659;5.0e-05;-79.608264;8.3e-06;298.704  ;-17.498  ;0.771 ;*;0;*;*;*;*;*;0.771;ymw17;*;0;*;*;0;*;*;0;*;2.280602264562;4.0e-12;kjk+24;3.6825E-15;3.0e-19;kjk+24;9.81e+06;2.93e+12 ;1.2e+31;0.70;1.0e-01;jk18;0.42    ;*;*;*;*;*;0;*;*;*;*;59400;kjk+24;
146;J1120-24;mss+20;J1120-24;mss+20;170.00000 ;0;-24.00000 ;0;277.486  ;34.314   ;0.098 ;*;0;*;*;*;*;*;0.098;ymw17;*;0;*;*;0;*;*;0;*;0.497;0;mss+20;*;0;*;*;*;*;*;0;*;*;*;*;*;*;*;0;*;*;*;*;*;*;
147;J1122-3546;mss+20;J1122-3546;mss+20;170.571849;3.0e-06;-35.775331;3.6e-06;283.300  ;23.675   ;0.668 ;*;0;*;*;*;*;*;0.668;ymw17;*;0;*;*;0;*;*;0;*;0.007838069356898;1.9e-14;spp+23;1.52E-20;6.0e-22;spp+23;8.15e+09;3.5e+08  ;1.2e+33;*;0;*;*;*;*;*;*;*;0;*;*;*;*;57858.00;*;
148;J1125+7819;slr+14;J1125+7819;slr+14;171.4994027;2.8e-07;78.33019874;5.0e-08;128.289  ;37.895   ;0.903 ;*;0;*;*;*;*;*;0.903;ymw17;-0.7;3.5e+00;aab+21a;25.421;1.5e-02;*;-10.409;1.8e-02;*;0.00420160911826384;6.0e-17;aab+21a;6.943E-21;4.0e-24;aab+21a;9.59e+09;1.73e+08 ;3.7e+33;1.1;6.0e-01;aab+21a;0.90    ;*;*;ELL1;aab+21a;15.3554459628;3.0e-10;msk+24;  0.279886;  0.329741;He(?)[tau19];57277.0;aab+21a;
149;J1126-2737;kkl+15;J1126-2737;kkl+15;171.50833 ;0;-27.61972 ;0;280.691  ;31.537   ;0.436 ;*;0;*;*;*;*;*;0.436;ymw17;*;0;*;*;0;*;*;0;*;0.358161;8.0e-06;kkl+15;*;0;*;*;*;*;*;0;*;*;RRAT[kkl+15];*;*;*;*;0;*;*;*;*;56657.00;*;
150;J1136+1551;phbc68;B1133+16;phbc68;174.0129992;4.2e-07;15.8539397;2.8e-07;241.895  ;69.196   ;0.370 ;0.370;1.0e-02;dgb+19;*;*;*;*;0.410;ymw17;2.69;2.0e-02;dgb+19;-73.77;2.0e-02;dgb+19;366.58;6.0e-02;dgb+19;1.1879172746306;1.3e-12;kjk+24;3.733864E-15;9.0e-21;kjk+24;5.04e+06;2.13e+12 ;8.8e+31;20;1.0e+01;jvk+18;2.74    ;*;XRS:[kpg06a];*;*;*;0;*;*;*;*;56000.0;dgb+19;
151;J1141-3107;mld+96;J1141-3107;mld+96;175.35655;2.2e-05;-31.13109;3.1e-05;285.746  ;29.393   ;0.795 ;*;0;*;*;*;*;*;0.795;ymw17;*;0;*;*;0;*;*;0;*;0.5384334657028;3.0e-13;kjk+24;2.0169E-15;3.0e-19;kjk+24;4.23e+06;1.05e+12 ;5.1e+32;0.8;2.0e-01;jk18;0.51    ;*;*;*;*;*;0;*;*;*;*;59400;kjk+24;
152;J1154-19;mss+20;J1154-19;mss+20;178.50000 ;0;-19.00000 ;0;284.593  ;41.817   ;0.121 ;*;0;*;*;*;*;*;0.121;ymw17;*;0;*;*;0;*;*;0;*;0.0111;0;mss+20;*;0;*;*;*;*;*;0;*;*;*;*;*;*;*;0;*;*;*;*;*;*;
153;J1155-6529;pbs+23;J1155-6529;pbs+23;178.80525 ;0;-65.48847 ;0;297.140  ;-3.251   ;0.734 ;*;0;*;*;*;*;*;0.734;ymw17;*;0;*;*;0;*;*;0;*;0.07886984;8.0e-08;pbs+23;*;0;*;*;*;*;*;0;*;*;*;*;?;pbs+23;*;0;*;*;*;*;*;*;
154;J1231-1411;rrc+11;J1231-1411;rrc+11;187.797138;2.9e-06;-14.195453;5.6e-06;295.531  ;48.385   ;0.420 ;*;0;*;0.35;tmp+15;0.51;tmp+15;0.420;ymw17;*;0;*;-62.0;3.0e-01;gsl+16;6.2;5.0e-01;gsl+16;0.00368387876995989;5.0e-17;saa+23;2.26243E-20;6.0e-25;saa+23;2.58e+09;2.92e+08 ;1.8e+34;0.29;2.0e-02;sbm+22;0.05    ;HE;GRS:4FGL_J1231.1-1412[aab+22];T2;saa+23;1.86014391365;1.0e-10;saa+23;  0.183932;  0.215269;He[rrc+11];55100;rrc+11;
155;J1232-4742;ebvb01;J1232-4742;ebvb01;188.0796;8.3e-04;-47.7141;4.2e-04;299.604  ;15.034   ;0.871 ;*;0;*;*;*;*;*;0.871;ymw17;*;0;*;*;0;*;*;0;*;1.8729943770;2.0e-10;jbo+09;1.4E-17;5.0e-18;jbo+09;2.12e+09;1.64e+11 ;8.4e+28;2.38;6.0e-02;xwh+19;1.81    ;*;*;*;*;*;0;*;*;*;*;53000.00;*;
156;J1239+2453;lan69;B1237+25;lan69;189.918589;5.0e-06;24.897025;5.6e-06;252.450  ;86.541   ;0.840 ;0.84;0;vwc+12;0.79;vwc+12;0.90;vwc+12;0.827;ymw17;1.16;8.0e-02;bbgt02;-104.5;1.1e+00;bfg+03;49.4;1.4e+00;bfg+03;1.3824491030388;1.0e-12;hlk+04;9.60049E-16;3.0e-21;hlk+04;2.28e+07;1.17e+12 ;1.4e+31;23;5.0e+00;jk18;16.23   ;*;*;*;*;*;0;*;*;*;*;46531.0;hlk+04;
157;J1243+17;ttk+17;J1243+17;ttk+17;190.75000 ;0;17.86667  ;0;290.630  ;80.536   ;0.405 ;*;0;*;*;*;*;*;0.405;ymw17;*;0;*;*;0;*;*;0;*;1.2165;0;ttk+17;*;0;*;*;*;*;*;0;*;*;*;*;*;*;*;0;*;*;*;*;*;*;
158;J1300+1240;wol90a;B1257+12;wol90a;195.0149029;4.2e-07;12.68235336;8.3e-08;311.310  ;75.414   ;0.709 ;*;0;*;*;*;*;*;0.877;ymw17;1.41;8.0e-02;ysy+13;45.50;5.0e-02;kw03;-84.70;7.0e-02;kw03;0.00621853194840048;3.0e-17;kw03;1.143341E-19;4.0e-25;kw03;8.62e+08;8.53e+08 ;1.9e+34;0.39;7.0e-02;sbm+22;0.20    ;*;XRS:[pkgw07];BT2P;kw03;25.262;3.0e-03;kw03;  0.000000;  0.000000;ULT[wol94];49750.0;kw03;
159;J1320-3512;mld+96;J1320-3512;mld+96;200.052515;1.2e-05;-35.207493;1.6e-05;309.543  ;27.295   ;0.890 ;*;0;*;*;*;*;*;0.890;ymw17;*;0;*;*;0;*;*;0;*;0.4584884145454;7.0e-13;kjk+24;5.3E-19;4.0e-20;kjk+24;1.38e+10;1.57e+10 ;2.2e+29;4.7;9.0e-01;jk18;3.72    ;*;*;*;*;*;0;*;*;*;*;59400;kjk+24;
160;J1326+33;ttm18;J1326+33;ttm18;201.7;2.1e-01;33.8;3.3e-01;76.238   ;79.917   ;0.344 ;*;0;*;*;*;*;*;0.344;ymw17;*;0;*;*;0;*;*;0;*;0.0415;0;ttm18;*;0;*;*;*;*;*;0;*;*;*;*;*;*;*;0;*;*;*;*;*;*;
161;J1327+3423;flm+23;J1327+3423;flm+23;201.78145275;3.0e-08;34.39379842;2.9e-08;78.606   ;79.447   ;0.344 ;*;0;*;*;*;*;*;0.344;ymw17;*;0;*;-8.2;2.0e-01;flm+23;4.3;4.0e-01;flm+23;0.0415127097404740;4.0e-16;msk+24;1.29303E-19;4.0e-24;msk+24;5.09e+09;2.34e+09 ;7.1e+31;*;0;*;*;*;*;*;*;*;0;*;*;*;*;58062;msk+24;
162;J1332-3032;lml+98;J1332-3032;lml+98;203.2187;2.8e-04;-30.5381;4.6e-04;313.396  ;31.490   ;0.882 ;*;0;*;*;*;*;*;0.882;ymw17;*;0;*;*;0;*;*;0;*;0.650434490647;1.7e-11;hlk+04;5.603E-16;4.0e-19;hlk+04;1.84e+07;6.11e+11 ;8.0e+31;0.3;0;gl98;0.23    ;*;*;*;*;*;0;*;*;*;*;50625.78;hlk+04;
163;J1336+3414;ttm+18;J1336+3414;ttm+18;204.14147;7.6e-05;34.24383;6.7e-05;71.973   ;77.982   ;0.715 ;*;0;*;*;*;*;*;0.715;ymw17;*;0;*;*;0;*;*;0;*;1.50660326853;3.0e-11;mkgm24;1.11E-16;4.0e-18;mkgm24;2.16e+08;4.13e+11 ;1.3e+30;*;0;*;*;RRAT(?)[ttm18];*;*;*;*;0;*;*;*;*;59527;mkgm24;
164;J1400-1431;rsm+13;J1400-1431;rsm+13;210.1541817;6.4e-07;-14.5297348;1.7e-06;326.986  ;45.087   ;0.278 ;*;0;*;*;*;*;*;0.347;ymw17;3.6;1.1e+00;skm+17;17;2.1e+00;*;-55;5.6e+00;*;0.00308423326039194;8.0e-17;skm+17;7.2333E-21;1.5e-24;skm+17;6.76e+09;1.51e+08 ;9.7e+33;0.17;2.0e-02;sbm+22;0.01    ;HE[aab+22];GRS:4FGL_J1400.6-1432[aab+22],OPT:[skm+17],XRS:[skm+17];ELL1;skm+17;9.5474676743;1.9e-09;skm+17;  0.263598;  0.310211;He[skm+17];56960.0;skm+17;
165;J1402+1306;aab+22;J1402+1306;aab+22;210.69333 ;0;13.11611  ;0;356.422  ;68.217   ;0.696 ;*;0;*;*;*;*;*;0.696;ymw17;*;0;*;-16;3.0e+00;saa+23;-13;5.0e+00;saa+23;0.005892408636028;5.0e-15;saa+23;1.346E-20;3.0e-23;saa+23;6.94e+09;2.85e+08 ;2.6e+33;*;0;*;*;HE[saa+23];GRS:4FGL_J1402.7+1306[aab+22];ELL1;saa+23;52.49255517;1.5e-07;saa+23;  0.274761;  0.323592;*;59000.00;*;
166;J1405-4656;btb+15;J1405-4656;btb+15;211.339273;3.3e-06;-46.933975;2.8e-06;315.826  ;14.079   ;0.669 ;*;0;*;*;*;*;*;0.669;ymw17;*;0;*;-44;6.0e+00;btb+15;20;1.0e+01;btb+15;0.007602203432510;1.0e-14;btb+15;2.79E-20;4.0e-22;btb+15;4.32e+09;4.66e+08 ;2.5e+33;0.31;4.0e-02;sbm+22;0.14    ;*;*;ELL1;btb+15;8.95641988;7.0e-08;btb+15;  0.209723;  0.245898;He[btb+15];55692.70;*;
167;J1439-5501;fsk+04;J1439-5501;fsk+04;219.9155917;1.7e-06;-55.0232281;1.7e-06;318.097  ;4.630    ;0.655 ;*;0;*;*;*;*;*;0.655;ymw17;*;0;*;*;0;*;*;0;*;0.028634888190455;1.2e-14;lfl+06;1.418E-19;1.0e-21;lfl+06;3.2e+09;2.04e+09 ;2.4e+32;0.38;4.0e-02;sbm+22;0.16    ;HE[fsk+04],HE[aab+22];GRS:4FGL_J1440.2-5505[aab+22];ELL1;lfl+06;2.117942520;3.0e-09;lfl+06;  1.113745;  1.375635;CO[pld+13];53200.00;*;
168;J1455-3330;lnl+95;J1455-3330;lnl+95;223.94990332;3.0e-08;-33.51289084;5.8e-08;330.722  ;22.562   ;0.769 ;*;0;*;0.74;mnf+16;*;*;0.684;ymw17;1.30;1.0e-01;abb+23;7.850;1.0e-02;abb+23;-1.98;4.0e-02;abb+23;0.00798720480668373;3.0e-17;aab+21a;2.43045E-20;4.0e-25;aab+21a;5.21e+09;4.46e+08 ;1.9e+33;0.73;4.0e-02;sbm+22;0.43    ;HE[lnl+95],HE[aab+22];GRS:4FGL_J1455-3331[aab+22];DD;aab+21a;76.174567479;8.0e-09;aab+21a;  0.252541;  0.296975;He[lnl+95];59149;sbf+24;
169;J1456-6843;lvw68;B1451-68;lvw68;223.999679;1.3e-05;-68.727639;5.6e-06;313.868  ;-8.543   ;0.430 ;0.43;0;vwc+12;0.38;vwc+12;0.49;vwc+12;0.437;ymw17;2.2;3.0e-01;bmk+90a;-39.5;4.0e-01;bmk+90b;-12.3;3.0e-01;bmk+90b;0.2633769266537;5.0e-13;kjk+24;9.895E-17;3.0e-20;kjk+24;4.22e+07;1.63e+11 ;2.1e+32;64;1.3e+01;jk18;11.83   ;*;*;*;*;*;0;*;*;*;*;57600;jbv+19;
170;J1503+2111;clm+05;J1503+2111;clm+05;225.97750;1.7e-04;21.18592;1.4e-04;29.062   ;59.296   ;0.244 ;*;0;*;*;*;*;*;0.244;ymw17;*;0;*;*;0;*;*;0;*;3.31400150122;1.2e-10;clm+05;1.4E-16;2.0e-17;clm+05;3.75e+08;6.89e+11 ;1.5e+29;*;0;*;*;*;*;*;*;*;0;*;*;*;*;52857.00;*;
171;J1510-5254;pbs+23;J1510-5254;pbs+23;227.61119 ;0;-52.91092 ;0;323.101  ;4.430    ;0.914 ;*;0;*;*;*;*;*;0.914;ymw17;*;0;*;*;0;*;*;0;*;0.0047790328;9.0e-10;pbs+23;*;0;*;*;*;*;*;0;*;*;*;*;?;pbs+23;*;0;*;*;*;*;*;*;
172;J1514-4946;kcj+12;J1514-4946;kcj+12;228.5796421;4.2e-07;-49.7709767;1.4e-06;325.249  ;6.807    ;0.908 ;*;0;*;*;*;*;*;0.908;ymw17;*;0;*;-0.3;3.2e+00;ckr+15;-30;6.6e+01;ckr+15;0.0035893366796749;7.0e-16;ckr+15;1.8646E-20;1.1e-23;ckr+15;3.05e+09;2.62e+08 ;1.6e+34;0.25;3.0e-02;sbm+22;0.21    ;HE;GRS:4FGL_J1514.3-4946[aab+22];ELL1;ckr+15;1.922653523;5.0e-09;ckr+15;  0.169198;  0.197819;He[kcj+12];55520.00;*;
173;J1514-5316;ccb+20;J1514-5316;ccb+20;228.66733;4.6e-05;-53.26731;5.6e-05;323.461  ;3.798    ;0.850 ;*;0;*;*;*;*;*;0.850;ymw17;*;0;*;*;0;*;*;0;*;0.296279212139;4.0e-12;ccb+20;1.6E-18;5.0e-19;ccb+20;2.93e+09;2.2e+10  ;2.4e+30;0.147;1.8e-02;ccb+20;0.11    ;*;*;*;*;*;0;*;*;*;*;57892.00;*;
174;J1518+4904;nst96;J1518+4904;nst96;229.56999618;6.7e-08;49.07618089;4.4e-08;80.808   ;54.282   ;0.806 ;*;0;*;*;*;*;*;0.964;ymw17;1.24;4.0e-02;dds+23;-0.68;3.0e-02;dds+23;-8.53;4.0e-02;dds+23;0.0409349889083329;6.0e-16;jsk+08;2.7190E-20;3.0e-24;jsk+08;2.39e+10;1.07e+09 ;1.6e+31;4;2.0e+00;kxl+98;2.60    ;*;*;DD;jsk+08;8.6340050964;1.1e-09;jsk+08;  0.816550;  0.993549;NS[jsk+08];52000.00;*;
175;J1528-3146;jbo+07;J1528-3146;jbo+07;232.1456380;2.5e-07;-31.7685739;5.6e-07;337.939  ;20.217   ;0.774 ;*;0;*;*;*;*;*;0.774;ymw17;*;0;*;-1.39;9.0e-02;bgf+23;-3.7;2.0e-01;bgf+23;0.060822231369657;5.0e-15;bgf+23;2.4850E-19;4.0e-23;bgf+23;3.88e+09;3.93e+09 ;4.4e+31;0.40;1.0e-01;jk18;0.24    ;*;*;DD;jbo+07;3.180345754;3.0e-09;jbo+07;  0.942888;  1.154862;CO[jbo+07];56000;bgf+23;
176;J1529+4050;ttk+17;J1529+4050;ttk+17;232.31886;2.4e-05;40.849387;1.8e-05;66.234   ;54.887   ;0.489 ;*;0;*;*;*;*;*;0.489;ymw17;*;0;*;*;0;*;*;0;*;0.4764184320778;1.4e-12;wbc+23;2.65E-18;4.0e-20;wbc+23;2.85e+09;3.6e+10  ;9.7e+29;*;0;*;*;*;*;*;*;*;0;*;*;*;*;58032;wbc+23;
177;J1534-5334;lvw69a;B1530-53;lvw69a;233.534462;1.7e-05;-53.572115;1.7e-05;325.715  ;1.944    ;0.816 ;*;0;*;*;*;*;*;0.816;ymw17;*;0;*;-27;1.0e+01;jbv+19;-12;1.0e+01;jbv+19;1.368882485992;3.0e-12;kjk+24;1.4288E-15;4.0e-19;kjk+24;1.52e+07;1.42e+12 ;2.2e+31;6.8;1.4e+00;jk18;4.53    ;*;*;*;*;*;0;*;*;*;*;59400;kjk+24;
178;J1549-57;bbj+11;J1549-57;bbj+11;237.3;2.2e-01;-57.36;1.2e-01;325.127  ;-2.354   ;0.704 ;*;0;*;*;*;*;*;0.704;ymw17;*;0;*;*;0;*;*;0;*;0.7375;3.0e-04;bbj+11;*;0;*;*;*;*;*;0;*;*;RRAT;*;*;*;*;0;*;*;*;*;55196.00;*;
179;J1614-2230;crh+06a;J1614-2230;crh+06a;243.65211475;7.7e-08;-22.5086934;3.9e-07;352.636  ;20.192   ;0.700 ;0.7;3.0e-01;mnf+16;*;*;*;*;1.394;ymw17;1.54;1.0e-01;aab+21a;3.86;1.1e-01;*;-32.2;5.9e-01;*;0.003150807655690673;3.0e-18;aab+21a;9.62423E-21;6.0e-26;aab+21a;5.19e+09;1.76e+08 ;1.2e+34;1.14;4.0e-02;sbm+22;0.56    ;HE[aaa+09f];GRS:4FGL_J1614.5-2230[aab+22],OPT:[bk11];ELL1;aab+21a;8.68661942256;6.0e-11;aab+21a;  0.396862;  0.471160;CO[dpr+10];56323.0;aab+21a;
180;J1628+4406;slr+14;J1628+4406;slr+14;247.2096329;5.7e-07;44.1118366;2.4e-07;69.239   ;43.616   ;0.537 ;*;0;*;*;*;*;*;0.537;ymw17;*;0;*;-19.14;2.0e-01;*;6.78;2.0e-01;*;0.18117848994715;7.0e-14;lsk+18;1.9378E-17;3.0e-21;lsk+18;1.48e+08;6e+10    ;1.3e+32;*;0;*;*;*;*;*;*;*;0;*;*;*;*;56625.00;*;
181;J1631-1612;rsm+13;J1631-1612;rsm+13;247.96862;1.2e-04;-16.2144;8.3e-04;0.577    ;21.193   ;0.839 ;*;0;*;*;*;*;*;0.839;ymw17;*;0;*;*;0;*;*;0;*;0.67768391249;4.0e-11;rsm+13;1.096E-15;4.0e-18;rsm+13;9.8e+06;8.72e+11 ;1.4e+32;*;0;*;*;*;*;*;*;*;0;*;*;*;*;55766.00;*;
182;J1643-1224;lnl+95;J1643-1224;lnl+95;250.909009161;1.9e-08;-12.41629785;8.9e-08;5.669    ;21.218   ;0.740 ;0.74;0;rhc+16;0.64;rhc+16;0.86;rhc+16;0.790;ymw17;1.10;1.0e-01;dds+23;5.966;1.5e-02;*;3.88;6.9e-02;*;0.004621641526749906;2.0e-17;rsc+21;1.846304E-20;2.0e-25;rsc+21;3.97e+09;2.96e+08 ;7.4e+33;3.78;3.0e-02;sbm+22;2.07    ;*;*;T2;rsc+21;147.017397803;8.0e-09;rsc+21;  0.119111;  0.138761;He[lnl+95];55637;rsc+21;
183;J1651-1709;mlt+78;B1648-17;mlt+78;252.88230;1.1e-04;-17.1561;7.0e-04;2.810    ;16.882   ;0.839 ;*;0;*;*;*;*;*;0.839;ymw17;*;0;*;*;0;*;*;0;*;0.9733961665305;6.0e-13;kjk+24;3.03757E-15;4.0e-20;kjk+24;5.08e+06;1.74e+12 ;1.3e+32;0.30;1.0e-01;lylg95;0.21    ;*;*;*;*;*;0;*;*;*;*;50027.0;hlk+04;
184;J1652-1400;jbo+09;J1652-1400;jbo+09;253.06949;2.9e-05;-14.00761;1.1e-04;5.599    ;18.581   ;0.513 ;*;0;*;*;*;*;*;0.513;ymw17;*;0;*;*;0;*;*;0;*;0.3054470726498;1.3e-12;kjk+24;1.733E-17;1.4e-19;kjk+24;2.79e+08;7.36e+10 ;2.4e+31;0.40;1.0e-01;jk18;0.11    ;*;*;*;*;*;0;*;*;*;*;59400.00;*;
185;J1653-0158;nck+20;J1653-0158;nck+20;253.4085575;2.1e-07;-1.97691472;1.4e-07;16.615   ;24.935   ;0.840 ;0.84;4.0e-02;nck+20;*;*;*;*;*;*;1.9;1.1e+00;gaia18;-19.6;1.9e+00;gaia18;-3.7;1.2e+00;gaia18;0.0019676820247057;2.0e-16;nck+20;2.402E-21;3.0e-24;nck+20;1.3e+10;6.96e+07 ;1.2e+34;*;0;*;*;NRAD[aab+22];GRS:4FGL_J1653.6-0158[aab+22];ELL1;nck+20;0.0519447575;4.0e-10;nck+20;  0.009668;  0.011172;He(?)[nck+20];57205.875;gaia18;
186;J1658+3630;scb+19;J1658+3630;scb+19;254.6104992;1.3e-06;36.5083597;8.3e-07;59.626   ;37.579   ;0.223 ;*;0;*;*;*;*;*;0.223;ymw17;*;0;*;15;8.0e+00;tbc+20;-65;8.0e+00;tbc+20;0.033027982326829;1.5e-14;tbc+20;1.157E-19;1.9e-21;tbc+20;4.52e+09;1.98e+09 ;1.3e+32;*;0;*;*;*;*;ELL1;tbc+20;3.0163073825;1.3e-09;tbc+20;  0.873075;  1.065509;CO[tbc+20];58073;tbc+20;
187;J1658-5324;kcj+12;J1658-5324;kcj+12;254.66393088;2.9e-08;-53.40193862;3.0e-08;334.869  ;-6.625   ;0.769 ;*;0;*;*;*;*;*;0.880;ymw17;1.3;3.0e-01;sbf+24;0.2;8.0e-01;ckr+15;4.9;3.0e-01;ckr+15;0.0024392959097964;3.0e-16;ckr+15;1.1154E-20;4.0e-24;ckr+15;3.46e+09;1.67e+08 ;3.0e+34;0.43;4.0e-02;sbm+22;0.25    ;HE;GRS:4FGL_J1658.6-5323[aab+22],XRS:[pb15];*;*;*;0;*;*;*;*;59188;sbf+24;
188;J1659-1305;dtws85;B1657-13;dtws85;254.97120;8.9e-05;-13.0858;5.0e-04;7.507    ;17.592   ;0.484 ;*;0;*;*;*;*;*;0.484;ymw17;*;0;*;*;0;*;*;0;*;0.640958200232;5.0e-12;hlk+04;6.1770E-16;4.0e-20;hlk+04;1.64e+07;6.37e+11 ;9.3e+31;0.803;1.7e-02;xwh+19;0.19    ;*;*;*;*;*;0;*;*;*;*;49725.0;hlk+04;
189;J1700-0954;sfj+20;J1700-0954;sfj+20;255.01345;5.0e-05;-9.9120;2.2e-04;10.307   ;19.330   ;0.217 ;*;0;*;*;*;*;*;0.217;ymw17;*;0;*;*;0;*;*;0;*;0.81731160245;5.0e-11;sfj+20;7.520E-16;7.0e-19;sfj+20;1.72e+07;7.93e+11 ;5.4e+31;0.35;8.0e-02;sfj+20;0.02    ;*;*;*;*;*;0;*;*;*;*;57199;sfj+20;
190;J1705-04;kkl+15;J1705-04;kkl+15;256.2;5.0e-01;-4.7;6.0e-01;15.709   ;21.105   ;0.210 ;*;0;*;*;*;*;*;0.210;ymw17;*;0;*;*;0;*;*;0;*;0.23748;2.0e-05;kkl+15;*;0;*;*;*;*;*;0;*;*;RRAT;*;*;*;*;0;*;*;*;*;56657.00;*;
191;J1705-1906;mlt+78;B1702-19;mlt+78;256.400416;1.3e-05;-19.11073;1.1e-04;3.189    ;13.026   ;0.747 ;*;0;*;*;*;*;*;0.747;ymw17;*;0;*;-77;2.0e+00;jbv+19;-52;1.7e+01;jbv+19;0.2989912440603;8.0e-13;kjk+24;4.137982E-15;1.0e-20;kjk+24;1.14e+06;1.13e+12 ;6.1e+33;5.66;3.0e-02;jsd+21;3.16    ;HE;GRS:4FGL_J1705.6-1909[aab+22];*;*;*;0;*;*;*;*;48733.0;hlk+04;
192;J1708-4843;pbs+23;J1708-4843;pbs+23;257.14151 ;0;-48.72550 ;0;339.561  ;-5.045   ;0.841 ;*;0;*;*;*;*;*;0.841;ymw17;*;0;*;*;0;*;*;0;*;0.016657266;5.0e-09;pbs+23;*;0;*;*;*;*;*;0;*;*;*;*;?;pbs+23;*;0;*;*;*;*;*;*;
193;J1709-0333;cbb+23;J1709-0333;cbb+23;257.4;nan;-3.5553472;1.4e-06;17.370   ;20.718   ;0.214 ;*;0;*;*;*;*;*;0.214;ymw17;*;0;*;*;0;*;*;0;*;0.0035240120216908;8.0e-16;bnc+24;1.875E-21;7.0e-24;bnc+24;2.98e+10;8.23e+07 ;1.7e+33;*;0;*;*;,HE[bnc+24];*;*;*;*;0;*;*;*;*;59694;bnc+24;
194;J1709-1640;lvw69b;B1706-16;lvw69b;257.360172;6.3e-06;-16.68270;4.4e-05;5.775    ;13.657   ;0.562 ;*;0;*;*;*;*;*;0.562;ymw17;*;0;*;-2.0;1.0e+00;jbv+19;47;1.0e+01;jbv+19;0.653060721387;6.0e-12;kjk+24;6.30998E-15;1.3e-19;kjk+24;1.64e+06;2.05e+12 ;8.9e+32;15;3.0e+00;jk18;4.74    ;*;*;*;*;*;0;*;*;*;*;46993.0;hlk+04;
195;J1710+4923;slr+14;J1710+4923;slr+14;257.51850454;9.7e-08;49.38652178;6.9e-08;75.929   ;36.449   ;0.506 ;*;0;*;*;*;*;*;0.506;ymw17;*;0;*;-50.4;2.0e-01;lsk+18;-44.7;2.0e-01;lsk+18;0.00322022839856445;5.0e-17;lsk+18;1.8211E-20;3.0e-24;lsk+18;2.8e+09;2.45e+08 ;2.2e+34;*;0;*;*;*;*;*;*;*;0;*;*;*;*;56850.00;*;
196;J1714-1054;jbo+09;J1714-1054;jbo+09;258.667130;1.3e-05;-10.90306;5.6e-05;11.487   ;15.777   ;0.215 ;*;0;*;*;*;*;*;0.215;ymw17;*;0;*;*;0;*;*;0;*;2.088836359593;1.4e-11;kjk+24;1.767E-16;1.4e-18;kjk+24;1.87e+08;6.15e+11 ;7.7e+29;0.50;1.0e-01;jk18;0.02    ;*;*;*;*;*;0;*;*;*;*;59400;kjk+24;
197;J1719-1438;bbb+11a;J1719-1438;bbb+11a;259.791984174;1.8e-08;-14.63361334;1.1e-07;8.858    ;12.838   ;0.336 ;*;0;*;*;*;*;*;0.336;ymw17;*;0;*;1.9;4.0e-01;nbb+14;-11;2.0e+00;nbb+14;0.0057901517700238;5.0e-16;nbb+14;8.043E-21;7.0e-24;nbb+14;1.14e+10;2.18e+08 ;1.6e+33;0.43;2.0e-02;sbm+22;0.05    ;*;*;ELL1;nbb+14;0.0907062900;1.2e-09;nbb+14;  0.001129;  0.001304;UL[bbb+11a];59150;sbf+24;
198;J1720-0533;www+21;J1720-0533;www+21;260.227107975;8.3e-09;-5.57328398;3.9e-08;17.067   ;17.252   ;0.191 ;*;0;*;*;*;*;*;0.191;ymw17;*;0;*;*;0;*;*;0;*;0.00326765171027112;5.0e-17;mbz+23;8.172E-21;3.0e-24;mbz+23;6.34e+09;1.65e+08 ;9.2e+33;*;0;*;*;*;*;ELL1;mbz+23;0.13169857686;2.0e-11;mbz+23;  0.029219;  0.033814;*;58990.725174;mbz+23;
199;J1721-0855;zyw+24;J1721-0855;zyw+24;260.39267;4.2e-05;-8.9189;2.8e-04;14.169   ;15.385   ;0.200 ;*;0;*;*;*;*;*;0.200;ymw17;*;0;*;*;0;*;*;0;*;2.18132654350;1.0e-10;zyw+24;3.136E-15;5.0e-18;zyw+24;1.1e+07;2.65e+12 ;1.2e+31;*;0;*;*;*;*;*;*;*;0;*;*;*;*;59668;zyw+24;
200;J1725-0732;crh+06a;J1725-0732;crh+06a;261.30117;2.5e-05;-7.54978;8.3e-05;15.866   ;15.324   ;0.203 ;*;0;*;*;*;*;*;0.203;ymw17;*;0;*;*;0;*;*;0;*;0.239919487227;4.0e-12;crh+06a;4.296E-16;3.0e-19;crh+06a;8.85e+06;3.25e+11 ;1.2e+33;0.11;3.0e-02;crh+06a;0.00    ;*;*;*;*;*;0;*;*;*;*;52820.58;*;
201;J1730-2304;lnl+95;J1730-2304;lnl+95;262.59029571;1.7e-07;-23.075321;3.0e-06;3.137    ;6.023    ;0.620 ;0.62;0;rhc+16;0.65;gsl+16;1.03;gsl+16;0.512;ymw17;2.08;6.0e-02;abb+23;20.10;1.0e-01;dds+23;-4.7;6.0e-01;dds+23;0.008122798048058056;2.0e-17;rsc+21;2.018403E-20;2.0e-25;rsc+21;6.38e+09;4.1e+08  ;1.5e+33;4.0;2.0e-01;dhm+15;1.54    ;HE[lsg+15];GRS:4FGL_J1730.8-2303[aab+22],XRS:[pb15];*;*;*;0;*;*;*;*;55636;rsc+21;
202;J1731-4744;lvw68;B1727-47;lvw68;262.92567;2.1e-05;-47.743406;1.7e-05;342.565  ;-7.669   ;0.700 ;*;0;*;0.4;skz+19;0.7;skz+19;5.519;ymw17;*;0;*;73;5.0e+00;kjk+24;-127;1.3e+01;kjk+24;0.82994561219;3.0e-11;kjk+24;1.636354E-13;8.0e-19;kjk+24;8.04e+04;1.18e+13 ;1.1e+34;27;3.0e+00;jvk+18;13.23   ;HE[sbc+19];GRS:4FGL_J1731.7-4744[aab+22],SNR:G343.0-6.0(RCW114)[skz+19];*;*;*;0;*;*;*;*;53000;skz+19;
203;J1732-3131;aaa+09c;J1732-3131;aaa+09c;263.13975;1.2e-04;-31.5231;5.6e-04;356.307  ;1.007    ;0.641 ;*;0;*;0.42;wan11;1.35;wan11;0.641;ymw17;*;0;*;*;0;*;*;0;*;0.196543154965;2.0e-11;rkp+11;2.80483E-14;1.2e-18;rkp+11;1.11e+05;2.38e+12 ;1.5e+35;*;0;*;*;HE;GRS:4FGL_J1732.5-3131[aab+22];*;*;*;0;*;*;*;*;54933.00;*;
204;J1736-0245_P;xdz+25;J1736-0245_P;xdz+25;264.17083 ;0;-2.75000  ;0;21.657   ;15.246   ;0.716 ;*;0;*;*;*;*;*;0.716;ymw17;*;0;*;*;0;*;*;0;*;0.139298;0;xdz+25;*;0;*;*;*;*;*;0;*;*;*;*;*;*;*;0;*;*;*;*;*;*;
205;J1737-0811;blr+13;J1737-0811;blr+13;264.44628775;6.9e-08;-8.18582949;2.0e-07;16.932   ;12.318   ;0.206 ;*;0;*;*;*;*;*;0.206;ymw17;*;0;*;-3.9;3.0e-01;*;-11.3;1.0e+00;*;0.0041750173128551;8.0e-16;blr+13;7.93E-21;8.0e-23;blr+13;8.34e+09;1.84e+08 ;4.3e+33;1.07;2.0e-02;sbm+22;0.05    ;*;*;BT;blr+13;79.517379;2.0e-06;blr+13;  0.065143;  0.075590;UL(?)[blr+13];59150;sbf+24;
206;J1739-1313;ebvb01;J1739-1313;ebvb01;264.990911;2.1e-06;-13.221887;1.6e-05;12.794   ;9.297    ;0.735 ;*;0;*;*;*;*;*;0.735;ymw17;*;0;*;*;0;*;*;0;*;1.21569768787413;1.1e-13;kjk+24;8.1213E-17;8.0e-21;kjk+24;2.37e+08;3.18e+11 ;1.8e+30;0.9;2.0e-01;jk18;0.49    ;*;*;*;*;*;0;*;*;*;*;59400;kjk+24;
207;J1739-3951;lfl+06;J1739-3951;lfl+06;264.90938;1.7e-04;-39.8668;2.2e-04;350.039  ;-4.690   ;0.784 ;*;0;*;*;*;*;*;0.784;ymw17;*;0;*;*;0;*;*;0;*;0.341772476799;1.0e-11;lfl+06;2.0E-17;5.0e-18;lfl+06;2.73e+08;8.34e+10 ;2.0e+31;0.12;0;lfl+06;0.07    ;*;*;*;*;*;0;*;*;*;*;52897.00;*;
208;J1740-3015;cl86;B1737-30;cl86;265.14092;4.2e-05;-30.26208;5.6e-05;358.294  ;0.238    ;0.400 ;0.4;0;vwc+12;0.1;vwc+12;2.1;vwc+12;2.943;ymw17;*;0;*;*;0;*;*;0;*;0.60688662425;4.0e-11;ywml10;4.65956E-13;6.0e-18;ywml10;2.06e+04;1.7e+13  ;8.2e+34;8.9;5.0e-01;jvk+18;1.42    ;*;*;*;*;*;0;*;*;*;*;54780.00;*;
209;J1741-2054;aaa+09c;J1741-2054;aaa+09c;265.48867;8.3e-05;-20.90328;8.3e-05;6.422    ;4.907    ;0.300 ;*;0;*;0.3;mbp+14;1.0;mbp+14;0.273;ymw17;*;0;*;-63;1.2e+01;asr+15;-89;9.0e+00;asr+15;0.41370012084;1.8e-10;rkp+11;1.6983E-14;6.0e-18;rkp+11;3.86e+05;2.68e+12 ;9.5e+33;0.16;0;crr+09;0.01    ;HE;GRS:4FGL_J1741.9-2054[aab+22],XRS:Swift_J174157.6-205411[crr+09],PWN:[rsc+10];*;*;*;0;*;*;*;*;54933.00;*;
210;J1743-0339;mlt+78;B1740-03;mlt+78;265.78410;1.1e-04;-3.6532;4.0e-04;21.649   ;13.400   ;0.200 ;*;0;*;*;*;*;*;0.200;ymw17;*;0;*;*;0;*;*;0;*;0.444646367753;1.2e-11;kjk+24;1.5562E-15;8.0e-19;kjk+24;4.53e+06;8.42e+11 ;7.0e+32;0.5;0;lylg95;0.02    ;*;*;*;*;*;0;*;*;*;*;50067.0;hlk+04;
211;J1744-1134;bjb+97;J1744-1134;bjb+97;266.122540741;4.0e-09;-11.581865758;1.9e-08;14.794   ;9.180    ;0.395 ;0.395;0;rhc+16;0.384;rhc+16;0.406;rhc+16;0.148;ymw17;2.58;3.0e-02;abb+23;18.806;2.0e-03;abb+23;-9.386;1.0e-02;abb+23;0.004074545942316071;4.0e-18;rsc+21;8.93441E-21;4.0e-26;rsc+21;7.23e+09;1.93e+08 ;5.2e+33;2.6;2.0e-01;sbm+22;0.41    ;HE[aab+22];GRS:4FGL_J1744.4-1135[aab+22];*;*;*;0;*;*;*;*;55636;rsc+21;
212;J1745-0952;eb01b;J1745-0952;eb01b;266.2880617;8.3e-07;-9.877689;4.2e-06;16.371   ;9.895    ;0.226 ;*;0;*;*;*;*;*;0.226;ymw17;*;0;*;-21.2;1.1e+00;jsb+10;11;5.0e+00;jsb+10;0.0193763034411294;1.9e-15;jsb+10;9.246E-20;5.0e-23;jsb+10;3.32e+09;1.35e+09 ;5.0e+32;0.38;3.0e-02;jsb+10;0.02    ;*;*;ELL1;jsb+10;4.943453386;1.2e-08;jsb+10;  0.107915;  0.125617;He[jsb+10];53200;jsb+10;
213;J1745-3040;kac+73;B1742-30;kac+73;266.484695;5.4e-06;-30.67299;3.3e-05;358.553  ;-0.963   ;0.200 ;0.2;0;vwc+12;0.0;vwc+12;1.3;vwc+12;2.338;ymw17;*;0;*;15.0;1.0e+00;jbv+19;47;7.0e+00;jbv+19;0.3674375271349;6.0e-13;kjk+24;1.066748E-14;3.0e-20;kjk+24;5.46e+05;2e+12    ;8.5e+33;21.0;1.0e+00;jvk+18;0.84    ;*;*;*;*;*;0;*;*;*;*;59400;kjk+24;
214;J1751-0542;zyw+24;J1751-0542;zyw+24;267.88586;2.9e-05;-5.70450;8.3e-05;20.854   ;10.573   ;0.552 ;*;0;*;*;*;*;*;0.552;ymw17;*;0;*;*;0;*;*;0;*;2.001383787316;1.7e-11;zyw+24;2.30E-16;3.0e-18;zyw+24;1.38e+08;6.87e+11 ;1.1e+30;*;0;*;*;*;*;*;*;*;0;*;*;*;*;59631;zyw+24;
215;J1751-4657;wvl69;B1747-46;wvl69;267.925817;8.3e-06;-46.957369;1.4e-05;345.002  ;-10.178  ;0.742 ;*;0;*;*;*;*;*;0.742;ymw17;*;0;*;-13;5.0e+00;jbv+19;-59;7.0e+00;jbv+19;0.7423536034383;6.0e-13;jbv+19;1.29787E-15;6.0e-20;jbv+19;9.06e+06;9.93e+11 ;1.3e+32;6.6;1.3e+00;jk18;3.63    ;*;*;*;*;*;0;*;*;*;*;57600;jbv+19;
216;J1752-2806;tv68;B1749-28;tv68;268.244540;7.1e-06;-28.11036;8.3e-05;1.540    ;-0.961   ;0.200 ;0.2;0;vwc+12;0.1;vwc+12;1.3;vwc+12;1.333;ymw17;*;0;*;-4;6.0e+00;fgml97;-5;5.0e+00;fgml97;0.5625667194580;1.6e-12;kjk+24;8.12939E-15;1.0e-19;kjk+24;1.1e+06;2.16e+12 ;1.8e+33;48;1.0e+01;jk18;1.92    ;*;*;*;*;*;0;*;*;*;*;46483.0;hlk+04;
217;J1753-28;ccb+20;J1753-28;ccb+20;268.28;1.0e-01;-28.88;1.2e-01;0.887    ;-1.377   ;0.693 ;*;0;*;*;*;*;*;0.693;ymw17;*;0;*;*;0;*;*;0;*;0.08585861;2.0e-08;ccb+20;*;0;*;*;*;*;*;0;*;*;*;*;*;*;*;0;*;*;*;*;*;*;
218;J1755-0903;bbb+12;J1755-0903;bbb+12;268.79318;2.1e-05;-9.06433;5.6e-05;18.324   ;8.150    ;0.235 ;*;0;*;*;*;*;*;0.235;ymw17;*;0;*;*;0;*;*;0;*;0.190709642575;4.0e-12;bbb+12;7.809E-16;3.0e-19;bbb+12;3.87e+06;3.91e+11 ;4.4e+33;*;0;*;*;*;*;*;*;*;0;*;*;*;*;55536.00;*;
219;J1756-2251;fsk+04;J1756-2251;fsk+04;269.19430755;6.2e-08;-22.866486;5.6e-06;6.499    ;0.948    ;0.730 ;0.73;0;fsk+14;0.49;fsk+14;1.33;fsk+14;2.807;ymw17;1.1;6.0e-01;fsk+14;-2.42;8.0e-02;fsk+14;0.0;2.0e+01;fsk+14;0.0284615890259983;5.0e-16;fsk+14;1.017502E-18;3.0e-24;fsk+14;4.43e+08;5.45e+09 ;1.7e+33;1.087;1.3e-02;sbm+22;0.58    ;*;*;DD;fsk+14;0.31963390143;3.0e-11;fsk+14;  1.096134;  1.352747;NS[fsk+14];53563.00;*;
220;J1757-5322;eb01;J1757-5322;eb01;269.31314563;2.9e-08;-53.37405615;4.0e-08;339.637  ;-13.980  ;0.833 ;*;0;*;*;*;*;*;0.945;ymw17;1.2;3.0e-01;sbf+24;-2.48;8.0e-02;*;-10.03;1.6e-01;*;0.008869961227277;4.0e-15;eb01b;2.63E-20;4.0e-22;eb01b;5.34e+09;4.89e+08 ;1.5e+33;1.17;4.0e-02;xwh+19;0.81    ;*;*;ELL1;eb01b;0.4533112381;5.0e-10;eb01b;  0.556733;  0.667528;CO[jcv+06];59163;sbf+24;
221;J1759+5036;amm+21;J1759+5036;amm+21;269.940300;1.3e-05;50.615822;5.6e-06;78.151   ;28.600   ;0.543 ;*;0;*;*;*;*;*;0.543;ymw17;*;0;*;*;0;*;*;0;*;0.17601634721733;8.0e-14;amm+21;2.43E-19;3.0e-21;amm+21;1.15e+10;6.62e+09 ;1.8e+30;0.12;2.0e-02;amm+21;0.04    ;*;*;DD;amm+21;2.042983903;1.4e-08;msk+24;  0.700550;  0.846995;NS(?)[amm+21];57633.00;*;
222;J1802-2124;fsk+04;J1802-2124;fsk+04;270.52222664;4.3e-08;-21.4010228;1.3e-06;8.382    ;0.611    ;0.800 ;0.8;4.0e-01;dcl+16;*;*;*;*;3.025;ymw17;1.2;6.0e-01;dcl+16;-0.85;1.0e-01;fsk+10;4.8;0;fsk+10;0.0126475935865227;4.0e-16;fsk+10;7.256E-20;3.0e-23;fsk+10;2.76e+09;9.69e+08 ;1.4e+33;0.734;8.0e-03;sbm+22;0.47    ;*;*;ELL1;fsk+10;0.698889243381;5.0e-12;fsk+10;  0.807308;  0.981815;CO[fsk+10];59127;sbf+24;
223;J1804-2717;llb+96;J1804-2717;llb+96;271.08805446;4.2e-08;-27.2920381;8.3e-07;3.505    ;-2.736   ;0.909 ;*;0;*;*;*;*;*;0.805;ymw17;1.1;3.0e-01;abb+23;-0.00012;9.0e-05;abb+23;-16.9;4.0e-01;abb+23;0.0093430308445392;4.0e-16;abb+23;4.08632E-20;1.8e-24;abb+23;3.62e+09;6.25e+08 ;2.0e+33;0.4;2.0e-01;kxl+98;0.33    ;*;*;DD;dcl+16;11.1287119652;3.0e-10;abb+23;  0.200373;  0.234782;He[llb+96];55000;abb+23;
224;J1809-2332;aaa+09c;J1809-2332;aaa+09c;272.45937;1.2e-04;-23.53963;2.8e-05;7.390    ;-1.995   ;0.880 ;*;0;*;0.47;wan11;1.29;wan11;*;*;*;0;*;12;8.0e+00;vrn12;-24;6.0e+00;vrn12;0.146788548116;7.0e-12;rkp+11;3.44207E-14;3.0e-19;rkp+11;6.76e+04;2.27e+12 ;4.3e+35;*;0;*;*;NRAD[aab+22];GRS:4FGL_J1809.8-2332[aab+22],PWN:[brrk02],SNR:G7.5-1.7[rb08];*;*;*;0;*;*;*;*;55770;vrn12;
225;J1817-0743;lfl+06;J1817-0743;lfl+06;274.4575;2.1e-04;-7.7219;3.9e-04;22.211   ;3.876    ;0.195 ;*;0;*;*;*;*;*;0.195;ymw17;*;0;*;*;0;*;*;0;*;0.438095346909;1.8e-11;lfl+06;-2.3E-18;8.3e-18;lfl+06;*;*;*;0.25;0;lfl+06;0.01    ;*;*;*;*;*;0;*;*;*;*;52887.00;*;
226;J1819-1318;lfl+06;J1819-1318;lfl+06;274.9319;2.1e-04;-13.3117;1.4e-03;17.497   ;0.829    ;0.812 ;*;0;*;*;*;*;*;0.812;ymw17;*;0;*;*;0;*;*;0;*;1.51569599263;1.2e-10;lfl+06;6.0E-16;3.0e-17;lfl+06;4.02e+07;9.63e+11 ;6.8e+30;0.16;0;lfl+06;0.11    ;*;*;*;*;*;0;*;*;*;*;52856.00;*;
227;J1825-0935;dls72;B1822-09;dls72;276.377475;8.3e-06;-9.58922;5.6e-05;21.449   ;1.324    ;0.300 ;0.3;0;vwc+12;0.1;vwc+12;1.0;vwc+12;0.260;ymw17;*;0;*;-13;1.1e+01;fgml97;-9;5.0e+00;fgml97;0.769020998327;6.0e-12;jbv+19;5.235540E-14;1.8e-19;jbv+19;2.33e+05;6.42e+12 ;4.5e+33;10;2.0e+00;jk18;0.90    ;*;XRS:[pb15];*;*;*;0;*;*;*;*;57600;jbv+19;
228;J1829+2456;clm+04;J1829+2456;clm+04;277.3944450;8.3e-07;24.9383869;8.3e-07;53.343   ;15.612   ;0.909 ;*;0;*;*;*;*;*;0.909;ymw17;*;0;*;*;0;*;*;0;*;0.04100982358117;4.0e-14;clm+05;5.25E-20;1.5e-21;clm+05;1.24e+10;1.48e+09 ;3.0e+31;0.037;4.0e-03;sbm+22;0.03    ;*;*;BT;clm+05;1.176027941;1.6e-08;clm+05;  1.261531;  1.568832;NS[clm+04];52887.00;*;
229;J1836+5925;aaa+09c;J1836+5925;aaa+09c;279.05697;1.1e-04;59.42504;5.6e-05;88.875   ;24.999   ;0.300 ;*;0;*;0.18;wan11;0.42;wan11;*;*;*;0;*;*;0;*;*;0;*;0.173263836028;1.0e-11;lhl+14;1.5016E-15;1.0e-18;lhl+14;1.83e+06;5.16e+11 ;1.1e+34;*;0;*;*;XINS,NRAD[aab+22];GRS:4FGL_J1836.2+5925[aab+22],XRS:RX_J1836.2+5925[hcg07];*;*;*;0;*;*;*;*;56338.00;*;
230;J1840-1419;kle+10;J1840-1419;kle+10;280.13767;4.2e-05;-14.3185;2.5e-04;18.944   ;-4.119   ;0.721 ;*;0;*;*;*;*;*;0.721;ymw17;*;0;*;*;0;*;*;0;*;6.59756252242;9.0e-11;bls+18;6.3538E-15;1.4e-18;bls+18;1.65e+07;6.55e+12 ;8.7e+29;*;0;*;*;RRAT;*;*;*;*;0;*;*;*;*;55074.90;*;
231;J1847+01;palfa21;J1847+01;palfa21;281.77;2.5e-02;1.22;3.3e-02;33.519   ;1.524    ;0.893 ;*;0;*;*;*;*;*;0.893;ymw17;*;0;*;*;0;*;*;0;*;0.00346307110;1.0e-10;hww+21;*;0;*;*;*;*;*;0;*;*;*;*;*;*;*;0;*;*;*;*;59093.55;*;
232;J1848-1952;mlt+78;B1845-19;mlt+78;282.07514;1.9e-04;-19.8752;1.9e-03;14.772   ;-8.254   ;0.751 ;*;0;*;*;*;*;*;0.751;ymw17;*;0;*;*;0;*;*;0;*;4.30818959857;4.0e-11;hlk+04;2.328195E-14;1.7e-19;hlk+04;2.93e+06;1.01e+13 ;1.1e+31;*;0;*;*;*;*;*;*;*;0;*;*;*;*;48695.0;hlk+04;
233;J1854+0704_P;hww+21;J1854+0704_P;hww+21;283.63;2.5e-02;7.07;3.3e-02;39.575   ;2.535    ;0.635 ;*;0;*;*;*;*;*;0.635;ymw17;*;0;*;*;0;*;*;0;*;0.45090;0;hww+21;*;0;*;*;*;*;0.035;0;hww+21;0.01    ;*;*;*;*;*;0;*;*;*;*;*;*;
234;J1856-3754;tm07;J1856-3754;tm07;284.1475;6.7e-04;-37.90994;5.6e-05;358.599  ;-17.215  ;0.160 ;0.16;0;vwc+12;0.15;vwc+12;0.18;vwc+12;*;*;8.2;9.0e-01;wel+10;325.9;3.0e-01;wel+10;-59.22;1.8e-01;wel+10;7.05520287;3.0e-08;vk08;2.98E-14;7.0e-16;vk08;3.76e+06;1.47e+13 ;3.3e+30;*;0;*;*;XINS,NRAD;XRS:RX_J1856.5-3754,OPT:[kkvh11];*;*;*;0;*;*;*;*;52830;wm97a;
235;J1900-2600;vl70;B1857-26;vl70;285.198258;1.7e-05;-26.01217;1.4e-04;10.342   ;-13.451  ;0.700 ;0.7;0;vwc+12;0.5;vwc+12;1.1;vwc+12;1.244;ymw17;0.5;6.0e-01;fgbc99;-19.9;3.0e-01;fgbc99;-47.3;9.0e-01;fgbc99;0.6122092044383;7.0e-13;hlk+04;2.04534E-16;5.0e-21;hlk+04;4.74e+07;3.58e+11 ;3.5e+31;15;3.0e+00;jk18;7.35    ;*;*;*;*;*;0;*;*;*;*;48891.0;hlk+04;
236;J1901-1740;ebvb01;J1901-1740;ebvb01;285.3251;2.5e-04;-17.6667;1.7e-03;18.138   ;-10.071  ;0.894 ;*;0;*;*;*;*;*;0.894;ymw17;*;0;*;*;0;*;*;0;*;1.95685759005;1.6e-10;ebvb01;8.23E-16;1.6e-17;ebvb01;3.77e+07;1.28e+12 ;4.3e+30;0.30;1.0e-01;jk18;0.24    ;*;*;*;*;*;0;*;*;*;*;51500.00;*;
237;J1908+0734;nft95;J1908+0734;nft95;287.070875;1.3e-05;7.57066;3.1e-05;41.585   ;-0.270   ;0.669 ;*;0;*;*;*;*;*;0.669;ymw17;*;0;*;*;0;*;*;0;*;0.21235261339;5.0e-11;kjk+24;8.22E-16;5.0e-18;kjk+24;4.1e+06;4.23e+11 ;3.4e+33;0.54;6.0e-02;hfs+04;0.24    ;*;*;*;*;*;0;*;*;*;*;59400.00;*;
238;J1908+1035_P;hww+21;J1908+1035_P;hww+21;287.10;2.5e-02;10.58;3.3e-02;44.271   ;1.096    ;0.671 ;*;0;*;*;*;*;*;0.671;ymw17;*;0;*;*;0;*;*;0;*;0.01069;0;hww+21;*;0;*;*;*;*;0.012;0;hww+21;0.01    ;*;*;*;*;*;0;*;*;*;*;*;*;
239;J1908+1036;why+25;J1908+1036;why+25;287.0896717;8.3e-07;10.6098244;1.1e-06;44.291   ;1.113    ;0.672 ;*;0;*;*;*;*;*;0.672;ymw17;*;0;*;-6.7;1.1e+00;why+25;-10;3.0e+00;why+25;0.0106901954145100;1.2e-15;why+25;1.572E-20;6.0e-23;why+25;1.08e+10;4.15e+08 ;5.1e+32;*;0;*;*;*;*;ELL1;why+25;3.964125977;2.0e-09;why+25;  0.767788;  0.931756;CO[why+25];59500;why+25;
240;J1918+1541;nft95;J1918+1541;nft95;289.5321;2.5e-04;15.68756;1.9e-04;49.894   ;1.360    ;0.742 ;*;0;*;*;*;*;*;0.742;ymw17;*;0;*;*;0;*;*;0;*;0.37088299877;1.9e-10;cn95;2.543E-15;1.3e-17;cn95;2.31e+06;9.83e+11 ;2.0e+33;*;0;*;*;*;*;*;*;*;0;*;*;*;*;49079.50;*;
241;J1921+2153;hbp+68;B1919+21;hbp+68;290.436729;8.3e-06;21.883958;1.1e-05;55.777   ;3.501    ;0.300 ;0.3;0;vwc+12;0.1;vwc+12;1.1;vwc+12;0.806;ymw17;*;0;*;17;4.0e+00;zhw+05;32;6.0e+00;zhw+05;1.3373021601895;9.0e-13;hlk+04;1.348207E-15;8.0e-21;hlk+04;1.57e+07;1.36e+12 ;2.2e+31;19;4.0e+00;jk18;1.71    ;*;*;*;*;*;0;*;*;*;*;48999.0;hlk+04;
242;J1929+16;lcm13;J1929+16;lcm13;292.32;1.2e-01;16.35;1.2e-01;51.747   ;-0.692   ;0.762 ;*;0;*;*;*;*;*;0.762;ymw17;*;0;*;*;0;*;*;0;*;0.529681;2.0e-06;lcm13;*;0;*;*;*;*;*;0;*;*;*;*;*;*;*;0;*;*;*;*;53480.00;*;
243;J1932+1059;lvw68;B1929+10;lvw68;293.058571;3.3e-06;10.992606;5.6e-06;47.382   ;-3.885   ;0.310 ;0.31;0;vwc+12;0.25;vwc+12;0.40;vwc+12;0.229;ymw17;2.77;7.0e-02;ccv+04;94.09;1.1e-01;ccv+04;42.99;1.6e-01;ccv+04;0.22651892659397;8.0e-14;kjk+24;1.156828E-15;1.6e-20;kjk+24;3.1e+06;5.18e+11 ;3.9e+33;29;6.0e+00;jk18;2.79    ;HE[yhh94];*;*;*;*;0;*;*;*;*;57600;jbv+19;
244;J1946+1805;vl70;B1944+17;vl70;296.72102;2.5e-05;18.09479;3.1e-05;55.326   ;-3.500   ;0.300 ;0.3;0;vwc+12;0.1;vwc+12;0.9;vwc+12;1.005;ymw17;*;0;*;1.0;5.0e+00;las82;-9;4.0e+00;las82;0.4406184769108;8.0e-13;hlk+04;2.4092E-17;4.0e-21;hlk+04;2.9e+08;1.04e+11 ;1.1e+31;10;4.0e+00;lylg95;0.90    ;*;*;*;*;*;0;*;*;*;*;48790.0;hlk+04;
245;J1954+2923;dlp70;B1952+29;dlp70;298.5937946;1.7e-06;29.387819;2.8e-06;65.924   ;0.772    ;0.536 ;*;0;*;*;*;*;*;0.536;ymw17;*;0;*;25;1.7e+01;las82;-36;1.0e+01;las82;0.4266767865302;4.0e-13;hlk+04;1.711E-18;3.0e-21;hlk+04;3.95e+09;2.73e+10 ;8.7e+29;8;3.0e+00;lylg95;2.30    ;*;*;*;*;*;0;*;*;*;*;59336.0;shw+23;
246;J2011+3006_P;hww+21;J2011+3006_P;hww+21;302.80;3.3e-02;30.10;3.3e-02;68.468   ;-1.944   ;0.416 ;*;0;*;*;*;*;*;0.416;ymw17;*;0;*;*;0;*;*;0;*;2.50566;0;hww+21;*;0;*;*;*;*;0.312;0;hww+21;0.05    ;*;*;*;*;*;0;*;*;*;*;*;*;
247;J2015+2524;nft95;J2015+2524;nft95;303.8029;2.9e-04;25.4087;2.8e-04;65.027   ;-5.261   ;0.743 ;*;0;*;*;*;*;*;0.743;ymw17;*;0;*;*;0;*;*;0;*;2.3032990816;9.0e-10;cn95;5.1E-16;5.0e-17;cn95;7.16e+07;1.1e+12  ;1.6e+30;*;0;*;*;*;*;*;*;*;0;*;*;*;*;49079.50;*;
248;J2027+7502;slr+14;J2027+7502;slr+14;306.84700;9.2e-05;75.04147;4.8e-05;108.368  ;20.313   ;0.743 ;*;0;*;*;*;*;*;0.743;ymw17;*;0;*;*;0;*;*;0;*;0.515218649151;8.0e-12;lsk+18;8.89E-16;6.0e-18;lsk+18;9.18e+06;6.85e+11 ;2.6e+32;*;0;*;*;*;*;*;*;*;0;*;*;*;*;56500.00;*;
249;J2030+4415;pga+12;J2030+4415;pga+12;307.71396;1.7e-04;44.26058;1.1e-04;82.340   ;2.885    ;0.720 ;0.72;0;br14;*;*;*;*;*;*;*;0;*;*;0;*;*;0;*;0.22707017739;3.0e-11;pga+12;6.4843E-15;1.1e-18;pga+12;5.55e+05;1.23e+12 ;2.2e+34;*;0;*;*;NRAD[aab+22];GRS:4FGL_J2030.9+4416[aab+22];*;*;*;0;*;*;*;*;55225.00;*;
250;J2042+0246;san16;J2042+0246;san16;310.5458453;2.1e-07;2.7706658;5.6e-07;48.993   ;-23.016  ;0.636 ;*;0;*;*;*;*;*;0.636;ymw17;*;0;*;15.1;1.2e+00;san16;-14;3.0e+00;san16;0.0045337267023282;3.0e-16;san16;1.403E-20;6.0e-23;san16;5.12e+09;2.55e+08 ;5.9e+33;0.059;7.0e-03;sbm+22;0.02    ;HE;GRS:4FGL_J2042.2+0245[aab+22];ELL1;san16;77.2005806;3.0e-07;san16;  0.184623;  0.216089;He[san16];56520.00;*;
251;J2055+2539;sdz+10;J2055+2539;sdz+10;313.95375 ;0;25.66639  ;0;70.688   ;-12.520  ;0.620 ;*;0;*;0.33;wan11;0.91;wan11;*;*;*;0;*;*;0;*;*;0;*;0.319561441417;6.0e-12;saa+23;4.10240E-15;7.0e-20;saa+23;1.23e+06;1.16e+12 ;5.0e+33;*;0;*;*;NRAD;GRS:4FGL_J2055.8+2540[aab+22],XRS:XMMU_J205549.4+253959;*;*;*;0;*;*;*;*;55555.00;*;
252;J2122+2426;scb+19;J2122+2426;scb+19;320.66258;4.2e-05;24.44581;5.6e-05;73.817   ;-17.934  ;0.585 ;*;0;*;*;*;*;*;0.585;ymw17;*;0;*;*;0;*;*;0;*;0.54142115903;4.0e-11;tbc+20;1.27E-16;6.0e-18;tbc+20;6.75e+07;2.65e+11 ;3.2e+31;*;0;*;*;*;*;*;*;*;0;*;*;*;*;57922.00;*;
253;J2124-3358;bjb+97;J2124-3358;bjb+97;321.182646430;1.7e-08;-33.97930438;2.9e-08;10.925   ;-45.438  ;0.410 ;0.41;0;rhc+16;0.36;rhc+16;0.50;rhc+16;0.360;ymw17;2.10;1.0e-01;abb+23;-14.090;1.0e-02;abb+23;-50.32;3.0e-02;abb+23;0.00493111494511372;3.0e-17;rsc+21;2.056952E-20;2.0e-25;rsc+21;3.8e+09;3.22e+08 ;6.8e+33;4.5;2.0e-01;dhm+15;0.76    ;HE[bt99],HE[aaa+09f];GRS:4FGL_J2124.7-3358[aab+22];*;*;*;0;*;*;*;*;59155;sbf+24;
254;J2144-3933;mld+96;J2144-3933;mld+96;326.05025168;1.9e-07;-39.56580140;8.9e-08;2.794    ;-49.466  ;0.160 ;0.16;0;vwc+12;0.15;vwc+12;0.18;vwc+12;0.289;ymw17;6.0;6.0e-01;dtbr09;-57.9;9.0e-01;dtbr09;-155.9;6.0e-01;dtbr09;8.509827491;3.0e-09;ymj99;4.96E-16;5.0e-18;ymj99;2.72e+08;2.08e+12 ;3.2e+28;0.8;0;lor94;0.02    ;*;*;*;*;*;0;*;*;*;*;54100.0;dtbr09;
255;J2145-0750;bhl+94;J2145-0750;bhl+94;326.46024803;2.1e-08;-7.83847452;5.7e-08;47.777   ;-42.084  ;0.625 ;0.625;1.5e-02;dgb+19;*;*;*;*;0.694;ymw17;1.40;8.0e-02;rsc+21;-9.49;2.1e-02;*;-9.09;5.7e-02;*;0.01605242392107269;3.0e-17;rsc+21;2.97926E-20;3.0e-25;rsc+21;8.54e+09;7e+08    ;2.8e+32;5.5;3.0e-01;sbm+22;2.15    ;*;*;T2;rsc+21;6.83890261495;9.0e-11;rsc+21;  0.423198;  0.503270;CO[bkb+95];55657;rsc+21;
256;J2208+4056;slr+14;J2208+4056;slr+14;332.00831;4.1e-05;40.93384;3.7e-05;92.574   ;-12.112  ;0.751 ;*;0;*;*;*;*;*;0.751;ymw17;*;0;*;*;0;*;*;0;*;0.636957393614;1.3e-11;lsk+18;5.2832E-15;9.0e-19;lsk+18;1.91e+06;1.86e+12 ;8.1e+32;*;0;*;*;HE[sbc+19];GRS:4FGL_J2208.1+4058[aab+22];*;*;*;0;*;*;*;*;56375.00;*;
257;J2214+3000;rrc+11;J2214+3000;rrc+11;333.66189047;3.9e-08;30.01060878;3.8e-08;86.855   ;-21.665  ;0.600 ;0.6;4.0e-01;gsl+16;*;*;*;*;1.674;ymw17;1.7;6.0e-01;aab+21a;20.92;8.3e-02;*;-1.94;1.1e-01;*;0.003119226581323024;1.2e-17;aab+21a;1.47285E-20;4.0e-25;aab+21a;3.36e+09;2.17e+08 ;1.9e+34;0.53;0;lmj+16;0.19    ;HE;GRS:4FGL_J2214.6+3000[aab+22],OPT:[sh14];ELL1;aab+21a;0.41663294591;2.0e-10;aab+21a;  0.013335;  0.015413;UL[rrc+11];56885.0;aab+21a;
258;J2222-0137;blr+13;J2222-0137;blr+13;335.52498722;5.4e-08;-1.62105004;1.3e-07;62.019   ;-46.075  ;0.269 ;*;0;*;*;*;*;*;0.267;ymw17;3.723;1.3e-02;ddfp24;44.707;5.0e-03;ddfp24;-5.403;1.2e-02;ddfp24;0.03281785906437885;1.1e-16;gfg+21;5.8047E-19;3.0e-23;gfg+21;8.96e+08;4.42e+09 ;6.5e+32;0.90;5.0e-02;sbm+22;0.06    ;*;OPT:[blr+13],OPT:[kbd+14],XRS:[pb15];ELL1H+;gfg+21;2.445759995471;6.0e-12;gfg+21;  1.117351;  1.380324;CO[blr+13];59155;sbf+24;
259;J2225+6535;dls73;B2224+65;dls73;336.4702613;1.3e-06;65.5934364;2.8e-07;108.638  ;6.846    ;0.900 ;0.90;1.0e-01;br14;*;*;*;*;1.881;ymw17;1.2;2.0e-01;dgb+19;147.2;3.0e-01;dgb+19;126.50;1.0e-01;dgb+19;0.682542497406;1.0e-11;ywml10;9.6606E-15;1.0e-18;ywml10;1.12e+06;2.6e+12  ;1.2e+33;2.0;4.0e-01;lylg95;1.62    ;*;XRS:[hb07b],OPT:Guitar_Nebula[crl93];*;*;*;0;*;*;*;*;56000.0;dgb+19;
260;J2234+0944;rap+12;J2234+0944;rap+12;338.69522572;2.8e-08;9.74172844;5.6e-08;76.280   ;-40.438  ;0.714 ;*;0;*;*;*;*;*;1.587;ymw17;1.4;3.0e-01;aab+21b;6.98;1.2e-01;*;-32.2;2.8e-01;*;0.003627027895734231;1.4e-17;aab+21b;2.01003E-20;6.0e-25;aab+21b;2.86e+09;2.73e+08 ;1.7e+34;1.9;2.0e-01;sbm+22;0.97    ;HE;GRS:4FGL_J2234.7+0943[aab+22];ELL1;aab+21a;0.41966003706;1.7e-10;aab+21a;  0.015385;  0.017786;UL[tjl+17];57186.0;aab+21b;
261;J2302+4442;cgj+11;J2302+4442;cgj+11;345.69574328;5.6e-08;44.70613347;4.6e-08;103.395  ;-14.005  ;0.859 ;*;0;*;0.40;gsl+16;*;*;0.859;ymw17;0.4;9.0e-01;aab+21a;0.18;8.4e-02;*;-5.80;1.0e-01;*;0.00519232464875420;3.0e-17;aab+21a;1.38681E-20;1.1e-24;aab+21a;5.93e+09;2.72e+08 ;3.9e+33;1.4;4.0e-01;aab+21a;1.03    ;HE;GRS:4FGL_J2302.7+4443[aab+22],XRS:XMMUJ230247+444219,OPT:[kzz+18];DD;aab+21a;125.93529692;3.0e-08;aab+21a;  0.291704;  0.343938;He(?)[cgj+11];56947.0;aab+21a;
262;J2307+2225;cnt96;J2307+2225;cnt96;346.92203;5.4e-05;22.43059;5.3e-05;93.570   ;-34.458  ;0.493 ;*;0;*;*;*;*;*;0.493;ymw17;*;0;*;*;0;*;*;0;*;0.535828895432;7.0e-12;cn95;8.7E-18;7.0e-19;cn95;9.76e+08;6.91e+10 ;2.2e+30;*;0;*;*;*;*;*;*;*;0;*;*;*;*;49079.50;*;
263;J2322+2057;ntf93;J2322+2057;ntf93;350.59299953;2.5e-08;20.95069439;3.7e-08;96.515   ;-37.310  ;0.833 ;*;0;*;*;*;*;*;1.011;ymw17;1.2;3.0e-01;sbf+24;-18.30;5.0e-02;abb+23;-14.90;1.0e-01;abb+23;0.0048084282894630;3.0e-16;abb+23;9.6574E-21;1.7e-24;abb+23;7.89e+09;2.18e+08 ;3.4e+33;0.34;3.0e-02;sbm+22;0.24    ;*;*;*;*;*;0;*;*;*;*;59251;sbf+24;
264;J2330-2005;ll76;B2327-20;ll76;352.61202;2.9e-05;-20.09156;4.7e-05;49.394   ;-70.190  ;0.864 ;*;0;*;*;*;*;*;0.864;ymw17;*;0;*;74.7;1.9e+00;bfg+03;5;3.0e+00;bfg+03;1.643622185327;5.0e-12;hlk+04;4.63038E-15;5.0e-20;hlk+04;5.62e+06;2.79e+12 ;4.1e+31;2.9;6.0e-01;jk18;2.16    ;*;*;*;*;*;0;*;*;*;*;49878.0;hlk+04;
265;J2333+20;tkt22;J2333+20;tkt22;353.2;1.0e+00;20.3;2.5e-01;99.071   ;-38.910  ;0.894 ;*;0;*;*;*;*;*;0.894;ymw17;*;0;*;*;0;*;*;0;*;2.2911;0;tkt22;*;0;*;*;*;*;*;0;*;*;*;*;*;*;*;0;*;*;*;*;*;*;
266;J2337+6151;dtws85;B2334+61;dtws85;354.27401;4.2e-05;61.850425;1.9e-05;114.284  ;0.233    ;0.700 ;0.70;1.0e-01;yuk04;*;*;*;*;2.079;ymw17;*;0;*;-1.0;1.8e+01;hlk+04;-15;1.6e+01;hlk+04;0.495369868028;5.0e-12;ymw+10;1.934498E-13;8.0e-19;ymw+10;4.06e+04;9.91e+12 ;6.3e+34;1.4;3.0e-01;lylg95;0.69    ;*;SNR:G114.3+0.3[frs93];*;*;*;0;*;*;*;*;53100;ymw+10;
