main_id,hip,mass_solar,mass_error_solar,log_radius_solar,log_temperature_k,bibcode
* alf And,677,2.90,0.11,0.60,3.98,1999A&A...352..555A
* alf Phe,2081,1.87,0.42,1.11,3.67,1999A&A...352..555A
* bet Cet,3419,2.74,0.45,1.23,3.68,1999A&A...352..555A
* del Cas,6686,2.36,0.04,0.60,3.90,1999A&A...352..555A
* alf Eri,7588,5.39,1.82,0.92,4.16,1999A&A...352..555A
* bet Ari,8903,1.98,0.14,0.37,3.91,1999A&A...352..555A
* alf Ari,9884,1.45,0.31,1.17,3.66,1999A&A...352..555A
* bet Per,14576,2.59,0.06,0.60,3.96,1999A&A...352..555A
* gam Ori,25336,7.77,2.70,0.76,4.33,1999A&A...352..555A
* bet Tau,25428,4.10,0.18,0.71,4.10,1999A&A...352..555A
* alf Col,26634,4.57,0.22,0.81,4.09,1999A&A...352..555A
* bet Aur,28360,2.58,0.07,0.63,3.93,1999A&A...352..555A
* tet Aur,28380,3.44,0.13,0.69,4.03,1999A&A...352..555A
* gam Gem,31681,2.84,0.08,0.68,3.96,1999A&A...352..555A
* alf CMa,32349,2.15,0.07,0.25,3.98,1999A&A...352..555A
* alf Gem,36850,2.47,0.02,0.45,3.95,1999A&A...352..555A
* alf CMi,37279,1.43,0.18,0.28,3.83,1999A&A...352..555A
* bet Gem,37826,1.70,0.40,0.95,3.68,1999A&A...352..555A
* bet Car,45238,2.96,0.00,0.80,3.92,1999A&A...352..555A
* alf Leo,49669,3.23,0.17,0.59,4.04,1999A&A...352..555A
* mu. Vel,52727,2.68,0.21,1.13,3.70,1999A&A...352..555A
* bet UMa,53910,2.28,0.21,0.49,3.95,1999A&A...352..555A
* del Leo,54872,2.08,0.06,0.35,3.92,1999A&A...352..555A
* bet Leo,57632,1.90,0.04,0.21,3.94,1999A&A...352..555A
* gam Crv,59803,3.57,0.18,0.64,4.06,1999A&A...352..555A
* alf Cru,60718,13.61,1.06,1.00,4.39,1999A&A...352..555A
* bet Crv,61359,3.11,0.22,1.19,3.71,1999A&A...352..555A
* alf Mus,61585,5.84,0.31,0.77,4.20,1999A&A...352..555A
* gam Cen,61932,3.15,0.08,0.71,3.97,1999A&A...352..555A
* eps UMa,62956,2.82,0.12,0.59,3.98,1999A&A...352..555A
* alf Vir,65474,10.74,0.69,0.90,4.35,1999A&A...352..555A
* eta UMa,67301,3.32,0.19,0.59,4.05,1999A&A...352..555A
* eta Boo,67927,1.47,0.05,0.40,3.79,1999A&A...352..555A
* tet Cen,68933,1.48,0.60,1.04,3.68,1999A&A...352..555A
* alf Boo,69673,1.89,1.05,1.36,3.65,1999A&A...352..555A
* eta Cen,71352,5.47,0.80,0.86,4.16,1999A&A...352..555A
* alf Cen B,71681,0.94,0.02,-0.07,3.72,1999A&A...352..555A
* alf Cen A,71683,0.99,0.05,0.11,3.75,1999A&A...352..555A
* bet Lib,74785,3.27,0.14,0.67,4.01,1999A&A...352..555A
* alf CrB,76267,2.31,0.21,0.49,3.95,1999A&A...352..555A
* alf Ser,77070,0.95,0.34,1.09,3.65,1999A&A...352..555A
* eps Sco,82396,1.21,0.27,1.10,3.66,1999A&A...352..555A
* alf Oph,86032,2.12,0.02,0.37,3.92,1999A&A...352..555A
* tet Sco,86228,4.63,0.01,1.37,3.82,1999A&A...352..555A
* eps Sgr,90185,3.47,0.06,0.85,3.97,1999A&A...352..555A
* alf Lyr,91262,2.51,0.04,0.43,3.97,1999A&A...352..555A
* sig Sgr,92855,4.92,0.26,0.83,4.11,1999A&A...352..555A
* zet Sgr,93506,2.27,0.13,0.51,3.93,1999A&A...352..555A
* alf Aql,97649,1.60,0.09,0.25,3.88,1999A&A...352..555A
* alf Pav,100751,4.38,0.21,0.80,4.08,1999A&A...352..555A
* eps Cyg,102488,1.93,0.43,1.03,3.68,1999A&A...352..555A
* alf Gru,109268,3.14,0.13,0.65,4.01,1999A&A...352..555A
* alf PsA,113368,1.97,0.08,0.27,3.92,1999A&A...352..555A
* alf Peg,113963,2.95,0.14,0.70,3.96,1999A&A...352..555A
