main_id,hip,source_table,mass_solar,mass_error_solar,bibcode,note
* bet Ori,24436,single,19.19,1.14,2010AN....331..349H,Single-star evolutionary-model median
* gam Ori,25336,single,8.70,0.54,2010AN....331..349H,Single-star evolutionary-model median
* eps Ori,26311,single,23.61,4.35,2010AN....331..349H,Single-star evolutionary-model median
* kap Ori,27366,single,15.50,1.25,2010AN....331..349H,Single-star evolutionary-model median
* del CMa,34444,single,11.59,0.35,2010AN....331..349H,Single-star evolutionary-model median
* eta CMa,35904,single,19.19,1.15,2010AN....331..349H,Single-star evolutionary-model median
* eps Cen,66657,single,11.60,1.06,2010AN....331..349H,Single-star evolutionary-model median
* del Sco,78401,mult1,19.61,0.42,2010AN....331..349H,Primary-component evolutionary-model median
* tet Sco,86228,single,5.66,0.65,2010AN....331..349H,Single-star evolutionary-model median
* gam Cyg,100453,single,12.11,0.71,2010AN....331..349H,Single-star evolutionary-model median
