main_id,hip,distance_pc,distance_fractional_error,temperature_k,luminosity_solar,bibcode
* bet Cas,746,16.780,0.01,6625,27.95,2012MNRAS.427..343M
* alf Cas,3179,69.980,0.01,4782,771.45,2012MNRAS.427..343M
* gam Cas,4427,168.350,0.02,7664,2951.70,2012MNRAS.427..343M
* alf Eri,7588,42.750,0.02,15218,2775.98,2012MNRAS.427..343M
* bet Ari,8903,17.990,0.01,8400,22.13,2012MNRAS.427..343M
* gam01 And,9640,120.480,0.13,4468,3192.74,2012MNRAS.427..343M
* alf UMi,11767,132.630,0.01,6741,2570.36,2012MNRAS.427..343M
* bet Per,14576,27.570,0.04,8928,94.15,2012MNRAS.427..343M
* alf Per,15863,155.280,0.03,6228,3784.07,2012MNRAS.427..343M
* iot Aur,23015,151.290,0.06,4146,4079.74,2012MNRAS.427..343M
* bet Ori,24436,264.550,0.09,11968,83226.20,2012MNRAS.427..343M
* gam Ori,25336,77.400,0.04,24342,9210.78,2012MNRAS.427..343M
* del Ori,25930,212.310,0.12,18063,18556.70,2012MNRAS.427..343M
* alf Lep,25985,680.270,0.10,7001,31409.50,2012MNRAS.427..343M
* eps Ori,26311,606.060,0.27,18341,257885.00,2012MNRAS.427..343M
* alf Col,26634,80.130,0.03,9262,498.37,2012MNRAS.427..343M
* zet Ori,26727,225.730,0.14,17188,30118.90,2012MNRAS.427..343M
* kap Ori,27366,198.410,0.04,18292,19455.10,2012MNRAS.427..343M
* alf Ori,27989,152.670,0.13,3659,73524.20,2012MNRAS.427..343M
* bet Aur,28360,24.870,0.01,8472,83.97,2012MNRAS.427..343M
* tet Aur,28380,50.760,0.01,8762,194.67,2012MNRAS.427..343M
* bet CMa,30324,151.060,0.03,24072,24234.20,2012MNRAS.427..343M
* alf Car,30438,94.790,0.05,7021,11642.80,2012MNRAS.427..343M
* gam Gem,31681,33.510,0.07,9049,163.45,2012MNRAS.427..343M
* eps CMa,33579,124.220,0.02,22127,20729.50,2012MNRAS.427..343M
* del CMa,34444,492.610,0.19,6599,37477.10,2012MNRAS.427..343M
* eta CMa,35904,609.760,0.24,10000,40235.60,2012MNRAS.427..343M
* alf Gem,36850,15.600,0.06,8453,46.52,2012MNRAS.427..343M
* zet Pup,39429,332.230,0.03,24684,94309.50,2012MNRAS.427..343M
* gam02 Vel,39953,342.470,0.10,15618,55128.20,2012MNRAS.427..343M
* eps Car,41037,185.530,0.08,4209,14086.30,2012MNRAS.427..343M
* lam Vel,44816,166.940,0.02,3966,9165.28,2012MNRAS.427..343M
* bet Car,45238,34.700,0.00,8938,211.06,2012MNRAS.427..343M
* iot Car,45556,234.740,0.02,7055,5243.78,2012MNRAS.427..343M
* kap Vel,45941,175.440,0.05,16589,8622.07,2012MNRAS.427..343M
* alf Hya,46390,55.280,0.01,4362,790.63,2012MNRAS.427..343M
* mu. Vel,52727,35.920,0.01,5200,109.81,2012MNRAS.427..343M
* bet UMa,53910,24.450,0.00,9206,60.27,2012MNRAS.427..343M
* del Leo,54872,17.910,0.00,7866,23.97,2012MNRAS.427..343M
* gam UMa,58001,25.500,0.01,9503,63.88,2012MNRAS.427..343M
* del Cen,59196,127.230,0.06,8850,1308.99,2012MNRAS.427..343M
* alf Cru,60718,98.010,0.05,25998,36602.60,2012MNRAS.427..343M
* bet Crv,61359,44.660,0.01,5314,167.82,2012MNRAS.427..343M
* alf Mus,61585,96.710,0.01,15340,1860.50,2012MNRAS.427..343M
* bet Cru,62434,85.400,0.08,24107,15443.50,2012MNRAS.427..343M
* eps UMa,62956,25.310,0.01,9125,110.31,2012MNRAS.427..343M
* alf Vir,65474,76.570,0.05,24922,17079.90,2012MNRAS.427..343M
* eps Cen,66657,131.060,0.06,21002,9910.21,2012MNRAS.427..343M
* eta UMa,67301,31.870,0.01,15716,462.55,2012MNRAS.427..343M
* zet Cen,68002,117.100,0.02,16902,3866.30,2012MNRAS.427..343M
* bet Cen,68702,120.190,0.06,21001,36925.30,2012MNRAS.427..343M
* eta Cen,71352,93.720,0.02,13511,1820.20,2012MNRAS.427..343M
* alf Lup,71860,142.450,0.02,11594,3129.88,2012MNRAS.427..343M
* eps Boo,72105,62.110,0.04,5012,492.58,2012MNRAS.427..343M
* bet UMi,72607,40.140,0.00,4200,464.68,2012MNRAS.427..343M
* bet Lup,73273,117.370,0.02,15722,2916.89,2012MNRAS.427..343M
* bet Lib,74785,56.750,0.01,10074,288.09,2012MNRAS.427..343M
* alf CrB,76267,23.010,0.01,10099,68.46,2012MNRAS.427..343M
* del Sco,78401,150.600,0.13,8798,2261.50,2012MNRAS.427..343M
* bet01 Sco,78820,123.920,0.10,9546,1322.39,2012MNRAS.427..343M
* alf Sco,80763,169.780,0.17,3548,66430.90,2012MNRAS.427..343M
* zet Oph,81377,112.230,0.02,9199,1004.87,2012MNRAS.427..343M
* alf TrA,82273,119.760,0.02,4392,3939.56,2012MNRAS.427..343M
* eta Oph,84012,27.090,0.02,8718,62.74,2012MNRAS.427..343M
* ups Sco,85696,176.680,0.03,14744,5573.96,2012MNRAS.427..343M
* lam Sco,85927,175.130,0.13,24900,48238.40,2012MNRAS.427..343M
* tet Sco,86228,92.080,0.14,6589,1179.11,2012MNRAS.427..343M
* kap Sco,86670,148.150,0.03,21001,11560.00,2012MNRAS.427..343M
* gam Dra,87833,47.300,0.00,4176,549.33,2012MNRAS.427..343M
* del Sgr,89931,106.610,0.02,4469,1425.21,2012MNRAS.427..343M
* sig Sgr,92855,69.830,0.02,14026,1424.37,2012MNRAS.427..343M
* zet Sgr,93506,27.040,0.02,8870,57.22,2012MNRAS.427..343M
* gam Cyg,100453,561.800,0.15,5863,32073.70,2012MNRAS.427..343M
* alf Pav,100751,54.820,0.03,16637,1438.16,2012MNRAS.427..343M
* alf Cyg,102098,432.900,0.14,7823,43183.00,2012MNRAS.427..343M
* eps Peg,107315,211.420,0.04,4275,9008.43,2012MNRAS.427..343M
* alf Peg,113963,40.880,0.01,10616,184.26,2012MNRAS.427..343M
