name,name_simbadable,ref_discovery,flag,ref_flag,age_category,age_category_justification,ra_j2000_formula,dec_j2000_formula,source_j2000_formula,designation_P1_formula,g_P1,gerr_P1,ref_g_P1,r_P1,rerr_P1,ref_r_P1,i_P1,ierr_P1,ref_i_P1,z_P1,zerr_P1,ref_z_P1,y_P1,yerr_P1,ref_y_P1,designation_2mass,BP_Gaia,BPerr_Gaia,G_Gaia,Gerr_Gaia,RP_Gaia,RPerr_Gaia,ref_photom_Gaia,J_2MASS,Jerr_2MASS,ref_J_2MASS,H_2MASS,Herr_2MASS,ref_H_2MASS,Ks_2MASS,Kserr_2MASS,ref_Ks_2MASS,designation_ukidss,J_ukidss,Jerr_ukidss,H_ukidss,Herr_ukidss,K_ukidss,Kerr_ukidss,J_MKO,Jerr_MKO,ref_J_MKO,H_MKO,Herr_MKO,ref_H_MKO,K_MKO,Kerr_MKO,ref_K_MKO,designation_WISE,W1,W1err,ref_W1,W2,W2err,ref_W2,W3,W3err,ref_W3,W4,W4err,ref_W4,ch1,ch1err,ch2,ch2err,ref_Spitzer,plx_formula,plxerr_formula,ref_plx_formula,grav_opt,ref_grav_opt,grav_ir,ref_grav_ir,spt_opt,ref_spt_opt,spt_ir,ref_spt_ir,sptnum_opt_formula,sptnum_ir_formula,sptnum_formula,dist_formula,disterr_formula,dist_formula_source,spex_slit_size,spex_prism_snr,spex_prism_ref,best_fit_atmo_model_name,reduced_chi2_best_fit,teff_atmo,radius_atmo,logg_atmo,log_lbol_lsun,log_lbol_lsun_err,lbol_flag,evo_model_name,teff_evo,teff_evo_err,radius_evo,radius_evo_err,mass_evo,mass_evo_err,logg_evo,logg_evo_err
2MASS J00345157+0523050,2MASS J00345157+0523050,Burg04b,null,null,Field,UCS+BANYAN,8.7144,5.3846,PS1,PSO J008.7169+05.3852,NaN,NaN,null,NaN,NaN,null,NaN,NaN,null,19.977,0.024,Cham16,18.103,0.01,Cham16,2MASS J00345157+0523050,NaN,NaN,NaN,NaN,NaN,NaN,null,15.535,0.045,Cutr03,15.443,0.082,Cutr03,15.84,0.03,Dupu12,ULAS J003451.98+052306.8,15.14,0.004,15.576,0.01,16.073,0.026,15.14,0.004,Lawr12,15.576,0.01,Lawr12,16.073,0.026,Lawr12,CWISE J003452.33+052308.2,15.174,0.026,Maro21,12.666,0.015,Maro21,11.78,0.313,Cutr13,8.867,NaN,Cutr13,14.095,0.019,12.58,0.017,Kirk19,118.8,2.7,Kirk21,null,null,null,null,null,null,T6.5,Burg06b,NaN,26.5,26.5,8.42,0.19,dist_plx_formula,0.8,83.0; 142.0; 40.0; 60.0; 14.0; 37.0,Burg04b,ATMO 2020,51.1,900,0.81,5.5,-5.41,0.06,TRUE,SM08,775,57,1.09,0.16,16.12,16.34,4.55,0.51
WISEP J004701.06+680352.1,2MASS J00470038+6803543,Gizi12,ABDor;lowg;young,Gagn14a;Gizi15a;Liu_16,ABDMG,UCS+BANYAN,11.7517,68.0651,PS1,PSO J011.7550+68.0644,NaN,NaN,null,NaN,NaN,null,21.156,0.111,Cham16,19.021,0.027,Cham16,18.029,0.024,Cham16,2MASS J00470038+6803543,NaN,NaN,NaN,NaN,NaN,NaN,null,15.604,0.068,Cutr03,13.968,0.029,Cutr03,13.053,0.029,Cutr03,null,NaN,NaN,NaN,NaN,NaN,NaN,15.485,0.068,Best21,14.042,0.029,Best21,13.008,0.029,Best21,CWISE J004701.44+680351.1,11.768,0.01,Maro21,11.242,0.008,Maro21,10.154,0.057,Cutr13,8.247,NaN,Cutr13,11.466,0.01,NaN,NaN,Kirk21,82.3,1.8,Liu_16,null,null,INT-G,Gizi15a,L7 pec,Gizi15a,L7 INT-G,Gizi15a,17,17,17,12.15,0.27,dist_plx_formula,0.5,22.0; 65.0; 82.0; 72.0; 94.0; 103.0,Gizi12,BT-Settl,19.5,1600,0.88,3.0,-4.48,0.06,FALSE,SM08,1248,21,1.23,0.02,16.10,2.45,4.44,0.07
2MASS J00501994-3322402,2MASS J00501994-3322402,Tinn05b,null,null,Field,UCS+BANYAN,12.5836,-33.3775,CatWISE,null,NaN,NaN,null,NaN,NaN,null,NaN,NaN,null,NaN,NaN,null,NaN,NaN,null,2MASS J00501994-3322402,NaN,NaN,NaN,NaN,NaN,NaN,null,15.928,0.07,Cutr03,15.838,0.185,Cutr03,15.241,0.185,Cutr03,null,NaN,NaN,NaN,NaN,NaN,NaN,15.65,0.1,Legg10a,16.04,0.1,Legg10a,15.91,0.1,Legg10a,CWISE J005021.62-332223.1,15.573,0.018,Maro21,13.608,0.011,Maro21,11.835,0.243,Cutr13,8.793,NaN,Cutr13,14.872,0.022,13.594,0.018,Kirk19,94.6,2.4,Dupu12,null,null,null,null,null,null,T7,Burg06b,NaN,27,27,10.57,0.27,dist_plx_formula,0.5,27.0; 51.0; 13.0; 19.0; 5.0; 17.0,Burg06c,ATMO 2020,5.0,900,0.83,4.5,-5.40,0.06,FALSE,SM08,780,57,1.09,0.16,16.34,16.48,4.55,0.51
2MASS J01443536-0716142,2MASS J01443536-0716142,Lieb03a,null,null,FLD-G,Sang23,26.1475,-7.2706,Gaia23,PSO J026.1488-07.2713,NaN,NaN,null,21.646,0.076,Cham16,19.469,0.016,Cham16,17.626,0.006,Cham16,16.529,0.01,Cham16,2MASS J01443536-0716142,21.6680,0.2678,19.6208,0.0047,18.0349,0.0180,Gaia23,14.191,0.026,Cutr03,13.008,0.023,Cutr03,12.268,0.023,Cutr03,null,NaN,NaN,NaN,NaN,NaN,NaN,14.15,0.02,Best20,13.087,0.023,Best21,12.258,0.023,Best21,CWISE J014435.77-071617.4,11.627,0.013,Maro21,11.37,0.009,Maro21,10.883,0.1,Cutr13,8.5,NaN,Cutr13,11.318,0.01,11.375,0.016,Kirk21,78.5,0.5,Gaia23,null,null,FLD-G,Sang23,L5,Lieb03a,L5,Maro13,15,15,15,12.74,0.08,dist_plx_formula,0.5,89.0; 157.0; 199.0; 204.0; 151.0; 151.0,Burg08c,BT-Settl,43.6,1800,0.81,5.0,-4.20,0.02,FALSE,SM08,1395,58,1.35,0.11,11.90,10.65,4.31,0.27
2MASSI J0243137-245329,2MASSI J0243137-245329,Burg02a,null,null,Field,UCS+BANYAN,40.8071,-24.8917,PS1,PSO J040.8060-24.8923,NaN,NaN,null,NaN,NaN,null,NaN,NaN,null,19.825,0.011,Cham16,17.951,0.021,Cham16,2MASS J02431371-2453298,NaN,NaN,NaN,NaN,NaN,NaN,null,15.381,0.05,Cutr03,15.137,0.168,Cutr03,15.216,0.168,Cutr03,null,NaN,NaN,NaN,NaN,NaN,NaN,15.13,0.03,Knap04,15.39,0.03,Knap04,15.34,0.03,Knap04,CWISE J024313.38-245332.8,14.666,0.017,Maro21,12.968,0.01,Maro21,11.488,0.142,Cutr13,9.196,NaN,Cutr13,13.952,0.019,12.976,0.017,Kirk19,94,4,Vrba04,null,null,null,null,T5.5,Pine16,T6,Burg06b,25.5,26,26,10.6,0.5,dist_plx_formula,0.5,80.0; 158.0; 37.0; 61.0; 14.0; 53.0,Burg04b,ATMO 2020,20.1,1000,0.85,4.0,-5.18,0.06,FALSE,SM08,890,69,1.08,0.17,19.27,18.05,4.63,0.51
PSO J043.5395+02.3995,2MASS J02540788+0223563,Liu_11a; Scho11,null,null,Field,UCS+BANYAN,43.5319,2.3989,CatWISE,PSO J043.5399+02.3996,NaN,NaN,null,NaN,NaN,null,NaN,NaN,null,20.886,0.03,Cham16,18.956,0.049,Cham16,2MASS J02540788+0223563,NaN,NaN,NaN,NaN,NaN,NaN,null,16.557,0.156,Cutr03,15.884,NaN,Cutr03,16.006,NaN,Cutr03,ULAS J025409.58+022358.7,15.916,0.009,16.292,0.021,16.732,0.052,15.918,0.01,Schn23b,16.292,0.021,Lawr12,16.705,0.066,Schn23b,CWISE J025410.57+022359.8,15.75,0.036,Maro21,12.74,0.011,Maro21,11.357,0.139,Cutr13,9.275,NaN,Cutr13,14.689,0.021,12.703,0.017,Kirk11,146.1,1.5,Kirk19,null,null,null,null,null,null,T8,Liu_11a,NaN,28,28,6.84,0.07,dist_plx_formula,0.5,29.0; 77.0; 11.0; 36.0; 2.0; 19.0,Kirk11,ATMO 2020,17.6,700,0.84,5.0,-5.81,0.08,FALSE,SM08,608,37,1.11,0.13,11.80,12.48,4.39,0.46
2MASS J02572581-3105523,2MASS J02572581-3105523,Kirk08,null,null,Field,UCS+BANYAN,44.3577,-31.0978,Gaia23,PSO J044.3600-31.0966,NaN,NaN,null,NaN,NaN,null,20.209,0.03,Cham16,17.765,0.011,Cham16,NaN,NaN,null,2MASS J02572581-3105523,21.3182,0.1360,19.9137,0.0039,18.2440,0.0156,Gaia23,14.672,0.039,Cutr03,13.518,0.032,Cutr03,12.876,0.032,Cutr03,VIKING J025726.41-310548.09,NaN,NaN,NaN,NaN,NaN,NaN,14.593,0.039,Best21,13.598,0.032,Best21,12.868,0.032,Best21,CWISE J025726.65-310546.3,12.073,0.013,Maro21,11.659,0.006,Maro21,10.565,0.073,Cutr13,8.925,NaN,Cutr13,NaN,NaN,NaN,NaN,null,102.7,0.5,Gaia23,null,null,null,null,L8,Kirk08,L8:,Maro13,18,18,18,9.74,0.05,dist_plx_formula,0.8,48.0; 56.0; 50.0; 51.0; 53.0; 51.0,Sieg07b,BT-Settl,15.3,1500,0.70,5.5,-4.64,0.06,FALSE,SM08,1219,97,1.07,0.17,27.72,22.20,4.80,0.49
2MASS J03140344+1603056,2MASS J03140344+1603056,Reid08b,UMaMG,Seif10,FLD-G,Alle13a,48.5143,16.0515,Gaia23,PSO J048.5134+16.0513,21.08,0.028,Cham16,19.111,0.012,Cham16,16.797,0.004,Cham16,15.366,0.004,Cham16,14.386,0.004,Cham16,2MASS J03140344+1603056,20.5114,0.0918,17.2427,0.0035,15.6699,0.0059,Gaia23,12.526,0.024,Cutr03,11.823,0.021,Cutr03,11.238,0.021,Cutr03,null,NaN,NaN,NaN,NaN,NaN,NaN,12.41,0.01,Dye_18,11.868,0.021,Best21,11.208,0.021,Best21,CWISE J031403.18+160304.7,10.932,0.014,Maro21,10.676,0.009,Maro21,10.061,0.06,Cutr13,8.607,NaN,Cutr13,NaN,NaN,NaN,NaN,null,72.63,0.19,Gaia23,null,null,FLD-G,Alle13a,L0,Reid08b,L0: FLD-G,Alle13a,10,10,10,13.77,0.04,dist_plx_formula,0.5,335.0; 578.0; 528.0; 525.0; 416.0; 420.0,Bard14,BT-Settl,118.0,1800,1.64,5.5,-3.58,0.02,TRUE,BHAC15,1926,94,1.44,0.14,19.27,12.49,4.38,0.27
WISE J040137.21+284951.7,2MASS J04013766+2849529,Cast13,null,null,Field,UCS+BANYAN,60.4066,28.8313,Gaia23,PSO J060.4048+28.8309,NaN,NaN,null,20.31,0.045,Cham16,18.084,0.005,Cham16,16.567,0.007,Cham16,15.561,0.005,Cham16,2MASS J04013766+2849529,21.4366,0.1565,18.5580,0.0066,16.8704,0.0073,Gaia23,13.413,0.02,Cutr03,12.43,0.021,Cutr03,11.817,0.021,Cutr03,null,NaN,NaN,NaN,NaN,NaN,NaN,13.34,0.02,Best20,12.502,0.021,Best21,11.797,0.021,Best21,CWISE J040137.03+284950.9,11.293,0.02,Maro21,11.018,0.019,Maro21,10.732,0.123,Cutr13,8.64,NaN,Cutr13,11.509,0.01,NaN,NaN,Kirk21,80.38,0.21,Gaia23,null,null,null,null,L3,Cast13,L2.5,Cast13,13,12.5,13,12.44,0.03,dist_plx_formula,0.8,117.0; 261.0; 242.0; 234.0; 189.0; 198.0,Sang23,BT-Settl,83.1,1800,1.03,5.5,-4.00,0.02,TRUE,SM08,1785,176,1.04,0.20,59.12,24.26,5.15,0.43
2MASSI J0415195-093506,2MASSI J0415195-093506,Burg02a,null,null,Field,UCS+BANYAN,63.8324,-9.5851,CatWISE,PSO J063.8387-09.5834,NaN,NaN,null,NaN,NaN,null,NaN,NaN,null,NaN,NaN,null,18.483,0.094,Best18,2MASS J04151954-0935066,NaN,NaN,NaN,NaN,NaN,NaN,null,15.695,0.058,Cutr03,15.537,0.201,Cutr03,15.67,0.03,McMa13,null,NaN,NaN,NaN,NaN,NaN,NaN,15.32,0.03,Knap04,15.7,0.03,Knap04,15.83,0.03,Knap04,CWISE J041522.17-093457.1,15.148,0.026,Maro21,12.305,0.011,Maro21,11.093,0.125,Cutr13,8.24,NaN,Cutr13,14.256,0.019,12.374,0.017,Kirk19,175.2,1.7,Dupu12,null,null,null,null,T8,Burg03d,T8,Burg06b,28,28,28,5.71,0.06,dist_plx_formula,0.5,62.0; 135.0; 20.0; 62.0; 4.0; 41.0,Burg04b,ATMO 2020,26.8,800,0.65,4.5,-5.81,0.06,FALSE,SM08,609,37,1.11,0.13,11.88,12.57,4.39,0.46
2MASSI J0439010-235308,2MASS J04390101-2353083,Cruz03,null,null,FLD-G,Sang23,69.7542,-23.8857,Gaia23,PSO J069.7536-23.8863,NaN,NaN,null,21.444,0.082,Cham16,19.526,0.012,Cham16,17.506,0.007,Cham16,16.486,0.012,Cham16,2MASS J04390101-2353083,21.2080,0.1214,19.5443,0.0040,17.9365,0.0143,Gaia23,14.408,0.029,Cutr03,13.409,0.023,Cutr03,12.816,0.023,Cutr03,null,NaN,NaN,NaN,NaN,NaN,NaN,14.31,0.03,Fahe12,13.44,0.03,Fahe12,12.77,0.02,Fahe12,CWISE J043900.87-235310.7,12.043,0.011,Maro21,11.71,0.009,Maro21,11.074,0.121,Cutr13,8.805,NaN,Cutr13,11.676,0.01,11.704,0.016,Kirk21,80.7,0.4,Gaia23,null,null,FLD-G,Sang23,L6.5,Cruz03,L6,Burg10a,16.5,16,16.5,12.39,0.06,dist_plx_formula,0.5,44.0; 77.0; 121.0; 116.0; 69.0; 76.0,Burg07d,BT-Settl,32.4,1700,0.76,5.5,-4.37,0.03,FALSE,SM08,1287,44,1.31,0.09,10.50,9.03,4.33,0.23
2MASS J05002100+0330501,2MASS J05002100+0330501,Reid08b,null,null,FLD-G,Gagn15c,75.0875,3.5139,Gaia23,PSO J075.0875+03.5127,NaN,NaN,null,20.776,0.062,Cham16,18.582,0.008,Cham16,16.976,0.006,Cham16,15.926,0.004,Cham16,2MASS J05002100+0330501,21.6027,0.1374,18.9362,0.0038,17.2812,0.0079,Gaia23,13.669,0.024,Cutr03,12.683,0.024,Cutr03,12.062,0.024,Cutr03,null,NaN,NaN,NaN,NaN,NaN,NaN,13.597,0.024,Best21,12.763,0.024,Best21,12.042,0.024,Best21,CWISE J050021.02+033044.8,11.515,0.011,Maro21,11.255,0.009,Maro21,10.93,0.139,Cutr13,8.363,NaN,Cutr13,NaN,NaN,NaN,NaN,null,75.61,0.29,Gaia23,null,null,FLD-G,Gagn15c,L4,Reid08b,L4.2 FLD-G,Gagn15c,14,14.2,14,13.23,0.05,dist_plx_formula,0.5,146.0; 328.0; 298.0; 287.0; 239.0; 254.0,Bard14,BT-Settl,75.4,1800,0.99,5.0,-4.03,0.02,TRUE,SM08,1462,62,1.50,0.13,13.14,10.51,4.18,0.26
WISE J052126.29+102528.4,2MASS J05212615+1025328,Biha13,null,null,Field,UCS+BANYAN,80.3571,10.4267,PS1,PSO J080.3597+10.4243,NaN,NaN,null,NaN,NaN,null,NaN,NaN,null,19.49,0.042,Cham16,17.873,0.031,Cham16,2MASS J05212615+1025328,NaN,NaN,NaN,NaN,NaN,NaN,null,15.262,NaN,Cutr03,15.222,0.103,Cutr03,14.665,NaN,Cutr03,null,NaN,NaN,NaN,NaN,NaN,NaN,14.829,0.006,Schn23b,15.247,0.05,Schn23b;UCS_24,15.128,0.018,Schn23b,CWISE J052126.39+102525.8,14.398,0.038,Maro21,12.383,0.023,Maro21,10.296,0.084,Cutr13,8.956,0.533,Cutr13,NaN,NaN,12.42,0.016,Kirk21,150,3,Kirk21,null,null,null,null,null,null,T7.5,Biha13,NaN,27.5,27.5,6.67,0.13,dist_plx_formula,0.8,38.0; 61.0; 10.0; 25.0; 4.0; 28.0,Zhan21d,ATMO 2020,12.1,800,0.99,3.5,-5.43,0.06,FALSE,SM08,764,55,1.09,0.16,15.67,16.11,4.53,0.50
2MASS J05591914-1404488,2MASS J05591914-1404488,Burg00c,over-L;binary?,Dahn02;Liu08,Field,UCS+BANYAN,89.8299,-14.0803,Gaia23,PSO J089.8318-14.0814,NaN,NaN,null,NaN,NaN,null,NaN,NaN,null,18.019,0.007,Cham16,16.313,0.02,Cham16,2MASS J05591914-1404488,21.4364,0.2574,20.1553,0.0089,18.3487,0.0238,Gaia23,13.802,0.024,Cutr03,13.679,0.052,Cutr03,13.577,0.052,Cutr03,null,NaN,NaN,NaN,NaN,NaN,NaN,13.57,0.03,Legg02a,13.64,0.03,Legg02a,13.73,0.03,Legg02a,CWISE J055919.85-140454.8,13.42,0.018,Maro21,11.985,0.015,Maro21,10.605,0.089,Cutr13,8.74,NaN,Cutr13,12.67,0.03,11.93,0.02,Patt06,95.3,0.7,Gaia23,null,null,null,null,T5,Burg03d,T4.5,Burg06b,25,24.5,24.5,10.49,0.08,dist_plx_formula,0.5,70.0; 111.0; 38.0; 43.0; 21.0; 43.0,Burg06b,ATMO 2020,12.6,1200,1.18,5.0,-4.58,0.03,FALSE,SM08,1261,99,1.07,0.17,29.97,23.01,4.83,0.49
2MASS J06020638+4043588,2MASS J06020638+4043588,Loop07a,null,null,Field,UCS+BANYAN,90.5265,40.733,PS1,PSO J090.5276+40.7322,NaN,NaN,null,NaN,NaN,null,NaN,NaN,null,19.734,0.022,Cham16,18.001,0.035,Cham16,2MASS J06020638+4043588,NaN,NaN,NaN,NaN,NaN,NaN,null,15.544,0.067,Cutr03,15.592,0.162,Cutr03,15.166,0.162,Cutr03,null,NaN,NaN,NaN,NaN,NaN,NaN,15.3,0.007,Schn23b,15.415,0.05,Schn23b;UCS_24,15.476,0.02,Schn23b,CWISE J060206.71+404355.4,15.112,0.017,Maro21,13.543,0.012,Maro21,12.511,NaN,Cutr13,8.991,NaN,Cutr13,14.373,0.02,13.502,0.018,Kirk21,76,3,Kirk21,null,null,null,null,null,null,T4.5,Loop07a,NaN,24.5,24.5,13.2,0.5,dist_plx_formula,0.5,31.0; 87.0; 28.0; 36.0; 7.0; 25.0,Loop07a,ATMO 2020,12.8,1200,0.67,5.0,-5.08,0.05,FALSE,SM08,945,75,1.07,0.17,20.72,18.54,4.67,0.51
WISEP J060738.65+242953.4,2MASS J06073908+2429574,Cast12,null,null,Field,UCS+BANYAN,91.9126,24.4991,Gaia23,PSO J091.9109+24.4981,NaN,NaN,null,22.201,0.081,Cham16,20.075,0.008,Cham16,17.368,0.005,Cham16,16.299,0.006,Cham16,2MASS J06073908+2429574,22.1018,0.2714,19.5458,0.0055,17.8544,0.0162,Gaia23,14.22,0.03,Cutr03,13.04,0.03,Cutr03,12.47,0.022,Cutr03,null,NaN,NaN,NaN,NaN,NaN,NaN,14.122,0.03,Best21,13.122,0.03,Best21,12.46,0.022,Best21,CWISE J060738.42+242951.2,11.591,0.01,Maro21,11.017,0.008,Maro21,9.886,0.055,Cutr13,8.345,NaN,Cutr13,11.102,0.01,10.946,0.016,Kirk21,138.1,0.5,Gaia23,null,null,null,null,L8,Cast13,L9,Cast13,18,19,18,7.241,0.026,dist_plx_formula,0.5,197.0; 400.0; 409.0; 408.0; 296.0; 321.0,Thom13,BT-Settl,118.6,1500,0.65,5.5,-4.70,0.06,TRUE,SM08,1180,95,1.06,0.17,26.44,21.50,4.78,0.49
2MASS J06244595-4521548,2MASS J06244595-4521548,Reid08b,null,null,ARG?,UCS+BANYAN,96.1914,-45.3652,Gaia23,null,NaN,NaN,null,NaN,NaN,null,NaN,NaN,null,NaN,NaN,null,NaN,NaN,null,2MASS J06244595-4521548,21.5043,0.1142,19.8215,0.0051,18.2211,0.0216,Gaia23,14.48,0.029,Cutr03,13.335,0.026,Cutr03,12.595,0.026,Cutr03,null,NaN,NaN,NaN,NaN,NaN,NaN,14.36,0.03,Fahe12,13.38,0.03,Fahe12,12.55,0.03,Fahe12,CWISE J062445.89-452148.9,11.798,0.011,Maro21,11.47,0.008,Maro21,10.76,0.072,Cutr13,9.197,NaN,Cutr13,11.498,0.01,11.495,0.016,Kirk21,82,0.4,Gaia23,null,null,FLD-G,Sang23,L5:,Reid08b,L6,Maro13,15,16,15,12.2,0.06,dist_plx_formula,0.5,22.0; 107.0; 126.0; 102.0; 119.0; 137.0,Sieg07b,BT-Settl,16.4,1800,0.68,5.0,-4.36,0.02,FALSE,SM08,1279,6,1.34,0.01,10.78,0.27,4.18,0.01
WISEPA J062720.07-111428.8,2MASS J06272007-1114241,Kirk11,null,null,Field,Hsu_21;UCS+BANYAN,96.8337,-11.2401,PS1,PSO J096.8336-11.2412,NaN,NaN,null,NaN,NaN,null,NaN,NaN,null,19.989,0.031,Cham16,18.104,0.012,Cham16,2MASS J06272007-1114241,NaN,NaN,NaN,NaN,NaN,NaN,null,15.487,0.052,Cutr03,15.441,0.181,Cutr03,15.35,0.02,McMa13,null,NaN,NaN,NaN,NaN,NaN,NaN,15.24,0.01,McMa13,15.5,0.181,Best21,15.512,0.181,Best21,CWISE J062720.06-111429.6,14.98,0.017,Maro21,13.305,0.011,Maro21,11.53,0.211,Cutr13,8.49,NaN,Cutr13,14.27,0.019,13.324,0.018,Kirk11,75,4,Kirk19,null,null,null,null,null,null,T6,Kirk11,NaN,26,26,13.3,0.7,dist_plx_formula,0.5,37.0; 90.0; 21.0; 36.0; 5.0; 25.0,Kirk11,ATMO 2020,6.2,1000,1.00,4.0,-5.04,0.06,FALSE,SM08,966,77,1.07,0.17,21.00,18.70,4.68,0.50
2MASSI J0652307+471034,2MASS J06523073+4710348,Cruz03,null,null,FLD-G,Sang23,103.128,47.1764,Gaia23,PSO J103.1272+47.1768,NaN,NaN,null,20.681,0.086,Best18,18.618,0.005,Cham16,16.828,0.008,Cham16,15.755,0.006,Cham16,2MASS J06523073+4710348,21.3771,0.1718,18.8072,0.0043,17.1530,0.0111,Gaia23,13.511,0.023,Cutr03,12.384,0.02,Cutr03,11.694,0.02,Cutr03,null,NaN,NaN,NaN,NaN,NaN,NaN,13.356,0.002,Schn23b,12.473,0.02,Best21,11.63,0.002,Schn23b,CWISE J065230.53+471037.0,10.895,0.019,Maro21,10.522,0.014,Maro21,9.844,0.052,Cutr13,8.918,0.514,Cutr13,10.5,0.01,10.5,0.01,Patt06,109.77,0.28,Gaia23,null,null,FLD-G,Sang23,L4.5,Cruz03,L6.5,Burg10a,14.5,16.5,14.5,9.11,0.023,dist_plx_formula,0.5,77.0; 179.0; 286.0; 300.0; 201.0; 215.0,Burg10a,BT-Settl,30.3,1800,0.78,5.0,-4.23,0.02,FALSE,SM08,1373,51,1.34,0.10,11.82,10.13,4.31,0.24
2MASSI J0727182+171001,2MASSI J0727182+171001,Burg02a,null,null,Field,UCS+BANYAN,111.8265,17.1665,CatWISE,PSO J111.8305+17.1637,NaN,NaN,null,NaN,NaN,null,NaN,NaN,null,19.961,0.015,Cham16,18.156,0.017,Cham16,2MASS J07271824+1710012,NaN,NaN,NaN,NaN,NaN,NaN,null,15.6,0.061,Cutr03,15.756,0.194,Cutr03,15.556,0.194,Cutr03,null,NaN,NaN,NaN,NaN,NaN,NaN,15.21,0.006,Schn23b,15.67,0.03,Knap04,15.628,0.023,Schn23b,CWISE J072719.63+170946.6,15.179,0.019,Maro21,12.988,0.01,Maro21,11.924,0.309,Cutr13,8.237,NaN,Cutr13,14.461,0.02,13.016,0.017,Kirk19,112.5,0.9,Dupu12,null,null,null,null,T8,Burg03d,T7,Burg06b,28,27,27,8.89,0.07,dist_plx_formula,0.5,40.0; 90.0; 18.0; 37.0; 7.0; 34.0,Burg06c,ATMO 2020,14.3,900,0.84,4.5,-5.39,0.05,FALSE,SM08,782,57,1.09,0.16,16.06,16.43,4.54,0.51
2MASS J07290002-3954043,2MASS J07290002-3954043,Loop07a,lowZ?,Loop07a,Field,UCS+BANYAN,112.2501,-39.9008,CatWISE,null,NaN,NaN,null,NaN,NaN,null,NaN,NaN,null,NaN,NaN,null,NaN,NaN,null,2MASS J07290002-3954043,NaN,NaN,NaN,NaN,NaN,NaN,null,15.92,0.077,Cutr03,15.979,0.183,Cutr03,15.29,NaN,Cutr03,null,NaN,NaN,NaN,NaN,NaN,NaN,15.658,0.077,Best21,16.053,0.095,Best21,16.504,0.097,Best21,CWISE J072859.24-395337.2,15.581,0.022,Maro21,13.002,0.007,Maro21,11.366,0.119,Cutr13,9.09,NaN,Cutr13,14.47,0.01,12.95,0.01,Burn13,126,8,Fahe12,null,null,null,null,null,null,T8 pec,Loop07a,NaN,28,28,7.9,0.5,dist_plx_formula,0.5,16.0; 41.0; 7.0; 16.0; 1.0; 6.0,Loop07a,ATMO 2020,17.2,600,1.65,4.0,-5.49,0.12,FALSE,SM08,735,53,1.10,0.15,14.93,15.52,4.51,0.49
SDSS J074149.15+235127.5,2MASS J07414920+2351275,Knap04,null,null,Field,UCS+BANYAN,115.4549,23.8578,PS1,PSO J115.4539+23.8569,NaN,NaN,null,NaN,NaN,null,NaN,NaN,null,20.643,0.067,Cham16,18.704,0.027,Cham16,2MASS J07414920+2351275,NaN,NaN,NaN,NaN,NaN,NaN,null,16.158,0.101,Cutr03,15.838,NaN,Cutr03,15.847,NaN,Cutr03,ULAS J074149.18+23512.78,15.893,0.005,16.104,0.023,16.277,0.037,15.886,0.005,Lawr12,16.104,0.023,Lawr12,16.277,0.037,Lawr12,CWISE J074148.88+235124.3,15.824,0.027,Maro21,14.114,0.017,Maro21,11.843,NaN,Cutr13,8.343,NaN,Cutr13,15.024,0.022,14.031,0.019,Kirk21,73,3,Kirk21,null,null,null,null,null,null,T5,Burg06b,NaN,25,25,13.7,0.6,dist_plx_formula,0.5,32.0; 90.0; 22.0; 32.0; 7.0; 23.0,Burg10a,ATMO 2020,5.8,1100,0.62,5.0,-5.30,0.05,FALSE,SM08,828,63,1.08,0.16,17.59,17.18,4.59,0.51
SDSS J075840.33+324723.4,2MASS J07584037+3247245,Knap04,specblend?,Burg10a;Bard15,Field,UCS+BANYAN,119.6681,32.79,Gaia23,PSO J119.6673+32.7889,NaN,NaN,null,NaN,NaN,null,NaN,NaN,null,18.707,0.015,Cham16,17.179,0.018,Cham16,2MASS J07584037+3247245,21.9165,0.1741,20.9046,0.0194,19.0547,0.0770,Gaia23,14.947,0.045,Cutr03,14.111,0.057,Cutr03,13.879,0.057,Cutr03,null,NaN,NaN,NaN,NaN,NaN,NaN,14.72,0.005,Schn23b,14.21,0.04,Pena15,13.775,0.006,Schn23b,CWISE J075840.07+324718.8,13.063,0.013,Maro21,12.198,0.009,Maro21,10.67,0.099,Cutr13,8.625,NaN,Cutr13,12.41,0.01,12.13,0.01,Legg07,91.9,1.7,Gaia23,null,null,null,null,T3,Pine16,T2,Burg06b,23,22,22,10.88,0.2,dist_plx_formula,0.5,92.0; 206.0; 139.0; 141.0; 90.0; 119.0,Burg08c,BT-Settl,80.1,1400,0.67,5.5,-4.81,0.06,TRUE,SM08,1107,91,1.06,0.17,24.51,20.19,4.75,0.49
WISEPA J081958.05-033529.0,2MASS J08195820-0335266,Kirk11,specblend?;BPMG?,Zhan21a,BPMG?,UCS+BANYAN,124.9924,-3.5908,PS1,PSO J124.9917-03.5913,NaN,NaN,null,NaN,NaN,null,NaN,NaN,null,19.113,0.014,Cham16,17.42,0.007,Cham16,2MASS J08195820-0335266,NaN,NaN,NaN,NaN,NaN,NaN,null,14.991,0.044,Cutr03,14.638,0.105,Cutr03,14.6,0.01,McMa13,null,NaN,NaN,NaN,NaN,NaN,NaN,14.78,0.02,Best20,14.595,0.054,Best21,14.64,0.054,Best21,CWISE J081957.98-033529.3,14.294,0.015,Maro21,13.074,0.011,Maro21,12.314,0.488,Cutr13,8.499,NaN,Cutr13,13.608,0.018,13.071,0.017,Kirk11,71.4,2.2,Kirk21,null,null,null,null,T4,Pine16,T4,Kirk11,24,24,24,14,0.4,dist_plx_formula,0.5,41.0; 99.0; 46.0; 60.0; 16.0; 35.0,Kirk11,ATMO 2020,11.3,1200,0.96,4.0,-4.76,0.04,FALSE,SM08,1011,10,1.36,0.01,5.85,0.43,3.92,0.04
2MASSI J0825196+211552,2MASSI J0825196+211552,Kirk00,null,null,Field,UCS+BANYAN,126.3317,21.2643,Gaia23,PSO J126.3298+21.2632,NaN,NaN,null,NaN,NaN,null,20.592,0.02,Cham16,18.273,0.022,Cham16,17.219,0.011,Cham16,2MASS J08251968+2115521,21.2856,0.2014,20.4201,0.0081,18.7590,0.0322,Gaia23,15.1,0.034,Cutr03,13.792,0.026,Cutr03,13.028,0.026,Cutr03,null,NaN,NaN,NaN,NaN,NaN,NaN,15.014,0.005,Schn23b,13.81,0.03,Legg02a,12.982,0.003,Schn23b,CWISE J082518.97+211546.1,12.2,0.012,Maro21,11.677,0.009,Maro21,10.509,0.096,Cutr13,8.701,NaN,Cutr13,11.7,0.03,11.59,0.01,Patt06,92.6,0.8,Gaia23,null,null,null,null,L7.5,Kirk00,L7 pec,Knap04,17.5,17,17.5,10.8,0.09,dist_plx_formula,0.5,82.0; 120.0; 193.0; 175.0; 148.0; 168.0,Burg10a,BT-Settl,45.1,1700,0.57,4.5,-4.63,0.02,FALSE,SM08,1225,98,1.07,0.17,27.50,22.58,4.79,0.49
SDSSp J083008.12+482847.4,2MASS J08300825+4828482,Geba02,null,null,Field,UCS+BANYAN,127.534,48.4799,Gaia23,PSO J127.5288+48.4772,NaN,NaN,null,NaN,NaN,null,21.136,0.115,Best18,18.512,0.007,Cham16,17.459,0.013,Cham16,2MASS J08300825+4828482,21.5852,0.2801,20.7288,0.0122,19.0489,0.0771,Gaia23,15.444,0.048,Cutr03,14.343,0.038,Cutr03,13.676,0.038,Cutr03,null,NaN,NaN,NaN,NaN,NaN,NaN,15.22,0.03,Legg02a,14.4,0.03,Legg02a,13.727,0.005,Schn23b,CWISE J083006.40+482834.3,13.114,0.009,Maro21,12.678,0.007,Maro21,11.598,0.256,Cutr13,8.677,NaN,Cutr13,12.402,0.01,12.499,0.016,Kirk21,80.6,2.1,Gaia23,null,null,null,null,L8,Kirk08,L9:,Geba02,18,19,18,12.4,0.3,dist_plx_formula,0.5,60.0; 120.0; 101.0; 94.0; 104.0; 115.0,Burg08c,BT-Settl,40.9,1400,0.70,3.5,-4.75,0.09,FALSE,SM08,1147,94,1.07,0.17,25.36,20.84,4.76,0.49
2MASSI J0835425-081923,2MASS J08354256-0819237,Cruz03,lowg?,Liu_16,FLD-G,Sang23,128.9272,-8.3232,Gaia23,PSO J128.9254-08.3221,NaN,NaN,null,20.388,0.028,Cham16,18.24,0.01,Cham16,16.496,0.004,Cham16,15.453,0.005,Cham16,2MASS J08354256-0819237,NaN,NaN,NaN,NaN,16.8473,0.0094,Gaia23,13.169,0.024,Cutr03,11.938,0.021,Cutr03,11.136,0.021,Cutr03,null,NaN,NaN,NaN,NaN,NaN,NaN,13.04,0.02,Fahe12,11.99,0.02,Fahe12,11.08,0.02,Fahe12,CWISE J083541.88-081918.0,10.613,0.016,Maro21,10.234,0.01,Maro21,9.472,0.039,Cutr13,8.402,NaN,Cutr13,10.06,0.03,10.06,0.02,Patt06,138.31,0.21,Gaia23,null,null,low?,Liu_16,L5,Cruz03,L4 pec,Gagn15c,15,14,15,7.23,0.011,dist_plx_formula,0.5,28.0; 67.0; 215.0; 289.0; 104.0; 100.0,Burg10a,BT-Settl,23.0,1700,0.87,4.5,-4.24,0.02,FALSE,SM08,1374,52,1.33,0.10,11.75,9.45,4.32,0.24
SDSSp J085758.45+570851.4,2MASS J08575849+5708514,Geba02,null,null,Field,UCS+BANYAN,134.4936,57.1476,Gaia23,PSO J134.4913+57.1464,NaN,NaN,null,NaN,NaN,null,20.853,0.069,Cham16,18.203,0.018,Cham16,17.169,0.01,Cham16,2MASS J08575849+5708514,21.4832,0.1926,20.4464,0.0066,18.7701,0.0346,Gaia23,15.038,0.04,Cutr03,13.79,0.03,Cutr03,12.962,0.03,Cutr03,null,NaN,NaN,NaN,NaN,NaN,NaN,14.845,0.005,Schn23b,13.885,0.03,Best21,12.953,0.003,Schn23b,CWISE J085757.60+570844.6,12.109,0.012,Maro21,11.525,0.008,Maro21,10.317,0.063,Cutr13,8.639,0.353,Cutr13,11.62,0.01,11.44,0.02,Patt06,72.7,0.7,Gaia23,null,null,null,null,L8,Kirk08,L8:,Geba02,18,18,18,13.76,0.13,dist_plx_formula,0.5,54.0; 134.0; 133.0; 118.0; 131.0; 156.0,Burg10a,BT-Settl,30.7,1700,0.75,4.5,-4.38,0.02,FALSE,SM08,1419,119,1.06,0.18,42.04,24.08,4.98,0.48
2MASSI J0908380+503208,2MASS J09083803+5032088,Cruz03,null,null,FLD-G,Sang23,137.1584,50.5356,Gaia23,PSO J137.1562+50.5340,NaN,NaN,null,21.831,0.019,Cham16,19.98,0.005,Cham16,17.622,0.004,Cham16,16.578,0.006,Cham16,2MASS J09083803+5032088,21.6244,0.1782,19.7630,0.0049,18.1033,0.0193,Gaia23,14.549,0.023,Cutr03,13.477,0.027,Cutr03,12.945,0.027,Cutr03,null,NaN,NaN,NaN,NaN,NaN,NaN,14.401,0.004,Schn23b,13.555,0.027,Best21,12.908,0.003,Schn23b,CWISE J090837.25+503200.0,12.126,0.012,Maro21,11.705,0.01,Maro21,10.748,0.114,Cutr13,9.036,NaN,Cutr13,11.67,0.02,11.66,0.01,Patt06,95.9,0.5,Gaia23,null,null,FLD-G,Sang23,L5,Cruz03,L9:,Knap04,15,19,15,10.43,0.05,dist_plx_formula,0.5,31.0; 74.0; 128.0; 136.0; 88.0; 89.0,Sieg07b,BT-Settl,41.5,1800,0.52,5.5,-4.60,0.02,FALSE,SM08,1120,37,1.32,0.09,8.66,7.91,4.11,0.26
WISE J092055.40+453856.3,2MASS J09205549+4539058,Mace13a,null,null,Field,UCS+BANYAN,140.2312,45.6514,Gaia23,PSO J140.2308+45.6487,NaN,NaN,null,NaN,NaN,null,21.524,0.077,Cham16,18.472,0.027,Cham16,17.221,0.017,Cham16,2MASS J09205549+4539058,21.1710,0.2249,20.6683,0.0115,19.0089,0.0555,Gaia23,15.223,0.052,Cutr03,14.164,0.05,Cutr03,13.728,0.05,Cutr03,null,NaN,NaN,NaN,NaN,NaN,NaN,14.969,0.005,Schn23b,14.193,0.018,Best13,13.721,0.004,Schn23b,CWISE J092055.34+453850.2,13.13,0.012,Maro21,12.491,0.01,Maro21,10.993,0.129,Cutr13,8.943,NaN,Cutr13,12.576,0.01,12.436,0.016,Kirk21,81.3,1.5,Gaia23,null,null,null,null,null,null,L9.5,Best13,NaN,19.5,19.5,12.3,0.23,dist_plx_formula,0.8,71.0; 140.0; 106.0; 102.0; 85.0; 101.0,Best13,BT-Settl,71.8,1800,0.45,5.5,-4.73,0.03,TRUE,SM08,1164,93,1.06,0.17,26.23,20.88,4.78,0.49
2MASSI J0937347+293142,2MASSI J0937347+293142,Burg02a,lowZ?,Burg03d,Field,UCS+BANYAN,144.3952,29.5282,CatWISE,PSO J144.3989+29.5236,NaN,NaN,null,NaN,NaN,null,NaN,NaN,null,19.018,0.068,Cham16,17.023,0.021,Cham16,2MASS J09373487+2931409,NaN,NaN,NaN,NaN,NaN,NaN,null,14.648,0.036,Cutr03,14.703,0.13,Cutr03,15.267,0.13,Cutr03,null,NaN,NaN,NaN,NaN,NaN,NaN,14.305,0.004,Schn23b,14.67,0.03,Knap04,15.415,0.016,Schn23b,CWISE J093735.98+293120.8,14.093,0.012,Maro21,11.674,0.007,Maro21,10.696,0.101,Cutr13,8.373,NaN,Cutr13,13.156,0.017,11.692,0.017,Kirk19,163.4,1.8,Schi09,null,null,null,null,T7,Burg03d,T6 pec,Burg06b,27,26,26,6.12,0.07,dist_plx_formula,0.5,50.0; 124.0; 33.0; 46.0; 10.0; 14.0,Burg06c,ATMO 2020,48.9,900,0.87,5.5,-5.34,0.06,FALSE,SM08,807,61,1.09,0.16,17.07,16.92,4.58,0.52
2MASS J09393548-2448279,2MASS J09393548-2448279,Tinn05b,lowZ?;over-L,Burg06c;Burg08d;Legg09;Kirk19,Field,UCS+BANYAN,144.8979,-24.8077,CatWISE,PSO J144.8997-24.8109,NaN,NaN,null,NaN,NaN,null,NaN,NaN,null,20.341,0.105,Cham16,18.464,0.062,Cham16,2MASS J09393548-2448279,NaN,NaN,NaN,NaN,NaN,NaN,null,15.98,0.106,Cutr03,15.797,NaN,Cutr03,16.83,0.08,McMa13,null,NaN,NaN,NaN,NaN,NaN,NaN,15.61,0.09,Legg09,15.96,0.09,Legg09,16.83,0.09,Legg09,CWISE J093936.13-244844.3,14.924,0.018,Maro21,11.618,0.008,Maro21,10.667,0.086,Cutr13,8.99,NaN,Cutr13,13.773,0.018,11.62,0.016,Kirk19,187,5,Burg08d,null,null,null,null,T8,Pine16,T8,Burg06b,28,28,28,5.35,0.14,dist_plx_formula,0.5,39.0; 42.0; 15.0; 32.0; 3.0; 8.0,Burg06b,ATMO 2020,12.8,600,1.29,5.5,-5.73,0.16,FALSE,SM08,639,43,1.11,0.14,12.51,13.45,4.42,0.47
2MASSI J1047538+212423,2MASSW J1047539+212423,Burg99,null,null,Field,UCS+BANYAN,161.9735,21.4063,CatWISE,PSO J161.9678+21.4047,NaN,NaN,null,NaN,NaN,null,NaN,NaN,null,20.113,0.133,Best18,18.37,0.019,Cham16,2MASS J10475385+2124234,NaN,NaN,NaN,NaN,NaN,NaN,null,15.819,0.059,Cutr03,15.797,NaN,Cutr03,16.408,NaN,Cutr03,null,NaN,NaN,NaN,NaN,NaN,NaN,15.458,0.008,Schn23b,15.83,0.03,Legg02a,16.2,0.03,Legg02a,CWISE J104751.75+212414.7,15.35,0.017,Maro21,13.001,0.009,Maro21,11.864,0.312,Cutr13,9.009,NaN,Cutr13,14.409,0.02,12.998,0.017,Kirk19,95,4,Vrba04,null,null,null,null,T7,Burg03d,T6.5,Burg06b,27,26.5,26.5,10.5,0.4,dist_plx_formula,0.5,59.0; 146.0; 32.0; 58.0; 7.0; 34.0,Burg08c,ATMO 2020,22.1,1000,0.70,5.5,-5.36,0.06,FALSE,SM08,799,59,1.09,0.16,16.89,16.66,4.57,0.51
2MASS J11145133-2618235,2MASS J11145133-2618235,Tinn05b,null,null,Field,UCS+BANYAN,168.7131,-26.3066,CatWISE,PSO J168.7019-26.3079,NaN,NaN,null,NaN,NaN,null,NaN,NaN,null,20.396,0.046,Cham16,18.6,0.01,Cham16,2MASS J11145133-2618235,NaN,NaN,NaN,NaN,NaN,NaN,null,15.858,0.083,Cutr03,15.734,0.123,Cutr03,16.47,0.08,McMa13,null,NaN,NaN,NaN,NaN,NaN,NaN,15.65,0.01,McMa13,16.04,0.02,McMa13,16.54,0.05,Legg10a,CWISE J111447.51-261830.0,15.256,0.019,Maro21,12.304,0.007,Maro21,11.346,0.179,Cutr13,9.031,NaN,Cutr13,14.185,0.019,12.354,0.017,Kirk19,179.2,1.4,Dupu12,null,null,null,null,T8,Pine16,T7.5,Burg06b,28,27.5,27.5,5.58,0.04,dist_plx_formula,0.5,15.0; 24.0; 5.0; 15.0; 2.0; 6.0,Burg06c,ATMO 2020,9.3,700,0.83,5.5,-5.82,0.10,FALSE,SM08,606,38,1.11,0.13,11.95,12.46,4.40,0.45
2MASS J11220826-3512363,2MASS J11220826-3512363,Tinn05b,null,null,Field,UCS+BANYAN,170.5344,-35.2102,Gaia23,null,NaN,NaN,null,NaN,NaN,null,NaN,NaN,null,NaN,NaN,null,NaN,NaN,null,2MASS J11220826-3512363,21.6967,0.2636,20.9646,0.0186,19.1644,0.0426,Gaia23,15.019,0.039,Cutr03,14.358,0.066,Cutr03,14.383,0.066,Cutr03,null,NaN,NaN,NaN,NaN,NaN,NaN,14.83,0.01,McMa13,14.359,0.051,usyn24,14.347,0.051,usyn24,CWISE J112208.07-351240.4,13.906,0.014,Maro21,12.832,0.01,Maro21,11.787,0.278,Cutr13,8.595,NaN,Cutr13,13.221,0.01,12.787,0.016,Kirk21,75.4,1.6,Gaia23,null,null,null,null,null,null,T2,Burg06b,NaN,22,22,13.26,0.28,dist_plx_formula,0.5,52.0; 108.0; 60.0; 77.0; 33.0; 45.0,Burg06b,BT-Settl,36.6,1300,0.84,5.5,-4.73,0.03,FALSE,SM08,1161,93,1.06,0.17,25.80,20.86,4.77,0.48
2MASSW J1155395-372735,2MASS J11553952-3727350,Gizi02b,null,null,Field,UCS+BANYAN,178.9147,-37.4599,Gaia23,null,NaN,NaN,null,NaN,NaN,null,NaN,NaN,null,NaN,NaN,null,NaN,NaN,null,2MASS J11553952-3727350,20.8240,0.1108,17.6515,0.0032,16.0800,0.0052,Gaia23,12.811,0.024,Cutr03,12.04,0.021,Cutr03,11.462,0.021,Cutr03,null,NaN,NaN,NaN,NaN,NaN,NaN,12.73,0.02,Fahe12,12.07,0.03,Fahe12,11.43,0.02,Fahe12,CWISE J115539.59-372749.0,11.14,0.012,Maro21,10.837,0.008,Maro21,10.232,0.058,Cutr13,8.802,NaN,Cutr13,10.74,0.02,10.75,0.02,Patt06,84.73,0.15,Gaia23,null,null,null,null,L2,Gizi02b,L2.3,Bard14,12,12.3,12,11.802,0.021,dist_plx_formula,0.5,172.0; 350.0; 280.0; 269.0; 247.0; 245.0,Bard14,BT-Settl,43.1,1800,1.21,5.5,-3.85,0.02,FALSE,SM08,1949,190,1.04,0.20,65.05,24.22,5.19,0.41
2MASSI J1217110-031113,2MASS J12171110-0311131,Burg99,null,null,Field,UCS+BANYAN,184.2958,-3.1869,PS1,PSO J184.2921-03.1866,NaN,NaN,null,NaN,NaN,null,NaN,NaN,null,20.336,0.027,Cham16,18.543,0.019,Cham16,2MASS J12171110-0311131,NaN,NaN,NaN,NaN,NaN,NaN,null,15.86,0.061,Cutr03,15.748,NaN,Cutr03,15.887,NaN,Cutr03,ULAS J121710.26-031112.1,15.537,0.006,15.971,0.012,NaN,NaN,15.56,0.03,Legg02a,15.98,0.03,Legg02a,15.92,0.03,Legg02a,CWISE J121709.86-031111.8,15.425,0.022,Maro21,13.267,0.012,Maro21,11.704,0.264,Cutr13,8.964,NaN,Cutr13,14.753,0.021,13.286,0.018,Kirk19,91.7,2.2,Tinn03b; Kirk19,null,null,null,null,T7,Burg03d,T7.5,Burg06b,27,27.5,27.5,10.91,0.26,dist_plx_formula,0.5,21.0; 27.0; 8.0; 21.0; 3.0; 12.0,Burg06c,ATMO 2020,10.4,800,1.16,4.5,-5.31,0.06,FALSE,SM08,822,62,1.09,0.16,17.20,17.01,4.58,0.51
WISE J122152.28-313600.8,2MASS J12215175-3136054,Mace13a,null,null,Field,UCS+BANYAN,185.4657,-31.6014,CatWISE,null,NaN,NaN,null,NaN,NaN,null,NaN,NaN,null,NaN,NaN,null,NaN,NaN,null,2MASS J12215175-3136054,NaN,NaN,NaN,NaN,NaN,NaN,null,16.377,0.134,Cutr03,16.058,0.183,Cutr03,15.85,0.04,McMa13,null,NaN,NaN,NaN,NaN,NaN,NaN,15.813,0.012,McMa13,16.212,0.053,usyn24,15.954,0.053,usyn24,CWISE J122152.54-313558.6,15.748,0.024,Maro21,13.91,0.033,Maro21,12.116,0.327,Cutr13,8.841,NaN,Cutr13,15.09,0.023,13.891,0.018,Mace13a,76.8,2.2,Kirk21,null,null,null,null,null,null,T6.5,Mace13a,NaN,26.5,26.5,13,0.4,dist_plx_formula,0.5,17.0; 44.0; 7.0; 11.0; 2.0; 13.0,Mace13a,ATMO 2020,3.8,1000,0.74,4.5,-5.31,0.05,FALSE,SM08,822,62,1.09,0.16,16.95,16.96,4.57,0.51
2MASS J12373919+6526148,2MASS J12373919+6526148,Burg99,null,null,Field,UCS+BANYAN,189.4129,65.4373,CatWISE,PSO J189.4048+65.4354,NaN,NaN,null,NaN,NaN,null,NaN,NaN,null,NaN,NaN,null,18.429,0.039,Cham16,2MASS J12373919+6526148,NaN,NaN,NaN,NaN,NaN,NaN,null,16.053,0.086,Cutr03,15.739,0.145,Cutr03,16.058,NaN,Cutr03,null,NaN,NaN,NaN,NaN,NaN,NaN,15.56,0.1,Legg10a,15.94,0.1,Legg10a,16.4,0.1,Legg10a,CWISE J123736.29+652604.7,15.474,0.019,Maro21,12.981,0.01,Maro21,11.939,0.224,Cutr13,8.868,NaN,Cutr13,14.429,0.02,12.945,0.017,Kirk19,96,5,Vrba04,null,null,null,null,T7,Burg03d,T6.5,Burg06b,27,26.5,26.5,10.4,0.5,dist_plx_formula,0.5,47.0; 103.0; 19.0; 43.0; 5.0; 18.0,Lieb07,ATMO 2020,8.3,900,0.84,5.5,-5.38,0.08,FALSE,SM08,788,59,1.09,0.16,16.59,16.63,4.56,0.51
SDSSp J125453.90-012247.4,2MASS J12545393-0122474,Legg00b,null,null,Field,UCS+BANYAN,193.7246,-1.3798,Gaia23,PSO J193.7228-01.3794,NaN,NaN,null,NaN,NaN,null,NaN,NaN,null,18.703,0.063,Cham16,17.146,0.012,Cham16,2MASS J12545393-0122474,21.6986,0.2102,20.8367,0.0130,19.0115,0.0780,Gaia23,14.891,0.035,Cutr03,14.09,0.054,Cutr03,13.837,0.054,Cutr03,ULAS J125453.59-012246.2,14.667,0.003,14.136,0.003,13.886,0.005,14.667,0.003,Lawr12,14.136,0.003,Lawr12,13.886,0.005,Lawr12,CWISE J125453.41-012245.6,13.297,0.012,Maro21,12.431,0.009,Maro21,10.972,0.137,Cutr13,8.355,NaN,Cutr13,12.63,0.01,12.39,0.01,Patt06,74.2,2.3,Gaia23,null,null,null,null,T2,Burg03d,T2,Burg06b,22,22,22,13.5,0.4,dist_plx_formula,0.5,47.0; 96.0; 69.0; 71.0; 42.0; 57.0,Burg04b,BT-Settl,36.9,1400,0.83,5.5,-4.63,0.07,FALSE,SM08,1230,99,1.07,0.17,28.27,22.42,4.81,0.49
2MASSW J1300425+191235,2MASSI J1300425+191235,Gizi00c,null,null,Field,UCS+BANYAN,195.1771,19.2096,Gaia23,PSO J195.1739+19.2050,21.751,0.111,Cham16,19.541,0.042,Cham16,17.156,0.005,Cham16,15.519,0.001,Cham16,14.562,0.004,Cham16,2MASS J13004255+1912354,20.8753,0.1278,17.4910,0.0032,15.8817,0.0055,Gaia23,12.717,0.022,Cutr03,12.08,0.02,Cutr03,11.624,0.02,Cutr03,null,NaN,NaN,NaN,NaN,NaN,NaN,12.603,0.002,Schn23b,12.159,0.02,Best21,11.581,0.001,Schn23b,CWISE J130041.62+191215.2,11.295,0.008,Maro21,11.009,0.007,Maro21,10.375,0.084,Cutr13,8.731,NaN,Cutr13,10.96,0.02,11,0.03,Patt06,72.14,0.16,Gaia23,null,null,null,null,L1,Gizi00c,L3 (blue),Burg08b,11,13,11,13.86,0.03,dist_plx_formula,0.5,64.0; 140.0; 113.0; 108.0; 86.0; 91.0,Bard14,BT-Settl,22.7,2300,0.86,4.0,-3.75,0.02,FALSE,BHAC15,2098,197,1.01,0.19,64.22,24.38,5.21,0.40
2MASS J13243553+6358281,2MASS J13243553+6358281,Loop07a,specblend;ABDor;young,Burg10a;Geis11;Gagn18a,ABDMG!,UCS+BANYAN,201.1479,63.9744,PS1,PSO J201.1452+63.9742,NaN,NaN,null,NaN,NaN,null,NaN,NaN,null,19.311,0.059,Cham16,17.872,0.048,Cham16,2MASS J13243553+6358281,NaN,NaN,NaN,NaN,NaN,NaN,null,15.596,0.067,Cutr03,14.576,0.06,Cutr03,14.058,0.06,Cutr03,null,NaN,NaN,NaN,NaN,NaN,NaN,15.435,0.067,Best21,14.677,0.06,Best21,14.082,0.06,Best21,CWISE J132434.67+635827.1,13.112,0.012,Maro21,12.318,0.008,Maro21,10.781,0.068,Cutr13,9.295,NaN,Cutr13,12.612,0.01,12.359,0.016,Kirk21,100,6,Kirk21,null,null,null,null,null,null,T2.5 pec,Kirk10,NaN,22.5,22.5,10,0.6,dist_plx_formula,0.5,28.0; 56.0; 47.0; 46.0; 35.0; 48.0,Loop07a,BT-Settl,20.0,1200,0.70,4.0,-5.03,0.08,FALSE,SM08,917,15,1.20,0.01,11.25,0.55,4.30,0.02
DENIS-P J142527.97-365023.4,2MASS J14252798-3650229,Kend04,ABDor;lowg;young,Gagn15c,ABDMG!,UCS+BANYAN,216.3666,-36.8398,Gaia23,null,NaN,NaN,null,NaN,NaN,null,NaN,NaN,null,NaN,NaN,null,NaN,NaN,null,2MASS J14252798-3650229,21.1211,0.2072,18.9567,0.0098,17.3940,0.0135,Gaia23,13.747,0.028,Cutr03,12.575,0.027,Cutr03,11.805,0.027,Cutr03,null,NaN,NaN,NaN,NaN,NaN,NaN,13.63,0.01,McMa13,12.666,0.027,Best21,11.775,0.027,Best21,CWISE J142527.56-365031.4,11.197,0.01,Maro21,10.743,0.008,Maro21,10.019,0.047,Cutr13,9.276,NaN,Cutr13,10.765,0.01,10.584,0.016,Kirk21,84.4,0.3,Gaia23,null,null,INT-G,Gagn15c,L3:,Reid08b,L3.1 INT-G,Gagn15c,13,13.1,13,11.85,0.04,dist_plx_formula,0.5,108.0; 269.0; 278.0; 256.0; 294.0; 300.0,Bard14,BT-Settl,45.4,1800,0.94,5.0,-4.08,0.02,FALSE,SM08,1613,14,1.16,0.02,32.10,1.98,4.79,0.04
2MASS J15031961+2525196,2MASS J15031961+2525196,Burg03a,null,null,Field,UCS+BANYAN,225.8317,25.4222,Gaia23,PSO J225.8320+25.4239,NaN,NaN,null,NaN,NaN,null,21.688,0.084,Cham16,18.195,0.015,Cham16,16.458,0.009,Cham16,2MASS J15031961+2525196,21.8056,0.2087,20.3001,0.0098,18.5233,0.0333,Gaia23,13.937,0.024,Cutr03,13.856,0.059,Cutr03,13.963,0.059,Cutr03,null,NaN,NaN,NaN,NaN,NaN,NaN,13.621,0.003,Schn23b,13.9,0.03,Knap04,14.072,0.007,Schn23b,CWISE J150319.71+252528.3,13.325,0.011,Maro21,11.714,0.008,Maro21,10.709,0.071,Cutr13,9.362,NaN,Cutr13,12.792,0.017,11.744,0.017,Kirk19,155.8,0.8,Gaia23,null,null,null,null,T6,Burg03d,T5,Burg06b,26,25,25,6.42,0.03,dist_plx_formula,0.5,87.0; 144.0; 54.0; 75.0; 25.0; 55.0,Burg04b,ATMO 2020,23.0,1100,0.81,5.0,-5.07,0.03,FALSE,SM08,953,76,1.07,0.17,21.38,18.71,4.69,0.51
2MASSW J1506544+132106,2MASSW J1506544+132106,Gizi00c,null,null,FLD-G,Sang23,226.7264,13.3517,Gaia23,PSO J226.7228+13.3516,NaN,NaN,null,20.269,0.018,Cham16,18.015,0.011,Cham16,16.495,0.002,Cham16,15.509,0.001,Cham16,2MASS J15065441+1321060,21.6488,0.3640,18.3873,0.0040,16.8001,0.0109,Gaia23,13.365,0.023,Cutr03,12.38,0.019,Cutr03,11.741,0.019,Cutr03,null,NaN,NaN,NaN,NaN,NaN,NaN,13.211,0.002,Schn23b,12.459,0.019,Best21,11.71,0.002,Schn23b,CWISE J150653.09+132105.8,11.228,0.009,Maro21,10.91,0.007,Maro21,10.491,0.062,Cutr13,8.943,NaN,Cutr13,10.86,0.02,10.85,0.06,Patt06,85.43,0.19,Gaia23,null,null,FLD-G,Sang23,L3,Gizi00c,L4,Burg10a,13,14,13,11.705,0.026,dist_plx_formula,0.5,52.0; 129.0; 107.0; 99.0; 98.0; 105.0,Burg07d,BT-Settl,46.6,1800,1.01,5.5,-4.02,0.02,FALSE,SM08,1519,70,1.41,0.13,13.55,10.82,4.20,0.27
2MASSW J1507476-162738,2MASSW J1507476-162738,Reid00a,null,null,FLD-G,Sang23,226.9487,-16.4611,Gaia23,PSO J226.9481-16.4637,NaN,NaN,null,19.948,0.007,Cham16,17.873,0.006,Cham16,15.997,0.004,Cham16,14.969,0.008,Cham16,2MASS J15074769-1627386,21.1708,0.2125,17.9516,0.0036,16.3384,0.0097,Gaia23,12.83,0.027,Cutr03,11.895,0.026,Cutr03,11.312,0.026,Cutr03,null,NaN,NaN,NaN,NaN,NaN,NaN,12.7,0.03,Legg02a,11.9,0.03,Legg02a,11.29,0.03,Legg02a,CWISE J150747.49-162755.3,10.72,0.011,Maro21,10.442,0.007,Maro21,9.685,0.048,Cutr13,8.41,NaN,Cutr13,10.27,0.03,10.4,0.02,Patt06,134.95,0.26,Gaia23,null,null,FLD-G,Sang23,L5,Reid00a,L5.5,Knap04,15,15.5,15,7.41,0.014,dist_plx_formula,0.8,44.0; 36.0; 32.0; 31.0; 22.0; 22.0,Burg07d,BT-Settl,10.2,1800,0.77,5.5,-4.25,0.02,FALSE,SM08,1325,46,1.42,0.10,11.68,9.56,4.32,0.25
2MASSW J1515008+484742,2MASSW J1515008+484742,Wils03,null,null,FLD-G,Sang23,228.7536,48.7948,Gaia23,PSO J228.7487+48.7997,NaN,NaN,null,21.468,0.091,Cham16,19.375,0.021,Cham16,17.121,0.027,Cham16,16.141,0.003,Cham16,2MASS J15150083+4847416,21.3515,0.1786,19.2673,0.0043,17.6043,0.0121,Gaia23,14.111,0.029,Cutr03,13.099,0.024,Cutr03,12.5,0.024,Cutr03,null,NaN,NaN,NaN,NaN,NaN,NaN,13.958,0.003,Schn23b,13.176,0.024,Best21,12.505,0.002,Schn23b,CWISE J151459.41+484803.4,11.762,0.007,Maro21,11.372,0.005,Maro21,10.461,0.05,Cutr13,9.085,NaN,Cutr13,11.31,0.02,11.33,0.02,Patt06,101.96,0.26,Gaia23,null,null,FLD-G,Sang23,L6,Cruz07,L6,Wils03,16,16,16,9.808,0.025,dist_plx_formula,0.8,38.0; 48.0; 52.0; 48.0; 49.0; 47.0,Burg10a,BT-Settl,22.0,1800,0.60,5.5,-4.47,0.02,FALSE,SM08,1199,40,1.34,0.09,9.45,9.12,4.13,0.26
2MASS J15345704-1418486,2MASS J15345704-1418486,Gizi02b,null,null,Field,UCS+BANYAN,233.7372,-14.3137,Gaia23,PSO J233.7344-14.3146,19.867,0.028,Cham16,18.097,0.012,Cham16,15.282,0.006,Cham16,13.854,0.001,Cham16,13.062,0.003,Cham16,2MASS J15345704-1418486,19.3529,0.0365,15.7637,0.0029,14.2069,0.0041,Gaia23,11.38,0.023,Cutr03,10.732,0.022,Cutr03,10.305,0.023,Cutr03,null,NaN,NaN,NaN,NaN,NaN,NaN,11.349,0.023,Best21,10.789,0.022,Best21,10.281,0.023,Best21,CWISE J153455.86-141854.8,10.071,0.01,Maro21,9.843,0.008,Maro21,9.469,0.043,Cutr13,8.835,NaN,Cutr13,NaN,NaN,NaN,NaN,null,91.42,0.11,Gaia23,null,null,null,null,M7,Gizi02b,null,null,7,NaN,7,10.939,0.013,dist_plx_formula,0.8,208.0; 322.0; 237.0; 229.0; 195.0; 201.0,Bard14,BT-Settl,78.5,2500,1.07,4.5,-3.40,0.02,TRUE,BHAC15,2480,207,1.08,0.18,81.97,25.80,5.26,0.37
2MASSI J1546271-332511,2MASSI J1546271-332511,Burg02a,null,null,Field,UCS+BANYAN,236.6134,-33.4198,CatWISE,null,NaN,NaN,null,NaN,NaN,null,NaN,NaN,null,NaN,NaN,null,NaN,NaN,null,2MASS J15462718-3325111,NaN,NaN,NaN,NaN,NaN,NaN,null,15.631,0.051,Cutr03,15.446,0.181,Cutr03,15.485,0.181,Cutr03,null,NaN,NaN,NaN,NaN,NaN,NaN,15.34,0.01,McMa13,15.621,0.051,usyn24,15.744,0.052,usyn24,CWISE J154627.35-332508.0,15.31,0.02,Maro21,13.486,0.013,Maro21,11.917,NaN,Cutr13,8.477,NaN,Cutr13,14.22,0.05,13.39,0.03,Patt06,88,1.9,Tinn03b,null,null,null,null,null,null,T5.5,Burg06b,NaN,25.5,25.5,11.36,0.25,dist_plx_formula,0.5,37.0; 94.0; 21.0; 28.0; 7.0; 25.0,Burg08c,ATMO 2020,6.0,1100,0.66,5.0,-5.25,0.04,FALSE,SM08,856,65,1.08,0.16,18.32,17.57,4.61,0.51
2MASSW J1555157-095605,2MASS J15551573-0956055,Gizi02b,null,null,Field,UCS+BANYAN,238.8157,-9.935,Gaia23,PSO J238.8184-09.9373,NaN,NaN,null,19.517,0.027,Cham16,17.003,0.005,Cham16,15.432,0.006,Cham16,14.446,0.006,Cham16,2MASS J15551573-0956055,20.7723,0.1287,17.3547,0.0031,15.7445,0.0051,Gaia23,12.557,0.024,Cutr03,11.984,0.019,Cutr03,11.443,0.019,Cutr03,null,NaN,NaN,NaN,NaN,NaN,NaN,12.47,0.01,McMa13,12.01,0.01,McMa13,11.419,0.019,Best21,CWISE J155516.78-095618.5,11.155,0.01,Maro21,10.888,0.008,Maro21,10.52,0.1,Cutr13,8.353,NaN,Cutr13,10.83,0.01,10.88,0.01,Patt06,73.98,0.14,Gaia23,null,null,null,null,L1,Gizi02b,L1.6,Bard14,11,11.6,11,13.517,0.026,dist_plx_formula,0.5,170.0; 305.0; 260.0; 254.0; 175.0; 187.0,Bard14,BT-Settl,76.4,1900,1.34,5.5,-3.69,0.02,TRUE,BHAC15,2167,197,1.01,0.18,67.39,24.15,5.23,0.39
SDSSp J162414.37+002915.6,2MASS J16241436+0029158,Stra99,null,Hsu_21,Field,Hsu_21;UCS+BANYAN,246.0597,0.4877,PS1,PSO J246.0585+00.4876,NaN,NaN,null,NaN,NaN,null,NaN,NaN,null,19.75,0.049,Cham16,18.063,0.014,Cham16,2MASS J16241436+0029158,NaN,NaN,NaN,NaN,NaN,NaN,null,15.494,0.054,Cutr03,15.524,NaN,Cutr03,15.518,NaN,Cutr03,null,NaN,NaN,NaN,NaN,NaN,NaN,15.187,0.006,Schn23b,15.48,0.05,Stra99,15.699,0.022,Schn23b,CWISE J162413.95+002915.6,15.15,0.018,Maro21,13.126,0.011,Maro21,12.163,0.394,Cutr13,8.995,NaN,Cutr13,14.408,0.02,13.101,0.017,Kirk19,91.8,1.2,Tinn03b; Kirk19,null,null,null,null,T6,Pine16,T6,Burg06b,26,26,26,10.89,0.14,dist_plx_formula,0.5,78.0; 89.0; 37.0; 61.0; 16.0; 58.0,Burg04b,ATMO 2020,17.0,1000,0.83,5.0,-5.21,0.04,FALSE,SM08,872,67,1.08,0.16,18.64,17.84,4.62,0.51
SDSS J162838.77+230821.1,2MASS J16283855+2308241,Chiu06,null,null,Field,UCS+BANYAN,247.1612,23.1395,PS1,PSO J247.1625+23.1382,NaN,NaN,null,NaN,NaN,null,NaN,NaN,null,NaN,NaN,null,19.304,0.044,Cham16,2MASS J16283855+2308241,NaN,NaN,NaN,NaN,NaN,NaN,null,16.458,0.102,Cutr03,16.107,0.239,Cutr03,15.872,0.239,Cutr03,null,NaN,NaN,NaN,NaN,NaN,NaN,16.275,0.013,Schn23b,16.63,0.03,Chiu06,16.72,0.03,Chiu06,CWISE J162839.16+230815.3,16.161,0.041,Maro21,13.859,0.026,Maro21,11.802,0.25,Cutr13,9.122,NaN,Cutr13,15.441,0.025,13.941,0.019,Kirk19,75.1,0.9,Dupu12,null,null,null,null,null,null,T7,Chiu06,NaN,27,27,13.32,0.16,dist_plx_formula,0.8,26.0; 48.0; 8.0; 21.0; 2.0; 15.0,Dupu12,ATMO 2020,7.1,900,0.76,4.5,-5.47,0.05,FALSE,SM08,746,53,1.10,0.15,15.07,15.75,4.51,0.50
PSO J247.3273+03.5932,2MASS J16291840+0335371,Deac11,null,null,Field,UCS+BANYAN,247.3267,3.5936,PS1,PSO J247.3274+03.5931,NaN,NaN,null,NaN,NaN,null,NaN,NaN,null,19.044,0.014,Cham16,17.529,0.013,Cham16,2MASS J16291840+0335371,NaN,NaN,NaN,NaN,NaN,NaN,null,15.29,0.041,Cutr03,14.485,0.061,Cutr03,14.04,0.03,Kirk21,null,NaN,NaN,NaN,NaN,NaN,NaN,15.066,0.006,Schn23b,14.53,0.01,Deac11,14.28,0.02,Deac11,CWISE J162918.64+033534.8,13.395,0.012,Maro21,12.522,0.01,Maro21,11.376,0.174,Cutr13,8.552,NaN,Cutr13,12.82,0.02,12.57,0.02,Mace13a,81,3,Kirk21,null,null,null,null,T3,Pine16,T2,Deac11,23,22,22,12.3,0.5,dist_plx_formula,0.5,66.0; 139.0; 97.0; 100.0; 55.0; 81.0,Deac12b,BT-Settl,60.7,1400,0.64,5.5,-4.84,0.07,TRUE,SM08,1085,89,1.07,0.17,23.88,19.94,4.74,0.50
2MASSW J1645221-131951,2MASS J16452211-1319516,Gizi02b,null,null,FLD-G,Sang23,251.3421,-13.3312,Gaia23,PSO J251.3408-13.3337,21.423,0.054,Cham16,19.168,0.023,Cham16,16.815,0.004,Cham16,15.34,0.002,Cham16,14.375,0.002,Cham16,2MASS J16452211-1319516,20.6179,0.0765,17.2311,0.0029,15.6480,0.0044,Gaia23,12.451,0.028,Cutr03,11.685,0.026,Cutr03,11.145,0.026,Cutr03,null,NaN,NaN,NaN,NaN,NaN,NaN,12.37,0.03,Fahe12,11.71,0.03,Fahe12,11.11,0.03,Fahe12,CWISE J164521.66-132005.9,10.828,0.011,Maro21,10.562,0.009,Maro21,9.903,0.063,Cutr13,8.862,0.479,Cutr13,10.48,0.04,10.52,0.02,Patt06,88.7,0.12,Gaia23,null,null,FLD-G,Sang23,L1.5,Gizi02b,L1,Schn14,11.5,11,11.5,11.274,0.015,dist_plx_formula,0.5,101.0; 253.0; 247.0; 244.0; 203.0; 209.0,Burg08c,BT-Settl,67.2,1800,1.38,5.5,-3.74,0.02,TRUE,BHAC15,1780,88,1.42,0.14,17.33,12.09,4.35,0.28
2MASS J17502484-0016151,2MASS J17502484-0016151,Kend07a,null,null,FLD-G,Sang23,267.6034,-0.2708,Gaia23,PSO J267.6021-00.2702,NaN,NaN,null,20.156,0.033,Cham16,18.232,0.076,Cham16,16.351,0.009,Cham16,15.365,0.001,Cham16,2MASS J17502484-0016151,NaN,NaN,NaN,NaN,16.6783,0.0062,Gaia23,13.294,0.023,Cutr03,12.411,0.021,Cutr03,11.849,0.021,Cutr03,null,NaN,NaN,NaN,NaN,NaN,NaN,13.21,0.02,Fahe12,12.44,0.02,Fahe12,11.81,0.02,Fahe12,CWISE J175024.40-001611.9,11.173,0.01,Maro21,10.898,0.007,Maro21,10.287,0.069,Cutr13,8.997,NaN,Cutr13,10.767,0.01,10.897,0.016,Kirk21,108.58,0.2,Gaia23,null,null,FLD-G,Sang23,L5,Pine16,L5.5,Kend07a,15,15.5,15,9.21,0.017,dist_plx_formula,0.5,63.0; 154.0; 135.0; 123.0; 119.0; 134.0,Burg10a,BT-Settl,20.2,1800,0.78,5.5,-4.25,0.02,FALSE,SM08,1368,51,1.33,0.10,11.62,9.88,4.32,0.24
2MASS J18000116-1559235,2MASS J18000116-1559235,Bard14,null,null,Field,UCS+BANYAN,270.0049,-15.99,Gaia23,PSO J270.0048-15.9909,NaN,NaN,null,NaN,NaN,null,18.316,0.028,Cham16,16.724,0.009,Cham16,15.641,0.004,Cham16,2MASS J18000116-1559235,NaN,NaN,NaN,NaN,16.9093,0.0163,Gaia23,13.431,0.024,Cutr03,12.521,0.03,Cutr03,11.981,0.03,Cutr03,null,NaN,NaN,NaN,NaN,NaN,NaN,13.34,0.02,Best20,12.596,0.03,Best21,11.963,0.03,Best21,CWISE J180001.15-155928.6,11.246,0.01,Maro21,11.112,0.008,Maro21,11.088,0.206,Cutr13,8.243,NaN,Cutr13,NaN,NaN,NaN,NaN,null,81.15,0.22,Gaia23,null,null,null,null,L4.5,Kirk16,L4.3,Bard14,14.5,14.3,14.5,12.32,0.03,dist_plx_formula,0.5,67.0; 156.0; 122.0; 113.0; 118.0; 118.0,Bard14,BT-Settl,46.9,1800,0.98,5.5,-4.04,0.02,FALSE,SM08,1748,172,1.04,0.20,57.53,24.27,5.14,0.44
2MASS J18212815+1414010,2MASS J18212815+1414010,Loop08b,v-red,Loop08b;Liu_16;Fahe16,FLD-G,Liu_16,275.3673,14.2336,Gaia23,PSO J275.3681+14.2327,NaN,NaN,null,20.646,0.061,Best18,18.448,0.008,Cham16,16.701,0.005,Cham16,15.669,0.006,Cham16,2MASS J18212815+1414010,21.3481,0.1451,18.6779,0.0035,17.0598,0.0077,Gaia23,13.431,0.024,Cutr03,12.396,0.021,Cutr03,11.65,0.021,Cutr03,null,NaN,NaN,NaN,NaN,NaN,NaN,13.304,0.002,Schn23b,12.463,0.021,Best21,11.622,0.001,Schn23b,CWISE J182128.39+141357.2,10.708,0.009,Maro21,10.466,0.009,Maro21,9.928,0.052,Cutr13,9.067,0.534,Cutr13,10.531,0.01,10.51,0.016,Kirk21,107.03,0.19,Gaia23,null,null,FLD-G,Liu_16,L4.5 pec,Loop08b,L5: FLD-G,Liu_16,14.5,15,14.5,9.343,0.017,dist_plx_formula,0.5,128.0; 175.0; 282.0; 267.0; 162.0; 187.0,Loop08b,BT-Settl,57.5,1800,0.81,5.0,-4.21,0.02,TRUE,SM08,1391,52,1.35,0.10,14.31,9.99,4.31,0.24
2MASS J18283572-4849046,2MASS J18283572-4849046,Burg04b,null,null,Field,UCS+BANYAN,277.1488,-48.8179,CatWISE,null,NaN,NaN,null,NaN,NaN,null,NaN,NaN,null,NaN,NaN,null,NaN,NaN,null,2MASS J18283572-4849046,NaN,NaN,NaN,NaN,NaN,NaN,null,15.175,0.056,Cutr03,14.908,0.144,Cutr03,15.07,0.02,McMa13,null,NaN,NaN,NaN,NaN,NaN,NaN,14.85,0.01,McMa13,15.06,0.051,usyn24,15.093,0.052,usyn24,CWISE J182836.08-484903.4,14.49,0.018,Maro21,12.781,0.011,Maro21,11.333,0.169,Cutr13,8.695,NaN,Cutr13,13.671,0.01,12.76,0.016,Kirk21,87.9,2,Smar13,null,null,null,null,null,null,T5.5,Burg06b,NaN,25.5,25.5,11.38,0.26,dist_plx_formula,0.5,48.0; 63.0; 27.0; 38.0; 13.0; 35.0,Burg04b,ATMO 2020,13.0,1000,1.04,4.0,-5.01,0.05,FALSE,SM08,985,79,1.07,0.17,21.67,18.93,4.69,0.50
WISEPA J185215.78+353716.3,2MASS J18521552+3537196,Kirk11,null,null,Field,UCS+BANYAN,283.0649,35.6221,PS1,PSO J283.0658+35.6209,NaN,NaN,null,NaN,NaN,null,NaN,NaN,null,20.92,0.126,Cham16,19.195,0.064,Cham16,2MASS J18521552+3537196,NaN,NaN,NaN,NaN,NaN,NaN,null,16.501,0.116,Cutr03,17.407,NaN,Cutr03,17.076,NaN,Cutr03,null,NaN,NaN,NaN,NaN,NaN,NaN,16.329,0.013,Schn23b,16.74,0.052,Schn23b;UCS_24,16.515,0.054,Best21,CWISE J185215.87+353714.9,16.186,0.03,Maro21,14.202,0.016,Maro21,12.229,0.323,Cutr13,8.806,NaN,Cutr13,15.582,0.026,14.186,0.019,Kirk11,72,1.9,Kirk19,null,null,null,null,null,null,T7,Kirk11,NaN,27,27,13.9,0.4,dist_plx_formula,0.5,40.0; 97.0; 13.0; 36.0; 3.0; 29.0,Zhan21d,ATMO 2020,9.9,900,0.79,4.5,-5.44,0.05,FALSE,SM08,759,54,1.10,0.16,15.41,16.00,4.52,0.50
WISE J192841.35+235604.9,2MASS J19284155+2356016,Mace13a,null,null,Field,UCS+BANYAN,292.1729,23.9339,Gaia23,PSO J292.1721+23.9346,NaN,NaN,null,NaN,NaN,null,NaN,NaN,null,18.431,0.063,Best18,16.842,0.002,Cham16,null,21.9866,0.1158,20.6632,0.0074,18.5078,0.0141,Gaia23,14.34,0.06,Skru06,14.31,0.06,Skru06,14.09,0.06,Skru06,null,NaN,NaN,NaN,NaN,NaN,NaN,13.98,0.02,Best20,14.236,0.054,Best21,14.183,0.054,Best21,CWISE J192841.23+235606.0,13.75,0.013,Maro21,12.064,0.008,Maro21,10.802,0.094,Cutr13,8.649,NaN,Cutr13,13.139,0.017,12.063,0.017,Mace13a,146.4,1.2,Gaia23,null,null,null,null,null,null,T6,Mace13a,NaN,26,26,6.83,0.06,dist_plx_formula,0.5,199.0; 423.0; 139.0; 191.0; 41.0; 134.0,Mace13a,ATMO 2020,35.2,1000,0.91,4.0,-5.12,0.04,FALSE,SM08,923,72,1.08,0.17,19.88,18.38,4.65,0.51
WISEPA J195905.66-333833.7,2MASS J19590564-3338314,Kirk11,null,null,Field,UCS+BANYAN,299.7734,-33.6421,CatWISE,null,NaN,NaN,null,NaN,NaN,null,NaN,NaN,null,NaN,NaN,null,NaN,NaN,null,2MASS J19590564-3338314,NaN,NaN,NaN,NaN,NaN,NaN,null,16.866,0.145,Cutr03,16.077,NaN,Cutr03,16.8,0.07,McMa13,null,NaN,NaN,NaN,NaN,NaN,NaN,16.71,0.01,McMa13,17.178,0.054,Kirk11,17.02,0.054,usyn24,CWISE J195905.65-333834.8,16.144,0.03,Maro21,13.8,0.015,Maro21,12.256,NaN,Cutr13,8.542,NaN,Cutr13,15.36,0.024,13.785,0.018,Mace13a,83.9,2,Kirk21,null,null,null,null,null,null,T8,Kirk11,NaN,28,28,11.92,0.28,dist_plx_formula,0.5,17.0; 28.0; 5.0; 13.0; 2.0; 10.0,Zhan21d,ATMO 2020,6.8,800,0.77,5.0,-5.67,0.06,FALSE,SM08,664,43,1.10,0.14,13.29,13.86,4.45,0.47
WISE J200050.19+362950.1,2MASS J20005017+3629465,Cush14,null,null,Field,UCS+BANYAN,300.2088,36.4961,PS1,PSO J300.2091+36.4974,NaN,NaN,null,NaN,NaN,null,NaN,NaN,null,NaN,NaN,null,18.383,0.024,Cham16,2MASS J20005017+3629465,NaN,NaN,NaN,NaN,NaN,NaN,null,15.811,0.088,Cutr03,15.809,NaN,Cutr03,16.798,NaN,Cutr03,UGPS J200050.16+362948.3,NaN,NaN,NaN,NaN,16.122,0.041,15.44,0.01,Cush14,15.85,0.01,Cush14,16.126,0.041,Luca12,CWISE J200050.19+362952.0,15.074,0.028,Maro21,12.683,0.013,Maro21,11.207,0.098,Cutr13,9.416,NaN,Cutr13,14.221,0.02,12.675,0.017,Kirk19,133.4,2.2,Kirk21,null,null,null,null,null,null,T8,Cush14,NaN,28,28,7.5,0.12,dist_plx_formula,0.5,37.0; 50.0; 10.0; 23.0; 3.0; 18.0,Zhan21d,ATMO 2020,13.3,800,0.83,4.0,-5.59,0.06,FALSE,SM08,693,46,1.10,0.15,13.93,14.61,4.47,0.48
WISE J203042.79+074934.7,2MASS J20304235+0749358,Mace13a,null,null,Field,UCS+BANYAN,307.6764,7.8266,Gaia23,PSO J307.6784+07.8262,NaN,NaN,null,NaN,NaN,null,21.608,0.058,Cham16,18.018,0.018,Cham16,16.424,0.008,Cham16,2MASS J20304235+0749358,21.5769,0.3275,20.1607,0.0125,18.3550,0.0356,Gaia23,14.227,0.029,Cutr03,13.435,0.039,Cutr03,13.319,0.039,Cutr03,null,NaN,NaN,NaN,NaN,NaN,NaN,14.051,0.003,Schn23b,13.512,0.039,Best21,13.354,0.005,Schn23b,CWISE J203043.10+074933.9,13.017,0.019,Maro21,12.203,0.017,Maro21,10.966,0.141,Cutr13,8.664,NaN,Cutr13,12.36,0.01,12.083,0.016,Kirk21,102.8,0.8,Gaia23,null,null,null,null,null,null,T1.5,Mace13a,NaN,21.5,21.5,9.73,0.08,dist_plx_formula,0.5,169.0; 353.0; 269.0; 278.0; 141.0; 196.0,Mace13a,BT-Settl,141.6,1300,0.93,5.5,-4.64,0.05,TRUE,SM08,1218,97,1.07,0.17,27.70,22.17,4.80,0.48
PSO J319.3102-29.6682,2MASS J21171431-2940034,Best15,specblend?,Best20,Field,UCS+BANYAN,319.3097,-29.6677,PS1,PSO J319.3102-29.6682,NaN,NaN,null,NaN,NaN,null,NaN,NaN,null,18.915,0.011,Cham16,17.674,0.017,Cham16,2MASS J21171431-2940034,20.0372,1.1777,20.9692,0.0468,19.5015,0.1335,Gaia23,15.601,0.06,Cutr03,14.527,0.066,Cutr03,14.15,0.066,Cutr03,null,NaN,NaN,NaN,NaN,NaN,NaN,15.45,0.016,Best15,14.655,0.012,Best15,14.167,0.053,Best21,CWISE J211714.50-294006.2,13.526,0.013,Maro21,12.863,0.01,Maro21,11.521,0.213,Cutr13,8.797,NaN,Cutr13,13.027,0.01,12.903,0.016,Kirk21,76,4,Kirk21,null,null,null,null,null,null,T0:,Best15,NaN,20,20,13.2,0.7,dist_plx_formula,0.8,15.0; 33.0; 28.0; 28.0; 18.0; 22.0,Best15,BT-Settl,8.5,1400,0.65,5.5,-4.84,0.07,FALSE,SM08,1090,90,1.06,0.17,24.42,19.95,4.75,0.49
2MASS J21481628+4003593,2MASSW J2148162+400359,Loop08b,v-red,Loop08b,FLD-G,Liu_13b,327.0679,40.0665,Gaia23,PSO J327.0710+40.0678,NaN,NaN,null,NaN,NaN,null,19.712,0.02,Cham16,17.79,0.015,Cham16,16.68,0.015,Cham16,2MASS J21481633+4003594,21.3449,0.1433,19.8181,0.0044,18.1991,0.0149,Gaia23,14.147,0.029,Cutr03,12.783,0.023,Cutr03,11.765,0.023,Cutr03,null,NaN,NaN,NaN,NaN,NaN,NaN,14.054,0.003,Schn23b,12.856,0.023,Best21,11.745,0.002,Schn23b,CWISE J214817.45+400407.2,10.801,0.011,Maro21,10.292,0.007,Maro21,9.631,0.042,Cutr13,9.066,0.469,Cutr13,10.411,0.01,10.264,0.016,Kirk21,123.7,0.4,Gaia23,null,null,FLD-G,Liu_13b,L6,Loop08b,L6 FLD-G,Liu_13b,16,16,16,8.084,0.026,dist_plx_formula,0.5,159.0; 334.0; 533.0; 491.0; 355.0; 349.0,Loop08b,BT-Settl,92.5,1600,1.07,3.0,-4.31,0.06,TRUE,SM08,1292,48,1.39,0.10,11.26,9.54,4.33,0.25
2MASS J22282889-4310262,2MASS J22282889-4310262,Burg03e,null,null,Field,UCS+BANYAN,337.1205,-43.174,CatWISE,null,NaN,NaN,null,NaN,NaN,null,NaN,NaN,null,NaN,NaN,null,NaN,NaN,null,2MASS J22282889-4310262,NaN,NaN,NaN,NaN,NaN,NaN,null,15.662,0.073,Cutr03,15.363,0.206,Cutr03,15.29,0.01,McMa13,null,NaN,NaN,NaN,NaN,NaN,NaN,15.29,0.01,McMa13,15.677,0.052,usyn24,15.472,0.054,usyn24,CWISE J222829.06-431031.4,15.155,0.018,Maro21,13.364,0.012,Maro21,11.748,0.273,Cutr13,8.74,NaN,Cutr13,14.453,0.02,13.353,0.018,Kirk19,92.1,2.6,Smar13,null,null,null,null,null,null,T6,Burg06b,NaN,26,26,10.9,0.3,dist_plx_formula,0.5,19.0; 42.0; 8.0; 15.0; 3.0; 11.0,Burg04b,ATMO 2020,3.8,1000,0.80,4.5,-5.23,0.05,FALSE,SM08,863,66,1.08,0.16,18.56,17.70,4.62,0.51
WISE J223617.59+510551.9,2MASS J22361685+5105487,Mace13a,null,Hsu_21,Field,UCS+BANYAN,339.07,51.0967,PS1,PSO J339.0735+51.0977,NaN,NaN,null,NaN,NaN,null,NaN,NaN,null,19.168,0.014,Cham16,17.294,0.015,Cham16,2MASS J22361685+5105487,NaN,NaN,NaN,NaN,NaN,NaN,null,14.584,0.036,Cutr03,14.486,0.092,Cutr03,14.445,0.092,Cutr03,null,NaN,NaN,NaN,NaN,NaN,NaN,14.439,0.004,Schn23b,14.615,0.019,Best13,14.612,0.011,Schn23b,CWISE J223618.00+510553.7,14.188,0.02,Maro21,12.643,0.01,Maro21,11.008,0.1,Cutr13,9.319,NaN,Cutr13,NaN,NaN,12.64,0.017,Kirk21,102.8,1.9,Best20,null,null,null,null,null,null,T5,Best13,NaN,25,25,9.73,0.18,dist_plx_formula,0.8,102.0; 240.0; 60.0; 87.0; 21.0; 69.0,Best13,ATMO 2020,16.7,1100,0.88,4.5,-5.00,0.04,FALSE,SM08,993,79,1.07,0.17,21.89,18.95,4.70,0.50
2MASSI J2254188+312349,2MASSI J2254188+312349,Burg02a,null,null,Field,UCS+BANYAN,343.5788,31.3972,PS1,PSO J343.5790+31.3978,NaN,NaN,null,NaN,NaN,null,NaN,NaN,null,19.412,0.035,Cham16,17.648,0.011,Cham16,2MASS J22541892+3123498,NaN,NaN,NaN,NaN,NaN,NaN,null,15.262,0.047,Cutr03,15.018,0.147,Cutr03,14.902,0.147,Cutr03,null,NaN,NaN,NaN,NaN,NaN,NaN,15,0.005,Schn23b,14.863,0.05,Schn23b;UCS_24,15.051,0.013,Schn23b,CWISE J225418.98+312353.0,14.601,0.016,Maro21,13.316,0.011,Maro21,12.111,0.34,Cutr13,9.026,NaN,Cutr13,13.92,0.03,13.28,0.01,Patt06,72,3,Manj13,null,null,null,null,T5,Pine16,T4,Burg06b,25,24,24,13.9,0.6,dist_plx_formula,0.5,56.0; 178.0; 75.0; 81.0; 34.0; 62.0,Burg04b,ATMO 2020,38.3,1300,0.71,5.0,-4.89,0.05,FALSE,SM08,1057,86,1.06,0.17,23.43,19.46,4.73,0.50
