query_id,main_id,ids
"ACO    35","ACO    35","ACO    35"
"Ced 129","LBN  1115","Ced 129|LBN  1115|LBN 355.59+20.69"
"Gaia DR3 4318465066420528000","LS  II +14   13","TIC 73788466|Gaia DR3 4318465066420528000|LSPM J1939+1455|UCAC2  37063745|2MASS J19391872+1455542|USNO-B1.0 1049-00466406|ALS 10389|CSI+14-19370|LS  II +14   13|Gaia DR2 4318465066420528000"
"Gaia DR3 4373465352415301632","GALEX J172841.0-003451","UCAC4 448-068998|2MASS J17284110-0034514|WISE J172841.09-003451.7|Gaia DR3 4373465352415301632|GALEX J172841.0-003451"
"Gaia DR3 6328149636482597888","GALEX J143220.7-102157","Gaia DR3 6328149636482597888|UCAC4 399-056117|2MASS J14322069-1021572|GALEX J143220.7-102157|EQ J1432-1021"
"IC 4592","IC 4592","Ced 128|DG 132|IC 4592|LBN  1113|LBN 354.91+22.65"
"IC 4601","IC 4601","IC 4601"
"IC 4603","IC 4603","Ced 131a|DG 138|IC 4603|LBN 352.98+16.95|LBN  1109|[B77] 154"
"IC 4604","IC 4604","Ced 131b|DG 139|IC 4604|LBN  1111|NAME rho Oph Nebula|[B77] 155"
"IC 4605","IC 4605","Ced 133|DG 142|IC 4605|LBN  1110|LBN 353.24+15.66"
"IC 4606","IC 4606","IC 4606|LBN  1107|LBN 351.76+15.00|NAME Antares Nebula"
"LBN  1099","LBN  1099","LBN  1099|LBN 349.82+22.02|SH  2-7"
"LBN  1107","IC 4606","IC 4606|LBN  1107|LBN 351.76+15.00|NAME Antares Nebula"
"LBN  1109","IC 4603","Ced 131a|DG 138|IC 4603|LBN 352.98+16.95|LBN  1109|[B77] 154"
"LBN  1110","IC 4605","Ced 133|DG 142|IC 4605|LBN  1110|LBN 353.24+15.66"
"LBN  1111","IC 4604","Ced 131b|DG 139|IC 4604|LBN  1111|NAME rho Oph Nebula|[B77] 155"
"LBN  1113","IC 4592","Ced 128|DG 132|IC 4592|LBN  1113|LBN 354.91+22.65"
"LBN    24","LBN 006.00+24.73","LBN 006.00+24.73|LBN    24|SH  2-27"
"LBN   744","SH  2-216","TIC 391260920|WISEA J044321.27+464205.4|Gaia DR3 254092090595748096|LAMOST J044321.26+464205.8|LBN   744|LBN 158.73+00.83|PK 158+00  1|PN G158.5+00.7|SH  2-216|PN G158.6+00.7|1SWASP J044321.26+464205.7|TYC 3343-1571-1|ALS  8032|CSI+46-04397|LS   V +46   21|WD 0439+466|WD 0441+467|GSC2 N3323221155|GSC 03343-01571|UCAC2  47509104|UCAC3 274-67525|UCAC4 684-030076|2MASS J04432127+4642059|WISE J044321.28+464205.3|PN YM   22|LAMOST J044321.28+464205.6|Gaia DR2 254092090595748096"
"M  42","M  42","SRGA J053516.8-052315|3C 145|4C -05.21|CTA  37|LBN 209.13-19.35|LBN   974|M  42|MSH 05-0-11|Mills 05+0A|NAME Great Orion Nebula|NAME Ori Nebula|NAME Orion Nebula|NGC  1976|NRL  6|PKS 0532-054|PKS 0532-05|XSS J05351-0519|[DGW65]  26|[PT56]  6|[WCO2009] J053517-052326|GAL 209.01-19.4|[KPS2012] MWSC 0582"
"NGC  1555","NGC  1555","Ced  32b|GN 04.18.9|NAME Hind's Nebula|NAME Hind's Variable Nebula|NGC  1555|SH  2-238|[B77]  84|[DML87] 116|HH  155"
"NGC  1976","M  42","SRGA J053516.8-052315|3C 145|4C -05.21|CTA  37|LBN 209.13-19.35|LBN   974|M  42|MSH 05-0-11|Mills 05+0A|NAME Great Orion Nebula|NAME Ori Nebula|NAME Orion Nebula|NGC  1976|NRL  6|PKS 0532-054|PKS 0532-05|XSS J05351-0519|[DGW65]  26|[PT56]  6|[WCO2009] J053517-052326|GAL 209.01-19.4|[KPS2012] MWSC 0582"
"PN G158.6+00.7","SH  2-216","TIC 391260920|WISEA J044321.27+464205.4|Gaia DR3 254092090595748096|LAMOST J044321.26+464205.8|LBN   744|LBN 158.73+00.83|PK 158+00  1|PN G158.5+00.7|SH  2-216|PN G158.6+00.7|1SWASP J044321.26+464205.7|TYC 3343-1571-1|ALS  8032|CSI+46-04397|LS   V +46   21|WD 0439+466|WD 0441+467|GSC2 N3323221155|GSC 03343-01571|UCAC2  47509104|UCAC3 274-67525|UCAC4 684-030076|2MASS J04432127+4642059|WISE J044321.28+464205.3|PN YM   22|LAMOST J044321.28+464205.6|Gaia DR2 254092090595748096"
"PN G303.6+40.0","PN A66   35","TIC 5966674|HIP 62905|Gaia DR3 3499149202247569536|BD-22  3467|CD-22  9659|CPD-22  5522|GEN# -0.02203467|GSC 06697-00077|GSC2 S2033100229|HIC  62905|PK 303+40  1|PMC 90-93  6472|PN G303.6+40.0|PN A55   24|PN A66   35|PPM 260942|SAO 181201|SH  2-313|TYC 6697-77-1|UCAC2  22704512|V* LW Hya|YZ 112  9629|[DWS97] Hya 3|2MASS J12533279-2252224|PN VV'  112|WD 1250-226|Gaia DR1 3499149197952168832|Gaia DR2 3499149202247569536"
"SH  2-216","SH  2-216","TIC 391260920|WISEA J044321.27+464205.4|Gaia DR3 254092090595748096|LAMOST J044321.26+464205.8|LBN   744|LBN 158.73+00.83|PK 158+00  1|PN G158.5+00.7|SH  2-216|PN G158.6+00.7|1SWASP J044321.26+464205.7|TYC 3343-1571-1|ALS  8032|CSI+46-04397|LS   V +46   21|WD 0439+466|WD 0441+467|GSC2 N3323221155|GSC 03343-01571|UCAC2  47509104|UCAC3 274-67525|UCAC4 684-030076|2MASS J04432127+4642059|WISE J044321.28+464205.3|PN YM   22|LAMOST J044321.28+464205.6|Gaia DR2 254092090595748096"
"SH  2-27","LBN 006.00+24.73","LBN 006.00+24.73|LBN    24|SH  2-27"
"SH  2-281","SH  2-281","SH  2-281|[B77] 117"
"SH  2-313","PN A66   35","TIC 5966674|HIP 62905|Gaia DR3 3499149202247569536|BD-22  3467|CD-22  9659|CPD-22  5522|GEN# -0.02203467|GSC 06697-00077|GSC2 S2033100229|HIC  62905|PK 303+40  1|PMC 90-93  6472|PN G303.6+40.0|PN A55   24|PN A66   35|PPM 260942|SAO 181201|SH  2-313|TYC 6697-77-1|UCAC2  22704512|V* LW Hya|YZ 112  9629|[DWS97] Hya 3|2MASS J12533279-2252224|PN VV'  112|WD 1250-226|Gaia DR1 3499149197952168832|Gaia DR2 3499149202247569536"
"SH  2-7","LBN  1099","LBN  1099|LBN 349.82+22.02|SH  2-7"
"VDB 101","HD 146834","TIC 49868812|WISEA J161907.75-201305.0|HIP 79945|Gaia DR3 6244693748999376128|BD-19  4357|CPD-19  5977|GC 21935|GCRV  9389|GEN# +1.00146834|GSC 06210-00866|HD 146834|HIC  79945|HR  6076|WISE J161907.75-201304.8|IRAS 16162-2006|IRAS Z16161-2005|JP11  2726|PPM 265395|SAO 184309|SKY# 29435|TYC 6210-866-1|UBV   13842|VDB 101|YZ   0  6649|YZ 110  6738|[B10]  4150|2MASS J16190771-2013048|EPIC 204929719|WEB 13532|Gaia DR2 6244693748999376128"
"VDB 105","HD 147889","TIC 98688328|HIP 80462|Gaia DR3 6049140417677195136|CD-24 12684|CPD-24  5695|EM* SR    1|Elia 2-9|GCRV  9441|GEN# +1.00147889|GSC 06798-00539|GSS  9|HD 147889|HIC  80462|Hilt  643|JP11  2739|LSE  98|PMC 90-93  6517|PPM 265513|ROT  2330|SAO 184376|SKY# 29613|TD1 19141|TYC 6798-539-1|UBV   13901|UBV M  21409|VDB 105|YZ 114 11471|[C81]  4|[CEF84] FIR 2|uvby98 100147889|2MASS J16252430-2427565|ALS 14602|SSTc2d J162524.3-242756|EPIC 203907143|WEB 13610|Gaia DR2 6049140417677195136"
"VDB 106","* rho Oph","TIC 203822408|HIP 80473|* rho Oph|*   5 Oph|ADS 10049 AB|CCDM J16255-2327AB|CD-23 12861|CSI-23 12861 23|HIC  80473|IDS 16196-2313 AB|UBV   13904|VDB 106|[B10]  4178|WDS J16256-2327AB|** H   19AB|** H  219AB|2MASS J16253509-2326486|[SC96] Oph  63|1RXS J162535.1-232611|RX J1625.5-2326"
"VDB 107","* alf Sco","TIC 175934060|HIP 80763|PLX 3741|* alf Sco|*  21 Sco|CD-26 11359|CMC  184415|CPD-26  5648|CSI-26 11359 21|Elia 2-74|FK5  616|GC 22157|GCRV  9479|GEN# +1.00148478|GSC 06803-02158|HIC  80763|HR  6134|IRAS 16262-2619|IRC -30265|N30 3686|NAME Antares|PMC 90-93   439|PPM 265579|RAFGL 1863|ROT  2345|SAO 184415|SKY# 29714|SRS  30616|UBV M  21449|CSI-26 11359 23|TD1 19208|UBV   21661|2MASS J16292443-2625549|Ced 132|DG 141|LBN  1108|LBN 351.88+15.11|GN 16.26.3|VDB 107|GEN# +1.00148479|TYC 6803-2158-1|ADS 10074 A|CCDM J16294-2626A|WDS J16294-2626A|* alf Sco A|V* alf Sco|AAVSO 1623-26|HD 148478|WEB 13658|IDS 16233-2613 A|** GNT    1A|WISEA J162924.49-262554.8"
"VDB 108","* i Sco","Elia 2-76|Gaia DR3 6046050824364599936|TIC 323120504|HIP 80815|* i Sco|*  22 Sco|CD-24 12695|CPD-24  5703|GC 22179|GCRV  9488|GEN# +1.00148605|GSC 06799-00932|HD 148605|HGAM   2057|HIC  80815|HR  6141|JP11  2758|N30 3693|PPM 265598|ROT  2349|ROX 37|SAO 184429|SKY# 29734|SRS  43504|TD1 19229|TYC 6799-932-1|UBV M  21463|UBV   13937|VDB 108|YZ 115 11497|[B10]  4198|[SC96] Oph  67|uvby98 100148605|ALS 15030|2MASS J16301246-2506548|WEB 13666|Gaia DR2 6046050824364599936"
"VDB 109","*  24 Sco","TIC 398707879|HIP 81724|Gaia DR3 4131941783535773568|PLX 3789|BD-17  4618|FK5  624|GC 22449|GCRV  9589|GEN# +1.00150416|GSC 06221-00904|HD 150416|HIC  81724|HR  6196|IRAS 16386-1738|IRC -20325|N30 3732|PMC 90-93   446|PPM 232030|ROT  2371|SAO 160046|SKY# 30061|TD1 19420|TYC 6221-904-1|UBV M  21598|VDB 109|YZ 107  6001|[HFE83] 1192|[L91b] 268|uvby98 100150416|2MASS J16413436-1744319|PLX 3789.00|GJ 9574|WEB 13805|Gaia DR2 4131941783535773568|*  24 Sco"
"VDB 111","V* V2112 Oph","TIC 459617181|HIP 84704|Gaia DR3 4393468252064063616|AG+06 2028|AGKR 15428|BD+06  3386|GC 23384|GCRV  9991|GEN# +1.00156697|GSC 00412-01246|HD 156697|HIC  84704|HR  6434|NSV  8505|PPM 163805|ROT  7459|SAO 122270|SKY# 31216|TD1 20247|TYC  412-1246-1|UBV   14756|UBV M  22099|V* V2112 Oph|VDB 111|YZ   6  7741|2MASS J17185279+0605077|Gaia DR1 4393468247765534592|uvby98 100156697|WEB 14303|Gaia DR2 4393468252064063616"
"VDB 129","* tet Aql","TIC 243877738|WISE J201118.29-004917.4|UCAC4 446-126452|Gaia DR3 4224225924761329792|HIP 99473|PLX 4790|SBC9 1211|*  65 Aql|* tet Aql|AG-00 2584|BD-01  3911|BDS  9960 A|CCDM J20113-0049A|CSI-01  3911  1|FK5  756|GC 28010|GCRV 12537|GEN# +1.00191692|GSC 05161-02682|HD 191692|HGAM    861|HIC  99473|HR  7710|IDS 20061-0107 A|JP11  3180|N30 4459|PMC 90-93   535|PPM 180896|ROT  2926|SAO 144150|SBC7   790|SKY# 38006|TD1 26180|TYC 5161-2682-1|UBV   17389|UBV M  24576|VDB 129|[HFE83] 1348|uvby98 100191692|ALS 16460|2MASS J20111828-0049171|PLX 4790.00|AKARI-IRC-V1 J2011183-004917|IRAS 20087-0058|WDS J20113-0049A|WEB 17777|Gaia DR2 4224225924756404480|NAME-IAU Antinous"
"VDB 156","* omi And","TIC 155030422|Gaia DR3 1931192500887330688|PLX 5578|SBC9 1415|[JE82] 1139|* omi And|*   1 And|AAVSO 2257+41|AG+42 2238|BD+41  4664|CEL   5556|EM* CDS 1436|FK5  869|GC 32095|GCRV 14449|GSC 03224-03434|HD 217675|HD 217676|HIC 113726|HIP 113726|HR  8762|JP11  3570|N30 5064|PMC 90-93   612|PPM  63726|ROT  3351|SAO  52609|SKY# 43727|TD1 29549|TYC 3224-3434-1|UBV M  26780|UBV   19739|V* omi And|VDB 156|[HFE83] 1539|2MASS J23015527+4219334|ALS 17648|WDS J23019+4220AB|WEB 20208|** WRH   37|GEN# +1.00217675|CCDM J23019+4220APB|IRAS F22595+4203|NAME-IAU Alfarasalkamil"
"VDB  25","HD  26514","GEN# +1.00026514|Gaia DR2 149763929068330496|** COU  703|UCAC4 568-010099|2MASS J04122501+2334283|WISE J041224.99+233428.3|HIP 19634|Gaia DR3 149763929068330496|AG+23  388|BD+23   642|GSC 01815-00550|HD  26514|HIC  19634|IRAS 04093+2326|PPM  93329|SAO  76499|SKY#  6415|UBV M   9989|VDB  25|YZ  23  1353|[JHC84]  92|WDS J04124+2334AB|uvby98 100026514"
"VDB  26","HD  26676","TIC 283725520|MUTA 9|HIP 19720|Gaia DR3 3300492946034916992|2MASS J04133456+1012449|AG+10  427|BD+09   549|GC  5088|GCRV 54853|GEN# +1.00026676|GSC 00671-00575|HD  26676|HIC  19720|HR  1307|IRAS 0410+100P10|IRAS 04108+1005|PPM 119712|SAO  93821|SKY#  6448|TD1  2922|TYC  671-575-1|UBV    4097|UBV M  10006|VDB  26|YPAC 332|YZ  10  1548|uvby98 100026676|EXO 0410.8+1005|PSCz P04108+1005|AKARI-FIS-V1 J0413352+101240|Gaia DR1 3300492941738387328|WEB  3760|Gaia DR2 3300492946034916992"
"VDB  27","V* RY Tau","TIC 58467657|HIP 20387|Gaia DR3 164551162164119424|2MASS J04215740+2826355|Kim 3-113|[GBA2007] 844|XEST 21-038|2E   986|AAVSO 0415+28|AN   70.1907|BD+28   645|Elia 3-2|GCRV  2521|GCRV 54984|GSC 01828-00129|HBC  34|HD 283571|HIC  20387|IRAS 04188+2819|JP11  3792|PDS   8|RAFGL 5120|SV* HV  2922|TYC 1828-129-1|UBV M  28943|V* RY Tau|VDB  27|SSTc2d J042157.4+282635|2E 0418.8+2819|AKARI-IRC-V1 J0421574+282635|UCAC2  41665912|** ISM    1|WDS J04220+2826AB|SSTtau 042157.4+282635|ASAS J042157+2826.6|GBS-VLA J042157.41+282635.3|WISE J042157.40+282635.3|Gaia DR1 164551157867546496|WEB  3898|[WWV2004] J0421573+282634|Gaia DR2 164551162164119424"
"VDB  28","V* T Tau","uvby98 100284419|** GHE    6|GSC 01272-00470|NAME T Tau A|NAME T Tau N|[SSZ84] T Tau N|UCAC4 548-009300|[SSZ84] T Tau Sb|NAME T Tau S|[SSZ84] T Tau Sa|NAME T Tau IRC|[SSZ84] T Tau S|JCMTSE J042159.3+193206|JCMTSF J042159.3+193206|SCOPE G176.23-20.89|TIC 17308640|HIP 20390|Gaia DR3 48192969034959232|AP J04215943+1932063|[ABG2007] 473|2MASS J04215943+1932063|XEST 01-OM-039|XEST 01-045|[GBA2007] 854|1E 0419.0+1925|2E   990|2E 0419.0+1925|AAVSO 0416+19|AG+19  341|BD+19   706|GCRV  2524|HBC  35|HD 284419|HIC  20390|IRAS 04190+1924|JP11  3794|PPM 119824|RAFGL 5121|UBV M  28947|V* T Tau|VDB  28|[D98] 34|PLX  961.01|1RXS J042200.5+193209|PSCz P04190+1924|WDS J04220+1932AB|TYC 1272-470-1|HH  355|AKARI-IRC-V1 J0421594+193205|UCAC2  38742060|WISE J042159.44+193205.9|2XMM J042159.4+193206|EPIC 210777987|GBS-VLA J042159.43+193205.7|WISE J042159.45+193205.9|Gaia DR1 48192969034959232|WEB  3899|Gaia DR2 48192969034959232|EPIC 210777988"
"VDB   7","VDB   7","GN 02.44.7|VDB   7"
