name,identifier,bayer,constellation,component,approval_date
Alasia,HD 168746,_,Ser,_,2019-12-17
Amadioha,HD 43197,_,CMa,_,2019-12-17
Aniara,HD 102956,_,UMa,_,2019-12-17
Arcalís,HD 131496,_,Boo,_,2019-12-17
Axólotl,HD 224693,_,Cet,_,2019-12-17
Ayeyarwady,HD 18742,_,Eri,_,2019-12-17
Baekdu,HD 133086,8,UMi,_,2019-12-17
Bélénos,HD 8574,_,Psc,_,2019-12-17
Belel,HD 181342,_,Sgr,_,2019-12-17
Bibhā,HD 86081,_,Sex,_,2019-12-17
Bosona,HD 206610,_,Aqr,_,2019-12-17
Bubup,HD 38283,_,Men,_,2019-12-17
Buna,HD 16175,_,And,_,2019-12-17
Ceibo,HD 63454,_,Cha,_,2019-12-17
Chechia,HD 192699,_,Aql,_,2019-12-17
Citadelle,HD 1502,_,Psc,_,2019-12-17
Citalá,HD 52265,_,Mon,_,2019-12-17
Cocibolca,HD 4208,_,Scl,_,2019-12-17
Dingolay,HD 96063,_,Leo,_,2019-12-17
Dofida,HD 117618,_,Cen,_,2019-12-17
Ebla,HD 218566,_,Psc,_,2019-12-17
Emiw,HD 7199,_,Tuc,_,2019-12-17
Flegetonte,HD 102195,_,Vir,_,2019-12-17
Formosa,HD 100655,_,Leo,_,2019-12-17
Funi,HD 109246,_,Dra,_,2019-12-17
Gakyid,HD 73534,_,Cnc,_,2019-12-17
Gumala,HD 179949,V5652,Sgr,_,2019-12-17
Hoggar,HD 28678,_,Tau,_,2019-12-17
Hunahpú,HD 98219,_,Crt,_,2019-12-17
Illyrian,HD 82886,_,LMi,_,2019-12-17
Inquill,HD 156411,_,Ara,_,2019-12-17
Intan,HD 20868,_,For,_,2019-12-17
Itonda,HD 208487,_,Gru,_,2019-12-17
Kalausi,HD 83443,_,Vel,_,2019-12-17
Kamuy,HD 145457,_,CrB,_,2019-12-17
Karaka,HD 137388,_,Aps,_,2019-12-17
Kaveh,HD 175541,_,Ser,_,2019-12-17
Liesma,HD 118203,_,UMa,_,2019-12-17
Lionrock,HD 212771,_,Aqr,_,2019-12-17
Lucilinburhuc,HD 45350,_,Aur,_,2019-12-17
Lusitânia,HD 45652,_,Mon,_,2019-12-17
Macondo,HD 93083,_,Ant,_,2019-12-17
Mago,HD 32518,_,Cam,_,2019-12-17
Mahsati,HD 152581,_,Oph,_,2019-12-17
Mönch,HD 130322,_,Vir,_,2019-12-17
Mouhoun,HD 30856,_,Eri,_,2019-12-17
Násti,HD 68988,_,UMa,_,2019-12-17
Natasha,HD 85390,_,Vel,_,2019-12-17
Nenque,HD 6434,_,Phe,_,2019-12-17
Nervia,HD 49674,_,Aur,A,2019-12-17
Nikawiy,HD 136418,_,Boo,_,2019-12-17
Nosaxa,HD 48265,_,Pup,_,2019-12-17
Nushagak,HD 17156,_,Cas,_,2019-12-17
Phoenicia,HD 192263,V1703,Aql,_,2019-12-17
Pincoya,HD 164604,_,Sgr,_,2019-12-17
Poerava,HD 221287,_,Tuc,_,2019-12-17
Rapeto,HD 153950,_,Sco,_,2019-12-17
Rosaliadecastro,HD 149143,_,Oph,_,2019-12-17
Sagarmatha,HD 100777,_,Leo,_,2019-12-17
Sāmaya,HD 205739,_,PsA,_,2019-12-17
Shama,HD 99109,_,Leo,_,2019-12-17
Sika,HD 181720,_,Sgr,_,2019-12-17
Stribor,HD 75898,_,Lyn,_,2019-12-17
Tapecue,HD 63765,_,Car,_,2019-12-17
Timir,HD 148427,_,Oph,_,2019-12-17
Tupã,HD 108147,_,Cru,_,2019-12-17
Tupi,HD 23079,_,Ret,_,2019-12-17
Uklun,HD 102117,_,Cen,_,2019-12-17
Uruk,HD 231701,_,Sge,_,2019-12-17
Xihe,HD 173416,_,Lyr,_,2019-12-17
Gudja,HR 5879,κ,Ser,-,2018-08-10
Guniibuu,HR 6402,36,Oph,A,2018-08-10
Imai,HR 4656,δ,Cru,-,2018-08-10
La Superba,HR 4846,Y,CVn,-,2018-08-10
Paikauhale,HR 6165,τ,Sco,A,2018-08-10
Toliman,HR 5460,α,Cen,B,2018-08-10
Alpherg,HR 437,η,Psc,A,2018-06-01
Alruba,HR 6618,-,Dra,-,2018-06-01
Ashlesha,HR 3482,ε,Hya,A,2018-06-01
Azmidi,HR 3045,ξ,Pup,–,2018-06-01
Bunda,HR 8264,ξ,Aqr,A,2018-06-01
Elgafar,HR 5409,ϕ,Vir,A,2018-06-01
Elkurud,HR 2177,θ,Col,-,2018-06-01
Fawaris,HR 7528,δ,Cyg,A,2018-06-01
Felis,HR 3923,-,Hya,-,2018-06-01
Fumalsamakah,HR 8773,β,Psc,-,2018-06-01
Heze,HR 5107,ζ,Vir,A,2018-06-01
Kraz,HR 4786,β,Crv,-,2018-06-01
Nahn,HR 3627,ξ,Cnc,A,2018-06-01
Okab,HR 7235,ζ,Aql,A,2018-06-01
Piautos,HR 3268,λ,Cnc,-,2018-06-01
Tarf,HR 3249,β,Cnc,A,2018-06-01
Ukdah,HR 3845,ι,Hya,-,2018-06-01
Acamar,HR 897,θ1,Eri,A,2016-07-20
Achernar,HR 472,α,Eri,A,2016-06-30
Achird,HR 219,η,Cas,A,2017-09-05
Acrab,HR 5984,β1,Sco,Aa,2016-08-21
Acrux,HR 4730,α,Cru,Aa,2016-07-20
Acubens,HR 3572,α,Cnc,Aa,2016-07-20
Adhafera,HR 4031,ζ,Leo,Aa,2016-07-20
Adhara,HR 2618,ε,CMa,A,2016-08-21
Adhil,HR 390,ξ,And,-,2016-08-21
Ain,HR 1409,ε,Tau,Aa1,2015-12-15
Ainalrami,HR 7116,ν1,Sgr,A,2017-09-05
Aladfar,HR 7298,η,Lyr,Aa,2017-09-05
Albaldah,HR 7264,π,Sgr,A,2017-09-05
Albali,HR 7950,ε,Aqr,-,2016-09-12
Albireo,HR 7417,β1,Cyg,Aa,2016-07-20
Alchiba,HR 4623,α,Crv,-,2016-09-12
Alcor,HR 5062,80,UMa,Ca,2016-06-30
Alcyone,HR 1165,η,Tau,A,2016-06-30
Aldebaran,HR 1457,α,Tau,-,2016-06-30
Alderamin,HR 8162,α,Cep,-,2016-07-20
Aldhanab,HR 8353,γ,Gru,-,2017-09-05
Aldhibah,HR 6396,ζ,Dra,A,2017-09-05
Aldulfin,HR 7852,ε,Del,-,2017-09-05
Alfirk,HR 8238,β,Cep,Aa,2016-08-21
Algedi,HR 7754,α2,Cap,-,2016-08-21
Algenib,HR 39,γ,Peg,-,2016-06-30
Algieba,HR 4057,γ1,Leo,-,2016-07-20
Algol,HR 936,β,Per,Aa1,2016-06-30
Algorab,HR 4757,δ,Crv,A,2016-07-20
Alhena,HR 2421,γ,Gem,Aa,2016-07-20
Alioth,HR 4905,ε,UMa,A,2016-06-30
Aljanah,HR 7949,ε,Cyg,Aa,2017-06-30
Alkaid,HR 5191,η,UMa,-,2016-06-30
Alkalurops,HR 5733,μ1,Boo,Aa,2016-08-21
Alkaphrah,HR 3594,κ,UMa,A,2017-09-05
Alkarab,HR 8905,υ,Peg,-,2017-09-05
Alkes,HR 4287,α,Crt,-,2016-09-12
Almaaz,HR 1605,ε,Aur,-,2017-02-01
Almach,HR 603,γ,And,A,2016-07-20
Alnair,HR 8425,α,Gru,-,2016-07-20
Alnasl,HR 6746,γ2,Sgr,-,2016-08-21
Alnilam,HR 1903,ε,Ori,-,2016-07-20
Alnitak,HR 1948,ζ,Ori,Aa,2016-07-20
Alniyat,HR 6084,σ,Sco,Aa1,2017-02-01
Alphard,HR 3748,α,Hya,-,2016-07-20
Alphecca,HR 5793,α,CrB,-,2016-07-20
Alpheratz,HR 15,α,And,Aa,2016-06-30
Alrakis,HR 6370,μ,Dra,A,2017-02-01
Alrescha,HR 596,α,Psc,A,2016-08-21
Alsafi,HR 7462,σ,Dra,-,2017-06-30
Alsciaukat,HR 3275,31,Lyn,-,2017-06-30
Alsephina,HR 3485,δ,Vel,Aa,2017-09-05
Alshain,HR 7602,β,Aql,A,2016-08-21
Alshat,HR 7773,ν,Cap,A,2017-06-30
Altair,HR 7557,α,Aql,-,2016-06-30
Altais,HR 7310,δ,Dra,-,2016-08-21
Alterf,HR 3773,λ,Leo,-,2017-02-01
Aludra,HR 2827,η,CMa,-,2016-07-20
Alula Australis,HR 4375,ξ,UMa,Aa,2016-07-20
Alula Borealis,HR 4377,ν,UMa,-,2016-07-20
Alya,HR 7141,θ1,Ser,A,2016-08-21
Alzirr,HR 2484,ξ,Gem,-,2017-06-30
Ancha,HR 8499,θ,Aqr,-,2016-09-12
Angetenar,HR 850,τ2,Eri,-,2017-06-30
Ankaa,HR 99,α,Phe,-,2016-07-20
Anser,HR 7405,α,Vul,-,2017-06-30
Antares,HR 6134,α,Sco,A,2016-06-30
Arcturus,HR 5340,α,Boo,-,2016-06-30
Arkab Posterior,HR 7343,β2,Sgr,-,2016-10-05
Arkab Prior,HR 7337,β1,Sgr,-,2016-10-05
Arneb,HR 1865,α,Lep,A,2016-07-20
Ascella,HR 7194,ζ,Sgr,A,2016-09-12
Asellus Australis,HR 3461,δ,Cnc,Aa,2016-11-06
Asellus Borealis,HR 3449,γ,Cnc,Aa,2016-11-06
Aspidiske,HR 3699,ι,Car,-,2016-07-20
Asterope,HR 1151,21,Tau,A,2016-08-21
Athebyne,HR 6132,η,Dra,A,2017-09-05
Atik,HR 1131,ο,Per,A,2016-09-12
Atlas,HR 1178,27,Tau,Aa1,2016-08-21
Atria,HR 6217,α,TrA,-,2016-07-20
Avior,HR 3307,ε,Car,A,2016-07-20
Azelfafage,HR 8301,π1,Cyg,-,2016-09-12
Azha,HR 874,η,Eri,-,2016-09-12
Baten Kaitos,HR 539,ζ,Cet,Aa,2016-09-12
Beemim,HR 1393,υ3,Eri,-,2017-06-30
Beid,HR 1298,ο1,Eri,-,2016-09-12
Bellatrix,HR 1790,γ,Ori,-,2016-06-30
Betelgeuse,HR 2061,α,Ori,Aa,2016-06-30
Bharani,HR 838,41,Ari,Aa,2017-06-30
Biham,HR 8450,θ,Peg,-,2016-08-21
Botein,HR 951,δ,Ari,-,2016-09-12
Brachium,HR 5603,σ,Lib,A,2017-09-05
Canopus,HR 2326,α,Car,A,2016-06-30
Capella,HR 1708,α,Aur,Aa,2016-06-30
Caph,HR 21,β,Cas,A,2016-06-30
Castor,HR 2891,α,Gem,Aa,2016-06-30
Castula,HR 265,υ2,Cas,-,2017-09-05
Cebalrai,HR 6603,β,Oph,-,2016-08-21
Celaeno,HR 1140,16,Tau,-,2016-08-21
Cervantes,HR 6585,μ,Ara,-,2015-12-15
Chalawan,HR 4277,47,UMa,-,2015-12-15
Chamukuy,HR 1412,θ2,Tau,Aa,2017-09-05
Chara,HR 4785,β,CVn,Aa,2016-07-20
Chertan,HR 4359,θ,Leo,-,2016-07-20
Copernicus,HR 3522,55,Cnc,A,2015-12-15
Cor Caroli,HR 4915,α2,CVn,Aa,2016-07-20
Cujam,HR 6117,ω,Her,A,2017-02-01
Cursa,HR 1666,β,Eri,-,2016-07-20
Dabih,HR 7776,β1,Cap,Aa,2016-08-21
Dalim,HR 963,α,For,A,2017-09-05
Deneb Algedi,HR 8322,δ,Cap,Aa,2017-02-01
Deneb,HR 7924,α,Cyg,-,2016-06-30
Denebola,HR 4534,β,Leo,-,2016-06-30
Diadem,HR 4968,α,Com,A,2017-02-01
Diphda,HR 188,β,Cet,-,2016-08-21
Dschubba,HR 5953,δ,Sco,A,2016-08-21
Dubhe,HR 4301,α,UMa,A,2016-06-30
Dziban,HR 6636,ψ1,Dra,A,2017-09-05
Edasich,HR 5744,ι,Dra,-,2015-12-15
Electra,HR 1142,17,Tau,-,2016-08-21
Elnath,HR 1791,β,Tau,Aa,2016-07-20
Eltanin,HR 6705,γ,Dra,-,2016-08-21
Enif,HR 8308,ε,Peg,-,2016-07-20
Errai,HR 8974,γ,Cep,Aa,2015-12-15
Fafnir,HR 6945,42,Dra,A,2015-12-15
Fang,HR 5944,π,Sco,Aa,2017-06-30
Fomalhaut,HR 8728,α,PsA,A,2015-12-15
Fulu,HR 153,ζ,Cas,-,2017-06-30
Furud,HR 2282,ζ,CMa,Aa,2016-07-20
Fuyue,HR 6630,-,Sco,-,2017-06-30
Gacrux,HR 4763,γ,Cru,-,2016-07-20
Geminga,PSR B0633+17,_,Gem,-,2022-04-04
Giausar,HR 4434,λ,Dra,-,2017-02-01
Gienah,HR 4662,γ,Crv,A,2016-11-06
Gomeisa,HR 2845,β,CMi,A,2016-07-20
Grumium,HR 6688,ξ,Dra,A,2016-09-12
Hadar,HR 5267,β,Cen,Aa,2016-08-21
Haedus,HR 1641,η,Aur,-,2017-06-30
Hamal,HR 617,α,Ari,-,2016-07-20
Hassaleh,HR 1577,ι,Aur,-,2017-06-30
Hatysa,HR 1899,ι,Ori,Aa,2017-09-05
Helvetios,HR 8729,51,Peg,-,2015-12-15
Homam,HR 8634,ζ,Peg,A,2016-08-21
Iklil,HR 5928,ρ,Sco,Aa,2017-09-05
Intercrus,HR 3743,-,UMa,-,2015-12-15
Izar,HR 5506,ε,Boo,A,2016-08-21
Jabbah,HR 6027,ν,Sco,Aa,2017-06-30
Jishui,HR 2930,ο,Gem,-,2017-06-30
Kaffaljidhma,HR 804,γ,Cet,A,2017-02-01
Kang,HR 5315,κ,Vir,-,2017-06-30
Kaus Australis,HR 6879,ε,Sgr,A,2016-07-20
Kaus Borealis,HR 6913,λ,Sgr,-,2016-07-20
Kaus Media,HR 6859,δ,Sgr,-,2016-07-20
Keid,HR 1325,ο2,Eri,A,2016-09-12
Khambalia,HR 5359,λ,Vir,A,2017-09-05
Kitalpha,HR 8131,α,Equ,A,2016-08-21
Kochab,HR 5563,β,UMi,-,2016-07-20
Kornephoros,HR 6148,β,Her,Aa,2016-08-21
Kurhah,HR 8417,ξ,Cep,Aa,2016-09-12
Lesath,HR 6508,υ,Sco,-,2016-08-21
Libertas,HR 7595,ξ,Aql,A,2015-12-15
Lich,PSR B1257+12,-,Vir,-,2015-12-15
Lilii Borea,HR 824,39,Ari,-,2017-09-05
Maasym,HR 6526,λ,Her,-,2016-09-12
Mahasim,HR 2095,θ,Aur,A,2017-06-30
Maia,HR 1149,20,Tau,-,2016-07-20
Marfik,HR 6149,λ,Oph,A,2016-09-12
Markab,HR 8781,α,Peg,-,2016-06-30
Markeb,HR 3734,κ,Vel,-,2017-09-05
Marsic,HR 6008,κ,Her,A,2017-02-01
Matar,HR 8650,η,Peg,Aa,2016-08-21
Mebsuta,HR 2473,ε,Gem,-,2016-07-20
Megrez,HR 4660,δ,UMa,-,2016-06-30
Meissa,HR 1879,λ,Ori,A,2016-07-20
Mekbuda,HR 2650,ζ,Gem,Aa,2016-09-12
Meleph,HR 3429,ε,Cnc,Aa,2017-09-05
Menkalinan,HR 2088,β,Aur,Aa,2016-07-20
Menkar,HR 911,α,Cet,-,2016-06-30
Menkent,HR 5288,θ,Cen,-,2016-08-21
Menkib,HR 1228,ξ,Per,-,2016-09-12
Merak,HR 4295,β,UMa,-,2016-06-30
Merga,HR 5533,38,Boo,-,2016-09-12
Meridiana,HR 7254,α,CrA,-,2017-09-05
Merope,HR 1156,23,Tau,Aa,2016-07-20
Mesarthim,HR 546,γ1,Ari,A,2016-08-21
Miaplacidus,HR 3685,β,Car,-,2016-07-20
Mimosa,HR 4853,β,Cru,-,2016-07-20
Minchir,HR 3418,σ,Hya,-,2017-09-05
Minelauva,HR 4910,δ,Vir,-,2017-06-30
Mintaka,HR 1852,δ,Ori,Aa,2016-07-20
Mira,HR 681,ο,Cet,Aa,2016-06-30
Mirach,HR 337,β,And,-,2016-06-30
Miram,HR 834,η,Per,A,2017-09-05
Mirfak,HR 1017,α,Per,-,2016-07-20
Mirzam,HR 2294,β,CMa,-,2016-07-20
Misam,HR 941,κ,Per,Aa,2017-09-05
Mizar,HR 5054,ζ,UMa,Aa,2016-06-30
Mothallah,HR 544,α,Tri,-,2016-08-21
Muliphein,HR 2657,γ,CMa,-,2016-08-21
Muphrid,HR 5235,η,Boo,Aa,2016-09-12
Muscida,HR 3323,ο,UMa,A,2016-07-20
Musica,HR 8030,18,Del,-,2015-12-15
Naos,HR 3165,ζ,Pup,-,2016-08-21
Nashira,HR 8278,γ,Cap,A,2016-08-21
Nekkar,HR 5602,β,Boo,-,2016-08-21
Nembus,HR 464,51,And,-,2017-09-05
Nihal,HR 1829,β,Lep,A,2016-07-20
Nunki,HR 7121,σ,Sgr,Aa,2016-08-21
Nusakan,HR 5747,β,CrB,A,2016-09-12
Ogma,HD 149026,-,Her,-,2015-12-15
Peacock,HR 7790,α,Pav,Aa,2016-07-20
Phact,HR 1956,α,Col,-,2016-07-20
Phecda,HR 4554,γ,UMa,Aa,2016-07-20
Pherkad,HR 5735,γ,UMi,-,2016-08-21
Pipirima,HR 6252,μ2,Sco,A,2017-09-05
Pleione,HR 1180,28,Tau,Aa,2016-06-30
Polaris Australis,HR 7228,σ,Oct,-,2017-09-05
Polaris,HR 424,α,UMi,Aa,2016-06-30
Polis,HR 6812,μ,Sgr,Aa,2017-09-05
Pollux,HR 2990,β,Gem,-,2015-12-15
Porrima,HR 4825,γ,Vir,A,2016-07-20
Praecipua,HR 4247,46,LMi,-,2017-06-30
Prima Hyadum,HR 1346,γ,Tau,A,2017-09-05
Procyon,HR 2943,α,CMi,A,2016-06-30
Propus,HR 2216,η,Gem,A,2016-07-20
Ran,HR 1084,ε,Eri,-,2015-12-15
Rana,HR 1136,δ,Eri,-,2022-04-04
Rasalas,HR 3905,μ,Leo,-,2016-09-12
Rasalgethi,HR 6406,α1,Her,Aa,2016-06-30
Rasalhague,HR 6556,α,Oph,A,2016-07-20
Rastaban,HR 6536,β,Dra,A,2016-08-21
Regulus,HR 3982,α,Leo,A,2016-06-30
Revati,HR 361,ζ,Psc,A,2017-06-30
Rigel,HR 1713,β,Ori,A,2016-06-30
Rigil Kentaurus,HR 5459,α,Cen,A,2016-11-06
Rotanev,HR 7882,β,Del,A,2016-09-12
Ruchbah,HR 403,δ,Cas,Aa,2016-08-21
Rukbat,HR 7348,α,Sgr,-,2016-07-20
Sabik,HR 6378,η,Oph,A,2016-08-21
Saclateni,HR 1612,ζ,Aur,A,2017-06-30
Sadachbia,HR 8518,γ,Aqr,Aa,2016-08-21
Sadalbari,HR 8684,μ,Peg,-,2016-08-21
Sadalmelik,HR 8414,α,Aqr,A,2016-08-21
Sadalsuud,HR 8232,β,Aqr,A,2016-08-21
Sadr,HR 7796,γ,Cyg,A,2016-08-21
Saiph,HR 2004,κ,Ori,-,2016-07-20
Salm,HR 8880,τ,Peg,-,2017-09-05
Sargas,HR 6553,θ,Sco,A,2016-08-21
Sarin,HR 6410,δ,Her,Aa,2016-09-12
Sceptrum,HR 1481,53,Eri,A,2017-06-30
Scheat,HR 8775,β,Peg,-,2016-06-30
Schedar,HR 168,α,Cas,-,2016-08-21
Secunda Hyadum,HR 1373,δ,Tau,Aa,2017-09-05
Segin,HR 0542,ε,Cas,-,2017-09-05
Seginus,HR 5435,γ,Boo,Aa,2016-08-21
Sham,HR 7479,α,Sge,-,2016-09-12
Shaula,HR 6527,λ,Sco,Aa,2016-07-20
Sheliak,HR 7106,β,Lyr,Aa1,2016-08-21
Sheratan,HR 553,β,Ari,A,2016-07-20
Sirius,HR 2491,α,CMa,A,2016-06-30
Situla,HR 8610,κ,Aqr,A,2016-09-12
Skat,HR 8709,δ,Aqr,A,2016-08-21
Spica,HR 5056,α,Vir,Aa,2016-06-30
Sualocin,HR 7906,α,Del,Aa,2016-09-12
Subra,HR 3852,ο,Leo,Aa,2016-09-12
Suhail,HR 3634,λ,Vel,-,2016-08-21
Sulafat,HR 7178,γ,Lyr,-,2016-08-21
Syrma,HR 5338,ι,Vir,-,2016-09-12
Tabit,HR 1543,π3,Ori,-,2017-09-05
Taiyangshou,HR 4518,χ,UMa,-,2017-06-30
Taiyi,HR 4916,8,Dra,-,2017-06-30
Talitha,HR 3569,ι,UMa,Aa,2016-07-20
Tania Australis,HR 4069,μ,UMa,A,2016-07-20
Tania Borealis,HR 4033,λ,UMa,A,2016-07-20
Tarazed,HR 7525,γ,Aql,-,2016-08-21
Taygeta,HR 1145,19,Tau,Aa,2016-08-21
Tegmine,HR 3208,ζ1,Cnc,A,2016-09-12
Tejat,HR 2286,μ,Gem,Aa,2017-02-01
Terebellum,HR 7597,ω,Sgr,A,2017-09-05
Theemin,HR 1464,υ2,Eri,-,2017-02-01
Thuban,HR 5291,α,Dra,A,2016-06-30
Tiaki,HR 8636,β,Gru,-,2017-09-05
Tianguan,HR 1910,ζ,Tau,A,2017-06-30
Tianyi,HR 4863,7,Dra,-,2017-06-30
Titawin,HR 458,υ,And,A,2015-12-15
Tonatiuh,HR 4609,-,Cam,-,2015-12-15
Torcular,HR 510,ο,Psc,A,2017-09-05
Tureis,HR 3185,ρ,Pup,A,2016-09-12
Unukalhai,HR 5854,α,Ser,-,2016-08-21
Unurgunite,HR 2646,σ,CMa,-,2017-09-05
Vega,HR 7001,α,Lyr,-,2016-06-30
Veritate,HR 8930,14,And,A,2015-12-15
Vindemiatrix,HR 4932,ε,Vir,-,2016-07-20
Wasat,HR 2777,δ,Gem,Aa,2016-08-21
Wazn,HR 2040,β,Col,-,2016-07-20
Wezen,HR 2693,δ,CMa,Aa,2016-07-20
Xamidimura,HR 6247,μ1,Sco,Aa,2017-09-05
Xuange,HR 5351,λ,Boo,-,2017-06-30
Yed Posterior,HR 6075,ε,Oph,-,2016-10-05
Yed Prior,HR 6056,δ,Oph,-,2016-10-05
Yildun,HR 6789,δ,UMi,-,2016-08-21
Zaniah,HR 4689,η,Vir,Aa,2016-09-12
Zaurak,HR 1231,γ,Eri,-,2016-07-20
Zavijava,HR 4540,β,Vir,-,2016-08-21
Zhang,HR 3903,υ1,Hya,A,2017-06-30
Zibal,HR 984,ζ,Eri,Aa,2016-09-12
Zosma,HR 4357,δ,Leo,-,2016-07-20
Zubenelgenubi,HR 5531,α2,Lib,Aa,2016-08-21
Zubenelhakrabi,HR 5787,γ,Lib,A,2017-09-05
Zubeneschamali,HR 5685,β,Lib,-,2016-08-21
Larawag,HR 6241,ε,Sco,-,2017-11-19
Ginan,HR 4700,ε,Cru,-,2017-11-19
Wurren,HR 338,ζ,Phe,Aa,2017-11-19
