type,id,name,spectral_type,x_pc,y_pc,z_pc,vx_kms,vy_kms,vz_kms,temperature_k,mass_solar,luminosity_solar,absolute_mag,epoch,notes,constellation,ra_deg,dec_deg,astrometry_epoch,parallax_mas,parallax_error_mas,pm_ra_cosdec_masyr,pm_ra_error_masyr,pm_dec_masyr,pm_dec_error_masyr,radial_velocity_kms,radial_velocity_error_kms,astrometry_ref,radial_velocity_ref
star,sun,Sun,G2V,0,0,0,0,0,0,5772,1,1,4.83,2000.0,"Reference origin. Adopted solar properties; NASA Sun facts and the IAU 2015 nominal effective temperature. Absolute visual magnitude +4.83: NASA Sun Fact Sheet (9 May 2024), https://nssdc.gsfc.nasa.gov/planetary/factsheet/sunfact.html .",,,,,,,,,,,,,,
star,proxima-centauri,Proxima Centauri,M5.5Ve,0.902932,-0.936976,-0.043783,-28.313,0.668,13.738,2930,0.122,,15.53,2000.0,Position from J2000 direction and Gaia EDR3 parallax 768.0665 mas (SIMBAD/CNS5). Temperature is the Pecaut-Mamajek M5.5V class estimate. Motion: SIMBAD GJ 551; Gaia EDR3 proper motion (2020yCat.1350....0G) and RV -20.578199 km/s (2020AJ....160..120J); converted to Sun-relative Galactic axes as documented in README.,Centaurus,217.392321472,-62.676075117,2016.0,768.0665,0.0499,-3781.741008265,0.031386077,769.465014648,0.050524533,-22.345,0.006,2020yCat.1350....0G,2014MNRAS.439.3094B
star,alpha-centauri-b,Alpha Centauri B,K1V,0.953651,-0.929646,-0.015841,,,,5170,0.909,,5.71,2000.0,Position from the J2000 component direction and the 750.81 mas Alpha Centauri AB parallax from Akeson et al. (2021). Temperature is a K1V class estimate.,Centaurus,219.89609629,-60.837527566,2000.0,743.0,1.3,-3614.39,20.48,802.98,19.52,,,2016A&A...586A..90P; 2007A&A...474..653V,
star,alpha-centauri-a,Alpha Centauri A,G2V,0.953716,-0.929581,-0.015797,,,,5770,1.079,,4.38,2000.0,Position from the J2000 component direction and the 750.81 mas Alpha Centauri AB parallax from Akeson et al. (2021). Temperature is a G2V class estimate.,Centaurus,219.902058332,-60.833992688,2000.0,743.0,1.3,-3679.25,3.89,473.67,3.24,,,2016A&A...586A..90P; 2007A&A...474..653V,
star,barnards-star,Barnard's Star,M4.0Ve,1.519999,0.913621,0.444229,-140.951,5.139,18.556,3210,0.144,,13.22,2000.0,Position from J2000 direction and Gaia EDR3 parallax 546.9759 mas (SIMBAD/CNS5). Temperature is an M4V class estimate. Motion: SIMBAD GJ 699; Gaia EDR3 proper motion (2020yCat.1350....0G) and RV -110.11 km/s (2018MNRAS.475.1960F); converted to Sun-relative Galactic axes as documented in README.,Ophiuchus,269.448502525,4.739420051,2016.0,546.9759,0.0401,-801.550978368,0.031820867,10362.394206547,0.036070455,-110.353,0.0032,2020yCat.1350....0G,2018A&A...616A...7S
brown_dwarf,luhman-16-a,Luhman 16 A,L8+/-1,0.520723,-1.918100,0.184114,,,,1420,0.032,,,2000.0,System position uses the J2000 direction and 500.993 mas parallax from Bedin et al. (2024). L8+/-1 classification is from Luhman (2013); temperature is a class estimate.,Vela,162.308643669,-53.318044753,2016.0,501.557,0.082,-2759.502,0.147,356.856,0.15,,,2018A&A...618A.111L,
brown_dwarf,luhman-16-b,Luhman 16 B,T1+/-2,0.520723,-1.918100,0.184114,,,,1240,0.027,,,2000.0,System position uses the J2000 direction and 500.993 mas parallax from Bedin et al. (2024). T1+/-2 classification is from Luhman (2013); temperature is a class estimate.,Vela,162.308402229,-53.31827781,2015.5,501.557,0.082,-2759.502,0.147,356.856,0.15,,,FROM:Luhman16A,
sub_brown_dwarf,wise-0855-0714,WISE 0855-0714,Y4,-1.199854,-1.712901,0.902867,,,,250,,,,2000.0,Position from J2000 direction and 439.0 mas infrared parallax from Kirkpatrick et al. (2021). The 250 K display temperature is within the published 225-260 K estimate.,Hydra,133.780984,-7.243932,2016.7,439.0,2.4,-8123.7,1.3,673.2,1.3,,,2021ApJS..253....7K,
star,wolf-359,Wolf 359,M6.0V,-0.587411,-1.207350,1.999649,-28.424,-47.825,-13.655,2810,0.090,,16.55,2000.0,Position from J2000 direction and Gaia EDR3 parallax 415.1794 mas (SIMBAD/CNS5). Temperature is an M6V class estimate. Motion: SIMBAD GJ 406; Gaia EDR3 proper motion (2020yCat.1350....0G) and RV 19.57 km/s (2018MNRAS.475.1960F); converted to Sun-relative Galactic axes as documented in README.,Leo,164.103190308,7.002726941,2016.0,415.1794,0.0684,-3866.338275144,0.08130645,-2699.214987679,0.06910815,19.442,0.032,2020yCat.1350....0G,2020A&A...636A..36L
star,lalande-21185,Lalande 21185,M2.0V,-1.054409,-0.094440,2.315617,46.167,-53.797,-74.238,3560,0.390,,10.44,2000.0,Position from J2000 direction and Gaia EDR3 parallax 392.7529 mas (SIMBAD/CNS5). Temperature is an M2V class estimate. Motion: SIMBAD GJ 411; Gaia EDR3 proper motion (2020yCat.1350....0G) and RV -84.64 km/s (2018MNRAS.475.1960F); converted to Sun-relative Galactic axes as documented in README.,Ursa Major,165.830959676,35.948653033,2016.0,392.7529,0.0321,-580.057087214,0.025565954,-4776.588719443,0.030034095,-85.016,0.023,2020yCat.1350....0G,2020A&A...636A..36L
star,sirius-a,Sirius A,A1V,-1.770640,-1.914144,-0.407875,14.960,0.257,-11.344,9845,2.063,24.74,1.42,2000.0,"Sirius system position and physical properties use Bond et al. (2017), including the adopted 378.9 mas parallax. The component offset is below this catalog's spatial precision. Motion: system motion shared by A and B; Hipparcos proper motion (SIMBAD HIP 32349; 2007A&A...474..653V) and true systemic RV -8.47 km/s from Bond et al. (2017) section V.1. No binary orbital motion; Galactic conversion documented in README.",Canis Major,101.287155333,-16.716115861,2000.0,379.21,1.58,-546.01,1.33,-1223.07,1.24,-5.5,0.4,2007A&A...474..653V,2006AstL...32..759G
white_dwarf,sirius-b,Sirius B,DA2,-1.770640,-1.914144,-0.407875,14.960,0.257,-11.344,25369,1.018,,11.34,2000.0,Sirius system position and white-dwarf properties use Bond et al. (2017). The component offset is below this catalog's spatial precision. Motion: inherited Sirius system motion as for A; Hipparcos proper motion (2007A&A...474..653V) and true systemic RV -8.47 km/s from Bond et al. (2017) section V.1. Not the white dwarf's gravitationally redshifted RV; no binary orbital motion.,Canis Major,101.286625521,-16.720932526,2016.0,374.4896,0.2313,-461.57050553,0.2779457,-914.519620902,0.33150372,,,2020yCat.1350....0G,
star,luyten-726-8-a,Luyten 726-8 A,M5.5Ve,-0.662073,0.052281,-2.605437,,,,2930,0.102,,15.40,2000.0,System position from J2000 direction and 371.92 mas parallax reported by the GRAVITY Collaboration (2024). Temperature is an M5.5V class estimate.,Cetus,24.771554293,-17.948299887,2016.0,367.7119,0.7418,3385.315810465,0.67216444,544.386384562,0.3787539,,,2020yCat.1350....0G,
star,luyten-726-8-b,Luyten 726-8 B,M6.0Ve,-0.662073,0.052281,-2.605437,,,,2810,0.100,,15.85,2000.0,System position from J2000 direction and 371.92 mas parallax reported by the GRAVITY Collaboration (2024). Temperature is an M6V class estimate.,Cetus,24.771674208,-17.94768286,2016.0,373.8443,0.5009,3178.694257575,0.42692018,584.061335039,0.30229247,,,2020yCat.1350....0G,
star,ross-154,Ross 154,M3.5Ve,2.871304,0.574127,-0.531321,-12.027,-1.006,-7.302,3270,0.170,,13.07,2000.0,Position from J2000 direction and Gaia EDR3 parallax 336.0266 mas (SIMBAD/CNS5). Temperature is an M3.5V class estimate. Motion: SIMBAD GJ 729; Gaia EDR3 proper motion (2020yCat.1350....0G) and RV -10.494 km/s (2018A&A...616A...7S); converted to Sun-relative Galactic axes as documented in README.,Sagittarius,282.458789018,-23.837097449,2016.0,336.0266,0.0317,639.367850336,0.03683873,-193.957925071,0.031829588,-10.494,0.0083,2020yCat.1350....0G,2018A&A...616A...7S
star,ross-248,Ross 248,M5.5Ve,-1.033255,2.840515,-0.920787,32.381,-74.367,0.229,2930,0.136,,14.79,2000.0,Position from J2000 direction and Gaia EDR3 parallax 316.4812 mas (SIMBAD/CNS5). Temperature is an M5.5V class estimate. Motion: SIMBAD GJ 905; Gaia EDR3 proper motion (2020yCat.1350....0G) and RV -77.51 km/s (2018MNRAS.475.1960F); converted to Sun-relative Galactic axes as documented in README.,Andromeda,355.480015258,44.170375701,2016.0,316.4812,0.0444,112.527464933,0.036434025,-1591.649761815,0.026793785,-77.764,0.0108,2020yCat.1350....0G,2018A&A...616A...7S
star,epsilon-eridani,Epsilon Eridani,K2V,-2.070546,-0.587646,-2.394721,-3.597,7.093,-20.649,5100,0.820,,6.19,2000.0,Position from J2000 direction and Gaia EDR3 parallax 310.5773 mas (SIMBAD/CNS5). Temperature is a K2V class estimate. Motion: SIMBAD GJ 144; Gaia EDR3 proper motion (2020yCat.1350....0G) and RV 16.376 km/s (2018A&A...616A...7S); converted to Sun-relative Galactic axes as documented in README.,Eridanus,53.228293415,-9.458168216,2016.0,310.5773,0.1355,-974.75814525,0.15972257,20.87584009,0.120366044,16.376,0.0019,2020yCat.1350....0G,2018A&A...616A...7S
star,lacaille-9352,Lacaille 9352,M0.5V,1.334304,0.119105,-3.002741,-93.627,-13.444,-51.795,3770,0.486,,9.75,2000.0,Position from J2000 direction and Gaia EDR3 parallax 304.1354 mas (SIMBAD/CNS5). Temperature is an M0.5V class estimate. Motion: SIMBAD GJ 887; Gaia EDR3 proper motion (2020yCat.1350....0G) and RV 8.82 km/s (2018A&A...616A...7S); converted to Sun-relative Galactic axes as documented in README.,Piscis Austrinus,346.50391668,-35.847164208,2016.0,304.1354,0.02,6765.995136251,0.020218689,1330.285274718,0.016431512,8.82,0.0006,2020yCat.1350....0G,2018A&A...616A...7S
star,ross-128,Ross 128,M4.0Vn,0.004393,-1.709887,2.909673,17.931,4.836,-32.747,3210,0.168,,13.51,2000.0,Position from J2000 direction and Gaia EDR3 parallax 296.3053 mas (SIMBAD/CNS5). Temperature is an M4V class estimate. Motion: SIMBAD GJ 447; Gaia EDR3 proper motion (2020yCat.1350....0G) and RV -30.66 km/s (2018MNRAS.475.1960F); converted to Sun-relative Galactic axes as documented in README.,Virgo,176.93768799,0.79911997,2016.0,296.3053,0.0302,607.299076681,0.03432964,-1223.028354888,0.022648253,-31.073,0.0024,2020yCat.1350....0G,2018A&A...616A...7S
star,ez-aquarii-a,EZ Aquarii A,M5.0Ve,1.264192,1.359020,-2.855815,,,,3060,0.11,,15.64,2000.0,System position from J2000 direction and 293.60 mas parallax compiled by Torres et al. (2010). Temperature is the unresolved M5V system class estimate.,Aquarius,339.650693945,-15.289647052,2016.0,293.6,0.9,2314.8,8.0,2295.3,8.0,,,2010A&ARv..18...67T; 2012yCat.1322....0Z,
star,ez-aquarii-b,EZ Aquarii B,M?,1.264192,1.359020,-2.855815,,,,3060,0.11,,15.58,2000.0,System position from J2000 direction and 293.60 mas parallax compiled by Torres et al. (2010). Individual subtype is uncertain; temperature uses the unresolved M5V system estimate.,Aquarius,339.650693945,-15.289647052,2016.0,293.6,0.9,2314.8,8.0,2295.3,8.0,,,FROM:GJ866A,
star,ez-aquarii-c,EZ Aquarii C,M?,1.264192,1.359020,-2.855815,,,,3060,0.10,,16.34,2000.0,System position from J2000 direction and 293.60 mas parallax compiled by Torres et al. (2010). Included with A and B because all three components tie across the cutoff.,Aquarius,339.650693945,-15.289647052,2016.0,293.6,0.9,2314.8,8.0,2295.3,8.0,,,FROM:GJ866A,
star,10pc-0030,61 Cyg B,K7,0.465163171,3.448188534,-0.355036758,-92.400290,-53.652772,-8.897231,4100,,,,2000.0,"10pc census (2023-08-25), object 30, system 15; 61 Cyg B. J2000 Sun-relative Galactic position via Astropy; full-space-motion. Estimated: Pecaut-Mamajek 2022.04.16 K7V mean dwarf class, not a measured temperature. Component-resolved Johnson V not independently established; multi-star system V withheld. No orbital model.",Cygnus,316.753662753,38.756072772,2016.0,286.0054,0.0289,4105.976428209,0.025807729,3155.941639827,0.026797226,-64.248,0.0885,2020yCat.1350....0G,2018A&A...616A...7S
star,10pc-0029,61 Cyg A,K5,0.465033343,3.448411574,-0.354558478,-94.386995,-54.934387,-8.430669,4440,,,,2000.0,"10pc census (2023-08-25), object 29, system 15; 61 Cyg A. J2000 Sun-relative Galactic position via Astropy; full-space-motion. Estimated: Pecaut-Mamajek 2022.04.16 K5V mean dwarf class, not a measured temperature. Component-resolved Johnson V not independently established; multi-star system V withheld. No orbital model.",Cygnus,316.748479294,38.763862446,2016.0,285.9949,0.0599,4164.208692285,0.055289943,3249.613883849,0.055022996,-65.82,0.06,2020yCat.1350....0G,2018A&A...619A..81H
white_dwarf,10pc-0032,Procyon B,DQZ,-2.848424115,-1.899848594,0.791604980,,,,,,,,2000.0,"10pc census (2023-08-25), object 32, system 16; alf CMi B. J2000 Sun-relative Galactic position via Astropy; transverse-only; unknown/withheld RV, no exported velocity. No appropriate object-specific temperature adopted; dwarf sequence not applied. Component-resolved Johnson V not independently established; multi-star system V withheld. No orbital model.",Canis Minor,114.8245,5.2241111,2000.0,284.56,1.26,-709.0,25.0,-1024.0,25.0,,,FROM:alfCMiA; 2001AJ....121.2189O,
star,10pc-0031,Procyon A,F5.0,-2.848420862,-1.899821564,0.791681555,4.746767,-8.964451,-18.638174,,,,,2000.0,"10pc census (2023-08-25), object 31, system 16; alf CMi A. J2000 Sun-relative Galactic position via Astropy; full-space-motion. No appropriate object-specific temperature adopted; dwarf sequence not applied. Component-resolved Johnson V not independently established; multi-star system V withheld. No orbital model.",Canis Minor,114.825497908,5.224987557,2000.0,284.56,1.26,-714.59,2.6,-1036.8,1.15,-3.2,0.9,2007A&A...474..653V,1953GCRV..C......0W
star,10pc-0034,HD 173740,M3.5,0.040109110,3.212514178,1.445864930,-25.311326,-10.866400,27.513895,3270,,,,2000.0,"10pc census (2023-08-25), object 34, system 17; HD 173740. J2000 Sun-relative Galactic position via Astropy; full-space-motion. Estimated: Pecaut-Mamajek 2022.04.16 M3.5V mean dwarf class, not a measured temperature. Component-resolved Johnson V not independently established; multi-star system V withheld. No orbital model. Source caution: 1976A&AS...26..177B mentioned a perturbation from a 15 Mjup object unconfirmed by 2019A&A...623A..72K",Draco,280.683086246,59.635145455,2016.0,283.8378,0.0287,-1400.263516757,0.03854041,1862.525147749,0.033203878,1.102,0.0037,2020yCat.1350....0G,2018A&A...616A...7S
star,10pc-0033,HD 173739,M3,0.039902863,3.212489140,1.445931401,-24.506823,-11.888025,25.191843,3430,,,,2000.0,"10pc census (2023-08-25), object 33, system 17; HD 173739. J2000 Sun-relative Galactic position via Astropy; full-space-motion. Estimated: Pecaut-Mamajek 2022.04.16 M3V mean dwarf class, not a measured temperature. Component-resolved Johnson V not independently established; multi-star system V withheld. No orbital model.",Draco,280.683070835,59.638357908,2016.0,283.8401,0.022,-1311.679082552,0.02710057,1792.32455583,0.026312303,-0.772,0.005,2020yCat.1350....0G,2018A&A...616A...7S
star,10pc-0035,GX And,M1,-1.517124166,3.019495860,-1.127187719,-49.149059,-12.045781,-3.435859,3660,,,,2000.0,"10pc census (2023-08-25), object 35, system 18; GJ 15 A. J2000 Sun-relative Galactic position via Astropy; full-space-motion. Estimated: Pecaut-Mamajek 2022.04.16 M1V mean dwarf class, not a measured temperature. Component-resolved Johnson V not independently established; multi-star system V withheld. No orbital model.",Andromeda,4.613226258,44.024786744,2016.0,280.7068,0.0203,2891.518077337,0.015489398,411.832020366,0.01302328,11.82,0.0041,2020yCat.1350....0G,2018A&A...616A...7S
star,10pc-0038,GQ And,M3.5e,-1.517739435,3.019431508,-1.127059688,-48.047177,-12.794886,-4.300772,3270,,,,2000.0,"10pc census (2023-08-25), object 38, system 18; GJ 15 B. J2000 Sun-relative Galactic position via Astropy; full-space-motion. Estimated: Pecaut-Mamajek 2022.04.16 M3.5V mean dwarf class, not a measured temperature. Component-resolved Johnson V not independently established; multi-star system V withheld. No orbital model.",Andromeda,4.625300681,44.028744517,2016.0,280.6947,0.0278,2862.796426497,0.022829484,336.431903719,0.01896944,10.997,0.0152,2020yCat.1350....0G,2018A&A...616A...7S
star,10pc-0039,DX Cnc,M6.5,-2.890421650,-0.884495456,1.919820692,-17.486048,-10.142751,-12.470658,2740,,,,2000.0,"10pc census (2023-08-25), object 39, system 19; G 51-15. J2000 Sun-relative Galactic position via Astropy; full-space-motion. Estimated: Pecaut-Mamajek 2022.04.16 M6.5V mean dwarf class, not a measured temperature. Johnson V unknown in source; no G/IR substitution. No orbital model.",Cancer,127.450092402,26.773285965,2016.0,279.2496,0.0637,-1113.693546785,0.06408457,-612.191072829,0.047464374,9.936,0.048,2020yCat.1350....0G,2020A&A...636A..36L
star,10pc-0040,eps Ind A,K5,2.225889646,-0.982076534,-2.706280503,-80.722677,-40.933753,2.335078,4440,,,,2000.0,"10pc census (2023-08-25), object 40, system 20; eps Ind A. J2000 Sun-relative Galactic position via Astropy; full-space-motion. Estimated: Pecaut-Mamajek 2022.04.16 K5V mean dwarf class, not a measured temperature. Component-resolved Johnson V not independently established; multi-star system V withheld. No orbital model.",Indus,330.87240788,-56.797254661,2016.0,274.8431,0.0956,3966.660538748,0.08557088,-2536.191986804,0.09221277,-40.035,0.0008,2020yCat.1350....0G,2018A&A...616A...7S
star,10pc-0044,tau Cet,G8.5,-1.033495105,0.125054321,-3.500941415,18.733492,29.448773,12.842102,5430,,,5.687083,2000.0,"10pc census (2023-08-25), object 44, system 21; tau Cet. J2000 Sun-relative Galactic position via Astropy; full-space-motion. Estimated: linear interpolation between Pecaut-Mamajek 2022.04.16 G8V and G9V mean dwarf classes. Absolute Johnson V derived from 10pc Vmag=3.5 and adopted distance; negligible extinction assumed. Photometric epoch, uncertainty and individual V bibliography not supplied by compilation. No orbital model. Source caution: tau Cet e f g h: candidate planets 2017AJ....154..135F",Cetus,26.009055057,-15.933680201,2016.0,273.8097,0.1701,-1721.727794472,0.18087587,854.963157059,0.08807259,-16.597,0.0007,2020yCat.1350....0G,2018A&A...616A...7S
star,10pc-0045,GJ 1061,M5.5,-0.689559716,-2.105948452,-2.930553658,-3.199918,-20.045838,-3.018060,2930,,,15.244274,2000.0,"10pc census (2023-08-25), object 45, system 22; GJ 1061. J2000 Sun-relative Galactic position via Astropy; full-space-motion. Estimated: Pecaut-Mamajek 2022.04.16 M5.5V mean dwarf class, not a measured temperature. Absolute Johnson V derived from 10pc Vmag=13.07 and adopted distance; negligible extinction assumed. Photometric epoch, uncertainty and individual V bibliography not supplied by compilation. No orbital model.",Horologium,54.003393877,-44.514362316,2016.0,272.1615,0.0316,745.654340004,0.03492798,-373.323280914,0.038019042,14.499,0.0024,2020yCat.1350....0G,2014MNRAS.439.3094B
brown_dwarf,10pc-0042,eps Ind Ba,T1,2.254219405,-0.997962366,-2.751976411,,,,1240,,,,2000.0,"10pc census (2023-08-25), object 42, system 20; eps Ind B. J2000 Sun-relative Galactic position via Astropy; transverse-only; unknown/withheld RV, no exported velocity. Estimated: Pecaut-Mamajek 2022.04.16 T1V mean dwarf class, not a measured temperature. Component-resolved Johnson V not independently established; multi-star system V withheld. No orbital model.",Indus,331.076452597,-56.793812067,2016.0,270.658,0.6896,3981.976662961,0.6016568,-2466.831814766,0.6256827,,,2020yCat.1350....0G,
brown_dwarf,10pc-0043,eps Ind Bb,T6,2.254219405,-0.997962366,-2.751976411,,,,950,,,,2000.0,"10pc census (2023-08-25), object 43, system 20; eps Ind C. J2000 Sun-relative Galactic position via Astropy; transverse-only; unknown/withheld RV, no exported velocity. Estimated: Pecaut-Mamajek 2022.04.16 T6V mean dwarf class, not a measured temperature. Component-resolved Johnson V not independently established; multi-star system V withheld. No orbital model.",Indus,331.076452597,-56.793812067,2016.0,270.658,0.6896,3981.976662961,0.6016568,-2466.831814766,0.6256827,,,FROM:epsIndB; FROM:GJ845B,
star,10pc-0049,YZ Cet,M4e,-0.625462122,0.365413612,-3.644941288,-28.211942,-0.391454,-23.586140,3210,,,14.223490,2000.0,"10pc census (2023-08-25), object 49, system 23; YZ Cet. J2000 Sun-relative Galactic position via Astropy; full-space-motion. Estimated: Pecaut-Mamajek 2022.04.16 M4V mean dwarf class, not a measured temperature. Absolute Johnson V derived from 10pc Vmag=12.074 and adopted distance; negligible extinction assumed. Photometric epoch, uncertainty and individual V bibliography not supplied by compilation. No orbital model.",Cetus,18.133254254,-16.996154872,2016.0,269.0573,0.0337,1205.074450318,0.04133712,637.546633968,0.051560108,27.846,0.023,2020yCat.1350....0G,2020A&A...636A..36L
star,10pc-0053,Luyten's Star,M3.5,-3.146111244,-1.992315402,0.681682002,16.156343,-65.301807,-17.015860,3270,,,11.981231,2000.0,"10pc census (2023-08-25), object 53, system 24; GJ 273. J2000 Sun-relative Galactic position via Astropy; full-space-motion. Estimated: Pecaut-Mamajek 2022.04.16 M3.5V mean dwarf class, not a measured temperature. Absolute Johnson V derived from 10pc Vmag=9.872 and adopted distance; negligible extinction assumed. Photometric epoch, uncertainty and individual V bibliography not supplied by compilation. No orbital model. Source caution: GJ 273 d e: unconfirmed planets 2020A&A...641A..23P",Canis Minor,111.854628443,5.209382702,2016.0,264.1269,0.0413,571.232346729,0.04458072,-3691.486565379,0.03559047,17.895,0.025,2020yCat.1350....0G,2020A&A...636A..36L
star,10pc-0056,Teegarden's Star,M6,-2.878501467,1.032735133,-2.306671396,-66.175920,-72.347013,-56.045728,2810,,,,2000.0,"10pc census (2023-08-25), object 56, system 25; Teegarden's Star. J2000 Sun-relative Galactic position via Astropy; full-space-motion. Estimated: Pecaut-Mamajek 2022.04.16 M6V mean dwarf class, not a measured temperature. Johnson V unknown in source; no G/IR substitution. No orbital model.",Aries,43.269642477,16.864373819,2016.0,260.9884,0.0934,3429.082826808,0.087942876,-3805.541122737,0.08326042,64.01,0.0124,2020yCat.1350....0G,2014MNRAS.439.3094B
star,10pc-0059,Kapteyn's Star,sdM1,-1.059611320,-2.997516814,-2.310066332,20.016789,-288.061815,-52.407587,,0.281,,10.881080,2000.0,"10pc census (2023-08-25), object 59, system 26; Kapteyn's Star. J2000 Sun-relative Galactic position via Astropy; full-space-motion. Unknown, limited, peculiar, subdwarf or unsupported spectral classification. Absolute Johnson V derived from 10pc Vmag=8.853 and adopted distance; negligible extinction assumed. Photometric epoch, uncertainty and individual V bibliography not supplied by compilation. No orbital model. Source caution: Kapteyn's Star c: controversial planet 2014MNRAS.443L..89A Mass: 0.281 +/- 0.014 solar masses adopted from Guinan et al. (2016) Table 1, attributed there to Segransan et al. (2003).",Pictor,77.95993735,-45.043812699,2016.0,254.1986,0.0168,6491.223339062,0.018412089,-5708.614150045,0.020839408,245.234,0.0017,2020yCat.1350....0G,2018A&A...616A...7S
star,10pc-0060,Lacaille 8760,M1,2.836298872,0.193570416,-2.770062333,58.574148,-19.608642,28.966463,3660,,,8.686433,2000.0,"10pc census (2023-08-25), object 60, system 27; AX Mic. J2000 Sun-relative Galactic position via Astropy; full-space-motion. Estimated: Pecaut-Mamajek 2022.04.16 M1V mean dwarf class, not a measured temperature. Absolute Johnson V derived from 10pc Vmag=6.68 and adopted distance; negligible extinction assumed. Photometric epoch, uncertainty and individual V bibliography not supplied by compilation. No orbital model.",Microscopium,319.295018138,-38.872456401,2016.0,251.9124,0.0352,-3258.966218702,0.029930007,-1145.862396912,0.025867643,20.701,0.12,2020yCat.1350....0G,2022yCat.1355....0G
star,10pc-0062,DO Cep,M4,-1.014508377,3.870231218,-0.000155991,28.283950,-21.534010,-1.865868,3210,,,,2000.0,"10pc census (2023-08-25), object 62, system 28; HD 239960 B. J2000 Sun-relative Galactic position via Astropy; full-space-motion. Estimated: Pecaut-Mamajek 2022.04.16 M4V mean dwarf class, not a measured temperature. Component-resolved Johnson V not independently established; multi-star system V withheld. No orbital model.",Cepheus,336.991386092,57.69410078,2016.0,249.9668,0.7414,-934.098,1.319,-686.244,1.41,-28.0,5.0,2018yCat.1345....0G,1953GCRV..C......0W
brown_dwarf,10pc-0064,SCR J1845-6357 B,T6,3.228430369,-1.751477733,-1.597659809,,,,950,,,,2000.0,"10pc census (2023-08-25), object 64, system 29; SCR J1845-6357 B. J2000 Sun-relative Galactic position via Astropy; transverse-only; unknown/withheld RV, no exported velocity. Estimated: Pecaut-Mamajek 2022.04.16 T6V mean dwarf class, not a measured temperature. Component-resolved Johnson V not independently established; multi-star system V withheld. No orbital model. Source caution: Could be EDR3 6439125097425887488 with sep 2.2 arcsec but doubtful  G-Rp=1.3 small for a midT",Pavo,281.28054,-63.961885,2005.5,249.6651,0.133,2583.189785995,0.09070165,588.504138102,0.10340071,,,FROM:SCRJ1845-6357A; FROM:SCRJ1845-6357,
star,10pc-0063,SCR J1845-6357 A,M8,3.228650346,-1.751624787,-1.597792826,-19.422405,36.375576,-33.972629,2570,,,,2000.0,"10pc census (2023-08-25), object 63, system 29; SCR J1845-6357 A. J2000 Sun-relative Galactic position via Astropy; full-space-motion. Estimated: Pecaut-Mamajek 2022.04.16 M8V mean dwarf class, not a measured temperature. Component-resolved Johnson V not independently established; multi-star system V withheld. No orbital model.",Pavo,281.298043862,-63.960567367,2016.0,249.6651,0.133,2583.189785995,0.09070165,588.504138102,0.10340071,-18.0,2.0,2020yCat.1350....0G,2015ApJS..220...18B
star,10pc-0061,Kruger 60 A,M3,-1.016721093,3.879105492,-0.000263571,19.604535,-19.672926,3.565194,3430,,,,2000.0,"10pc census (2023-08-25), object 61, system 28; HD 239960 A. J2000 Sun-relative Galactic position via Astropy; full-space-motion. Estimated: Pecaut-Mamajek 2022.04.16 M3V mean dwarf class, not a measured temperature. Component-resolved Johnson V not independently established; multi-star system V withheld. No orbital model.",Cepheus,336.992112906,57.694032053,2016.0,249.3926,0.1653,-725.227,0.537,-223.461,0.348,-24.0,5.0,2018yCat.1345....0G,1953GCRV..C......0W
star,10pc-0065,DENIS J104814.6-395606,M9,0.583864299,-3.822782631,1.187155930,-11.092804,0.801832,-29.456852,2380,,,19.497283,2000.0,"10pc census (2023-08-25), object 65, system 30; DENIS J104814.6-395606. J2000 Sun-relative Galactic position via Astropy; full-space-motion. Estimated: Pecaut-Mamajek 2022.04.16 M9V mean dwarf class, not a measured temperature. Absolute Johnson V derived from 10pc Vmag=17.532 and adopted distance; negligible extinction assumed. Photometric epoch, uncertainty and individual V bibliography not supplied by compilation. No orbital model.",Antlia,162.053887717,-39.939625947,2016.0,247.2156,0.0512,-1179.311133843,0.055921696,-988.12149596,0.055926006,-11.0,2.0,2020yCat.1350....0G,2015ApJS..220...18B
star,10pc-0066,V577 Mon A,M4.5,-3.434253548,-2.224137378,-0.443517978,-3.270412,-26.665433,4.097167,3110,,,,2000.0,"10pc census (2023-08-25), object 66, system 31; Ross 614 A. J2000 Sun-relative Galactic position via Astropy; full-space-motion. Estimated: Pecaut-Mamajek 2022.04.16 M4.5V mean dwarf class, not a measured temperature. Component-resolved Johnson V not independently established; multi-star system V withheld. No orbital model.",Monoceros,97.350794774,-2.817130718,2016.0,242.9659,0.8833,750.14,1.648,-802.947,1.475,16.7,0.2,2018yCat.1345....0G,2006AstL...32..759G
star,10pc-0067,V577 Mon B,M5.5,-3.434481562,-2.224285075,-0.443547420,,,,2930,,,,2000.0,"10pc census (2023-08-25), object 67, system 31; Ross 614 B. J2000 Sun-relative Galactic position via Astropy; transverse-only; unknown/withheld RV, no exported velocity. Estimated: Pecaut-Mamajek 2022.04.16 M5.5V mean dwarf class, not a measured temperature. Component-resolved Johnson V not independently established; multi-star system V withheld. No orbital model. Source caution: Could be EDR3 3117120863519565568 but doubtful because similar magnitudes",Monoceros,97.350794774,-2.817130718,2016.0,242.9659,0.8833,750.14,1.648,-802.947,1.475,,,FROM:Ross614A,
brown_dwarf,10pc-0068,UGPS J072227.51-054031.2,> T9,-3.074259736,-2.723599784,0.306480415,,,,,,,,2000.0,"10pc census (2023-08-25), object 68, system 32; UGPS J072227.51-054031.2. J2000 Sun-relative Galactic position via Astropy; transverse-only; unknown/withheld RV, no exported velocity. Unknown, limited, peculiar, subdwarf or unsupported spectral classification. Johnson V unknown in source; no G/IR substitution. No orbital model.",Monoceros,110.614629,-5.675336,2000.0,242.8,2.4,-903.738,1.5842,351.808,0.6167,,,2012ApJ...748...74L; 2012ApJS..201...19D,
star,10pc-0069,Wolf 1061,M3,3.938633803,0.230666706,1.730253693,-12.919333,-21.140093,-20.603727,3430,,,11.900566,2000.0,"10pc census (2023-08-25), object 69, system 33; Wolf 1061. J2000 Sun-relative Galactic position via Astropy; full-space-motion. Estimated: Pecaut-Mamajek 2022.04.16 M3V mean dwarf class, not a measured temperature. Absolute Johnson V derived from 10pc Vmag=10.072 and adopted distance; negligible extinction assumed. Photometric epoch, uncertainty and individual V bibliography not supplied by compilation. No orbital model.",Ophiuchus,247.574814162,-12.667851081,2016.0,232.139,0.0268,-94.209594994,0.03089707,-1183.917157588,0.021104315,-21.216,0.0006,2020yCat.1350....0G,2018A&A...616A...7S
white_dwarf,10pc-0073,van Maanen's Star,DZ,-1.225017169,1.969635077,-3.637888310,,,,,,,14.199380,2000.0,"10pc census (2023-08-25), object 73, system 34; Wolf 28. J2000 Sun-relative Galactic position via Astropy; transverse-only; unknown/withheld RV, no exported velocity. No appropriate object-specific temperature adopted; dwarf sequence not applied. Absolute Johnson V derived from 10pc Vmag=12.374 and adopted distance; negligible extinction assumed. Photometric epoch, uncertainty and individual V bibliography not supplied by compilation. No orbital model.",Pisces,12.29674025,5.376556608,2016.0,231.78,0.0183,1231.399465379,0.022946512,-2711.882504485,0.019384578,,,2020yCat.1350....0G,
star,10pc-0074,FL Vir A,M5.5,0.444031164,-1.307297412,4.100577413,-33.697585,-15.552083,-0.259518,2930,,,,2000.0,"10pc census (2023-08-25), object 74, system 35; Wolf 424 A. J2000 Sun-relative Galactic position via Astropy; full-space-motion. Estimated: Pecaut-Mamajek 2022.04.16 M5.5V mean dwarf class, not a measured temperature. Component-resolved Johnson V not independently established; multi-star system V withheld. No orbital model.",Virgo,188.314492802,9.022091625,2016.0,231.1185,0.5119,-1795.66090246,0.5651156,217.788566562,0.5500163,1.0,4.0,2020yCat.1350....0G,2015ApJ...802L..10T
star,10pc-0076,HD 225213,M2,1.015120620,-0.299656978,-4.214708698,-74.518138,-97.428870,-37.286401,3560,,,10.371763,2000.0,"10pc census (2023-08-25), object 76, system 36; HD 225213. J2000 Sun-relative Galactic position via Astropy; full-space-motion. Estimated: Pecaut-Mamajek 2022.04.16 M2V mean dwarf class, not a measured temperature. Absolute Johnson V derived from 10pc Vmag=8.562 and adopted distance; negligible extinction assumed. Photometric epoch, uncertainty and individual V bibliography not supplied by compilation. No orbital model.",Sculptor,1.383284152,-37.367744028,2016.0,230.097,0.0362,5633.438087895,0.026583562,-2334.721272652,0.030039242,25.534,0.001,2020yCat.1350....0G,2018A&A...616A...7S
star,10pc-0077,GJ 9066,M4.5,-2.600114497,1.646345148,-3.242032574,13.430534,-50.888183,3.150326,3110,,,14.046412,2000.0,"10pc census (2023-08-25), object 77, system 37; GJ 9066. J2000 Sun-relative Galactic position via Astropy; full-space-motion. Estimated: Pecaut-Mamajek 2022.04.16 M4.5V mean dwarf class, not a measured temperature. Absolute Johnson V derived from 10pc Vmag=12.298 and adopted distance; negligible extinction assumed. Photometric epoch, uncertainty and individual V bibliography not supplied by compilation. No orbital model.",Aries,30.058987048,13.044071201,2016.0,223.7321,0.0699,1096.458485897,0.06671383,-1771.526145379,0.056617845,-28.832,0.025,2020yCat.1350....0G,2020A&A...636A..36L
star,10pc-0075,FL Vir B,M7,0.459209550,-1.352021054,4.240791896,,,,2680,,,,2000.0,"10pc census (2023-08-25), object 75, system 35; Wolf 424 B. J2000 Sun-relative Galactic position via Astropy; transverse-only; unknown/withheld RV, no exported velocity. Estimated: Pecaut-Mamajek 2022.04.16 M7V mean dwarf class, not a measured temperature. Component-resolved Johnson V not independently established; multi-star system V withheld. No orbital model.",Virgo,188.314676776,9.021829208,2016.0,223.4775,0.4665,-1710.467654065,0.5541853,203.09780864,0.45071223,,,2020yCat.1350....0G,
star,10pc-0080,GJ 687,M3,-0.577415425,3.816932755,2.408857429,30.554816,-25.422072,-6.724009,3430,,,,2000.0,"10pc census (2023-08-25), object 80, system 38; GJ 687. J2000 Sun-relative Galactic position via Astropy; full-space-motion. Estimated: Pecaut-Mamajek 2022.04.16 M3V mean dwarf class, not a measured temperature. Johnson V unknown in source; no G/IR substitution. No orbital model. Source caution: GJ 687 c: candidate planet 2020ApJS..250...29F",Draco,264.104052573,68.333497638,2016.0,219.7898,0.021,-320.67472433,0.023984322,-1269.893286659,0.026745409,-28.759,0.0011,2020yCat.1350....0G,2018A&A...616A...7S
star,10pc-0082,GJ 674,M2,4.323549402,-1.321517752,-0.537305267,-7.787119,-7.240436,-20.230264,3560,,,11.115597,2000.0,"10pc census (2023-08-25), object 82, system 39; GJ 674. J2000 Sun-relative Galactic position via Astropy; full-space-motion. Estimated: Pecaut-Mamajek 2022.04.16 M2V mean dwarf class, not a measured temperature. Absolute Johnson V derived from 10pc Vmag=9.407 and adopted distance; negligible extinction assumed. Photometric epoch, uncertainty and individual V bibliography not supplied by compilation. No orbital model.",Ara,262.170163922,-46.899104899,2016.0,219.6463,0.0262,572.56846182,0.039771337,-880.582618762,0.027025519,-2.904,0.0011,2020yCat.1350....0G,2018A&A...616A...7S
brown_dwarf,10pc-0084,WISE J163940.83-684738.6,Y0pec,3.436753222,-2.762208487,-1.138168640,,,,,,,,2000.0,"10pc census (2023-08-25), object 84, system 40; WISE J163940.83-684738.6. J2000 Sun-relative Galactic position via Astropy; transverse-only; unknown/withheld RV, no exported velocity. Unknown, limited, peculiar, subdwarf or unsupported spectral classification. Johnson V unknown in source; no G/IR substitution. No orbital model.",Triangulum Australe,249.922582,-68.798903,2015.9,219.6,2.3,578.1,1.1,-3107.5,1.1,,,2021ApJS..253....7K,
star,10pc-0085,LP 731-58,M6.5,-0.536190246,-3.383561105,3.008537329,27.504812,-18.171973,-12.905087,2740,,,17.489506,2000.0,"10pc census (2023-08-25), object 85, system 41; LP 731-58. J2000 Sun-relative Galactic position via Astropy; full-space-motion. Estimated: Pecaut-Mamajek 2022.04.16 M6.5V mean dwarf class, not a measured temperature. Absolute Johnson V derived from 10pc Vmag=15.784 and adopted distance; negligible extinction assumed. Photometric epoch, uncertainty and individual V bibliography not supplied by compilation. No orbital model.",Sextans,162.055183999,-11.34280332,2016.0,219.3302,0.0602,579.018668285,0.06579582,-1530.076483588,0.057569522,1.74,0.032,2020yCat.1350....0G,2020A&A...636A..36L
white_dwarf,10pc-0086,LAWD 37,DQ,2.031252523,-4.161574797,-0.231010055,,,,,,,13.182002,2000.0,"10pc census (2023-08-25), object 86, system 42; LAWD 37. J2000 Sun-relative Galactic position via Astropy; transverse-only; unknown/withheld RV, no exported velocity. No appropriate object-specific temperature adopted; dwarf sequence not applied. Absolute Johnson V derived from 10pc Vmag=11.513 and adopted distance; negligible extinction assumed. Photometric epoch, uncertainty and individual V bibliography not supplied by compilation. No orbital model.",Musca,176.456646617,-64.843052846,2016.0,215.6753,0.0181,2661.639591834,0.018192463,-344.932507623,0.019402547,,,2020yCat.1350....0G,
star,10pc-0089,GJ 1245 B,M5.5,0.890507364,4.522164607,0.689487985,6.624895,5.975201,-11.048438,2930,,,,2000.0,"10pc census (2023-08-25), object 89, system 43; GJ 1245 B. J2000 Sun-relative Galactic position via Astropy; full-space-motion. Estimated: Pecaut-Mamajek 2022.04.16 M5.5V mean dwarf class, not a measured temperature. Component-resolved Johnson V not independently established; multi-star system V withheld. No orbital model.",Cygnus,298.481925902,44.412906159,2016.0,214.5745,0.0476,349.363004776,0.056223083,-480.322315107,0.054057945,5.43,0.1,2020yCat.1350....0G,2010MNRAS.407.2269M
brown_dwarf,10pc-0090,WISEP J174124.25+255319.5,T9,2.687284397,3.215317277,2.053073730,,,,560,,,,2000.0,"10pc census (2023-08-25), object 90, system 44; WISEP J174124.25+255319.5. J2000 Sun-relative Galactic position via Astropy; transverse-only; unknown/withheld RV, no exported velocity. Estimated: Pecaut-Mamajek 2022.04.16 T9V mean dwarf class, not a measured temperature. Johnson V unknown in source; no G/IR substitution. No orbital model.",Hercules,265.352586,25.892878,2000.0,214.3,2.8,-495.0,11.0,-1472.0,13.0,,,2019ApJS..240...19K; 2013ApJ...762..119M,
star,10pc-0091,IL Aqr,M4,1.455840020,1.863662377,-4.035712739,-12.328224,-19.700690,-11.687703,3210,,,11.841897,2000.0,"10pc census (2023-08-25), object 91, system 45; GJ 876. J2000 Sun-relative Galactic position via Astropy; full-space-motion. Estimated: Pecaut-Mamajek 2022.04.16 M4V mean dwarf class, not a measured temperature. Absolute Johnson V derived from 10pc Vmag=10.192 and adopted distance; negligible extinction assumed. Photometric epoch, uncertainty and individual V bibliography not supplied by compilation. No orbital model. Source caution: The parallax and proper motion values accounting for orbital motion are taken from the Gaia DR3 non-single star table.",Aquarius,343.324111002,-14.266689394,2016.0,213.7873,0.0739,957.820648622,0.052050043,-673.568923456,0.025728324,-1.6,0.0141,2022yCat.1355....0G,2018A&A...616A...7S
star,10pc-0087,GJ 1245 A,M5.5,0.896668115,4.552749343,0.694263397,4.359547,4.175092,-12.739753,2930,,,,2000.0,"10pc census (2023-08-25), object 87, system 43; GJ 1245 A. J2000 Sun-relative Galactic position via Astropy; full-space-motion. Estimated: Pecaut-Mamajek 2022.04.16 M5.5V mean dwarf class, not a measured temperature. Component-resolved Johnson V not independently established; multi-star system V withheld. No orbital model.",Cygnus,298.479759093,44.412330143,2016.0,213.1329,0.5737,441.562,1.144,-434.241,1.031,3.0,5.0,2018yCat.1345....0G,2014AJ....147...20N
star,10pc-0088,GJ 1245 C,M8,0.896677498,4.552796978,0.694270658,,,,2570,,,,2000.0,"10pc census (2023-08-25), object 88, system 43; GJ 1245 C. J2000 Sun-relative Galactic position via Astropy; transverse-only; unknown/withheld RV, no exported velocity. Estimated: Pecaut-Mamajek 2022.04.16 M8V mean dwarf class, not a measured temperature. Component-resolved Johnson V not independently established; multi-star system V withheld. No orbital model.",Cygnus,298.479759093,44.412330143,2016.0,213.1329,0.5737,441.562,1.144,-434.241,1.031,,,FROM:GJ1245A,
star,10pc-0096,L 143-23,M5.5,1.510020572,-4.583764150,-0.170092823,25.874016,-156.271887,23.390247,2930,,,15.500679,2000.0,"10pc census (2023-08-25), object 96, system 46; L 143-23. J2000 Sun-relative Galactic position via Astropy; full-space-motion. Estimated: Pecaut-Mamajek 2022.04.16 M5.5V mean dwarf class, not a measured temperature. Absolute Johnson V derived from 10pc Vmag=13.92 and adopted distance; negligible extinction assumed. Photometric epoch, uncertainty and individual V bibliography not supplied by compilation. No orbital model.",Carina,161.085275513,-61.202638305,2016.0,206.9698,0.0448,-346.207616048,0.05000522,1611.099960078,0.051150113,155.605,1.272,2020yCat.1350....0G,2022yCat.1355....0G
star,10pc-0097,G 158-27,M5.5,-0.078962174,1.835520879,-4.485099436,38.226699,-41.817626,26.240373,2930,,,15.409724,2000.0,"10pc census (2023-08-25), object 97, system 47; G 158-27. J2000 Sun-relative Galactic position via Astropy; full-space-motion. Estimated: Pecaut-Mamajek 2022.04.16 M5.5V mean dwarf class, not a measured temperature. Absolute Johnson V derived from 10pc Vmag=13.837 and adopted distance; negligible extinction assumed. Photometric epoch, uncertainty and individual V bibliography not supplied by compilation. No orbital model.",Cetus,1.676350426,-7.546475325,2016.0,206.35,0.0474,-811.565956256,0.06421741,-1893.250846655,0.03386662,-40.734,0.005,2020yCat.1350....0G,2014MNRAS.439.3094B
brown_dwarf,10pc-0098,DENIS 0255-4700,L9,-0.413832062,-2.496911791,-4.158263343,,,,1370,,,24.484268,2000.0,"10pc census (2023-08-25), object 98, system 48; DENIS J025503.3-470049. J2000 Sun-relative Galactic position via Astropy; transverse-only; unknown/withheld RV, no exported velocity. Estimated: Pecaut-Mamajek 2022.04.16 L9V mean dwarf class, not a measured temperature. Absolute Johnson V derived from 10pc Vmag=22.921 and adopted distance; negligible extinction assumed. Photometric epoch, uncertainty and individual V bibliography not supplied by compilation. No orbital model.",Eridanus,43.771985935,-47.016728356,2016.0,205.4251,0.1857,1012.444720371,0.18216792,-554.030838673,0.24066855,,,2020yCat.1350....0G,
star,10pc-0099,HD 88230,K7.5e,-2.898631790,0.729909677,3.846003725,-9.256725,-20.611436,-35.892442,4045,,,8.171912,2000.0,"10pc census (2023-08-25), object 99, system 49; HD 88230. J2000 Sun-relative Galactic position via Astropy; full-space-motion. Estimated: linear interpolation between Pecaut-Mamajek 2022.04.16 K7V and K8V mean dwarf classes. Absolute Johnson V derived from 10pc Vmag=6.61 and adopted distance; negligible extinction assumed. Photometric epoch, uncertainty and individual V bibliography not supplied by compilation. No orbital model.",Ursa Major,152.832928958,49.451988897,2016.0,205.3148,0.0224,-1363.287186399,0.016043497,-505.770358875,0.020239066,-25.916,0.0287,2020yCat.1350....0G,2018A&A...616A...7S
star,10pc-0100,BD+44 2051 A,M1,-2.176151600,0.442636081,4.371859887,-124.094704,-5.531842,15.667295,3660,,,,2000.0,"10pc census (2023-08-25), object 100, system 50; BD+44 2051 A. J2000 Sun-relative Galactic position via Astropy; full-space-motion. Estimated: Pecaut-Mamajek 2022.04.16 M1V mean dwarf class, not a measured temperature. Component-resolved Johnson V not independently established; multi-star system V withheld. No orbital model.",Ursa Major,166.342059744,43.530948561,2016.0,203.8876,0.0332,-4406.469178827,0.03108808,938.526626689,0.02773793,68.578,0.023,2020yCat.1350....0G,2020A&A...636A..36L
star,10pc-0101,WX UMa,M5.5,-2.176115158,0.442528410,4.373370581,-123.168231,-4.520256,16.699300,2930,,,,2000.0,"10pc census (2023-08-25), object 101, system 50; BD+44 2051 B. J2000 Sun-relative Galactic position via Astropy; full-space-motion. Estimated: Pecaut-Mamajek 2022.04.16 M5.5V mean dwarf class, not a measured temperature. Component-resolved Johnson V not independently established; multi-star system V withheld. No orbital model.",Ursa Major,166.352089679,43.52590762,2016.0,203.8323,0.05,-4339.849578444,0.044766206,960.696130627,0.04143234,69.163,0.023,2020yCat.1350....0G,2020A&A...636A..36L
star,10pc-0102,AD Leo,M3,-2.314389784,-1.709810871,4.046010342,-15.001409,-7.490811,3.518005,3430,,,11.040455,2000.0,"10pc census (2023-08-25), object 102, system 51; BD+20 2465. J2000 Sun-relative Galactic position via Astropy; full-space-motion. Estimated: Pecaut-Mamajek 2022.04.16 M3V mean dwarf class, not a measured temperature. Absolute Johnson V derived from 10pc Vmag=9.52 and adopted distance; negligible extinction assumed. Photometric epoch, uncertainty and individual V bibliography not supplied by compilation. No orbital model. Source caution: Potential binarity ruled out from spectroscopic data by arXiv:2209.05814",Leo,154.898813701,19.869809905,2016.0,201.4064,0.0296,-498.620360311,0.027898356,-43.427669082,0.026116055,12.44,0.0036,2020yCat.1350....0G,2018A&A...616A...7S
star,10pc-0103,GJ 832,M1.5,3.367385379,-0.644003237,-3.593855850,8.899069,-20.674246,-6.148539,3620,,,10.191585,2000.0,"10pc census (2023-08-25), object 103, system 52; GJ 832. J2000 Sun-relative Galactic position via Astropy; full-space-motion. Estimated: Pecaut-Mamajek 2022.04.16 M1.5V mean dwarf class, not a measured temperature. Absolute Johnson V derived from 10pc Vmag=8.672 and adopted distance; negligible extinction assumed. Photometric epoch, uncertainty and individual V bibliography not supplied by compilation. No orbital model.",Grus,323.391251878,-49.012630397,2016.0,201.3252,0.0237,-45.916752954,0.02340184,-816.874962878,0.01842646,13.164,0.0014,2020yCat.1350....0G,2018A&A...616A...7S
white_dwarf,10pc-0110,GJ 166 B,DA2.9,-3.688102978,-1.398943558,-3.085168156,,,,,,,,2000.0,"10pc census (2023-08-25), object 110, system 54; GJ 166 B. J2000 Sun-relative Galactic position via Astropy; transverse-only; unknown/withheld RV, no exported velocity. No appropriate object-specific temperature adopted; dwarf sequence not applied. Component-resolved Johnson V not independently established; multi-star system V withheld. No orbital model.",Eridanus,63.830787524,-7.672952135,2016.0,199.6911,0.0512,-2236.16874907,0.047661513,-3338.955289251,0.038766496,,,2020yCat.1350....0G,
star,10pc-0106,GJ 682,M5,4.826611252,-1.204692037,-0.578646646,-40.051794,-18.611844,6.483254,3060,,,12.447582,2000.0,"10pc census (2023-08-25), object 106, system 53; GJ 682. J2000 Sun-relative Galactic position via Astropy; full-space-motion. Estimated: Pecaut-Mamajek 2022.04.16 M5V mean dwarf class, not a measured temperature. Absolute Johnson V derived from 10pc Vmag=10.946 and adopted distance; negligible extinction assumed. Photometric epoch, uncertainty and individual V bibliography not supplied by compilation. No orbital model.",Scorpius,264.26088739,-44.323382243,2016.0,199.6944,0.0312,-705.94505408,0.03495059,-938.079969899,0.021445652,-34.869,0.0005,2020yCat.1350....0G,2018A&A...616A...7S
star,10pc-0109,Keid,K0.5,-3.689752476,-1.398125975,-3.088073121,96.735817,-12.366233,-41.351999,5220,,,,2000.0,"10pc census (2023-08-25), object 109, system 54; GJ 166 A. J2000 Sun-relative Galactic position via Astropy; full-space-motion. Estimated: linear interpolation between Pecaut-Mamajek 2022.04.16 K0V and K1V mean dwarf classes. Component-resolved Johnson V not independently established; multi-star system V withheld. No orbital model. Source caution: HD 26965 b: candidate planet 2018MNRAS.480.2411M",Eridanus,63.807953006,-7.668077815,2016.0,199.608,0.1208,-2240.084983892,0.13507964,-3421.80862017,0.09439368,-42.269,0.0006,2020yCat.1350....0G,2018A&A...616A...7S
star,10pc-0111,DY Eri,M4.5,-3.693146647,-1.400614491,-3.089299180,97.632581,-11.695827,-40.629201,3110,,,,2000.0,"10pc census (2023-08-25), object 111, system 54; GJ 166 C. J2000 Sun-relative Galactic position via Astropy; full-space-motion. Estimated: Pecaut-Mamajek 2022.04.16 M4.5V mean dwarf class, not a measured temperature. Component-resolved Johnson V not independently established; multi-star system V withheld. No orbital model.",Eridanus,63.829656021,-7.670903383,2016.0,199.4516,0.0692,-2247.182942613,0.06516677,-3409.82370879,0.053521328,-43.578,0.024,2020yCat.1350....0G,2020A&A...636A..36L
star,10pc-0112,EV Lac,M4,-0.905743579,4.836661691,-1.142318528,19.773576,3.597152,-1.711198,3210,,,11.742860,2000.0,"10pc census (2023-08-25), object 112, system 55; EV Lac. J2000 Sun-relative Galactic position via Astropy; full-space-motion. Estimated: Pecaut-Mamajek 2022.04.16 M4V mean dwarf class, not a measured temperature. Absolute Johnson V derived from 10pc Vmag=10.26 and adopted distance; negligible extinction assumed. Photometric epoch, uncertainty and individual V bibliography not supplied by compilation. No orbital model.",Lacerta,341.702825452,44.331953323,2016.0,197.9573,0.022,-706.215810975,0.017996477,-458.919627416,0.02047953,0.287,0.0138,2020yCat.1350....0G,2018A&A...616A...7S
star,10pc-0114,EI Cnc B,M7,-3.632776585,-1.895247708,3.028171039,-25.422794,-5.546091,-8.297254,2680,,,,2000.0,"10pc census (2023-08-25), object 114, system 56; G 9-38 B. J2000 Sun-relative Galactic position via Astropy; full-space-motion. Estimated: Pecaut-Mamajek 2022.04.16 M7V mean dwarf class, not a measured temperature. Component-resolved Johnson V not independently established; multi-star system V withheld. No orbital model.",Cancer,134.558691511,19.762578882,2016.0,196.2619,0.1976,-937.132835654,0.1901644,-34.559036888,0.13755071,15.26,1.354,2020yCat.1350....0G,2022yCat.1355....0G
star,10pc-0116,70 Oph B,K4,4.339833232,2.494783276,1.006239766,4.822953,-19.509552,-20.480844,4600,,,,2000.0,"10pc census (2023-08-25), object 116, system 57; 70 Oph B. J2000 Sun-relative Galactic position via Astropy; full-space-motion. Estimated: Pecaut-Mamajek 2022.04.16 K4V mean dwarf class, not a measured temperature. Component-resolved Johnson V not independently established; multi-star system V withheld. No orbital model.",Ophiuchus,271.365911609,2.494198758,2016.0,195.8563,0.2535,333.292098308,0.26375088,-1068.353909556,0.21460679,-9.467,0.223,2020yCat.1350....0G,2022yCat.1355....0G
star,10pc-0115,70 Oph A,K0,4.346143231,2.498478462,1.007831793,8.686596,-19.914141,-17.530888,5270,,,,2000.0,"10pc census (2023-08-25), object 115, system 57; 70 Oph A. J2000 Sun-relative Galactic position via Astropy; full-space-motion. Estimated: Pecaut-Mamajek 2022.04.16 K0V mean dwarf class, not a measured temperature. Component-resolved Johnson V not independently established; multi-star system V withheld. No orbital model.",Ophiuchus,271.364453818,2.495224096,2016.0,195.5674,0.1964,206.525003106,0.24627137,-1107.491929164,0.1637304,-5.8,0.0222,2020yCat.1350....0G,2018A&A...616A...7S
star,10pc-0117,Altair,A7,3.407692759,3.750804414,-0.794402755,-29.156965,-10.427507,-2.548172,7760,,,2.209616,2000.0,"10pc census (2023-08-25), object 117, system 58; alf Aql. J2000 Sun-relative Galactic position via Astropy; full-space-motion. Estimated: Pecaut-Mamajek 2022.04.16 A7V mean dwarf class, not a measured temperature. Absolute Johnson V derived from 10pc Vmag=0.76 and adopted distance; negligible extinction assumed. Photometric epoch, uncertainty and individual V bibliography not supplied by compilation. No orbital model.",Aquila,297.695827296,8.868321196,2000.0,194.95,0.57,536.23,0.51,385.29,0.57,-26.6,0.4,2007A&A...474..653V,2006AstL...32..759G
star,10pc-0113,EI Cnc A,M7,-3.672449612,-1.915871414,3.061211074,-21.562450,-6.727785,-6.524972,2680,,,,2000.0,"10pc census (2023-08-25), object 113, system 56; G 9-38 A. J2000 Sun-relative Galactic position via Astropy; full-space-motion. Estimated: Pecaut-Mamajek 2022.04.16 M7V mean dwarf class, not a measured temperature. Component-resolved Johnson V not independently established; multi-star system V withheld. No orbital model.",Cancer,134.559189679,19.762959843,2016.0,194.1443,0.1228,-767.060491547,0.122229315,-100.176478316,0.08311987,14.0,5.0,2020yCat.1350....0G,2014AJ....147...20N
brown_dwarf,10pc-0118,2MASS J15065257+7027247,T6,-1.189397712,3.603969430,3.490437959,,,,950,,,,2000.0,"10pc census (2023-08-25), object 118, system 59; 2MASS J15065257+7027247. J2000 Sun-relative Galactic position via Astropy; transverse-only; unknown/withheld RV, no exported velocity. Estimated: Pecaut-Mamajek 2022.04.16 T6V mean dwarf class, not a measured temperature. Johnson V unknown in source; no G/IR substitution. No orbital model.",Ursa Minor,226.702636147,70.461619134,2016.0,193.9412,0.6277,-1194.179224027,0.7220219,1042.19421361,0.8361542,,,2020yCat.1350....0G,
star,10pc-0119,G 99-49,M3.5e,-4.662228045,-2.130826112,-0.917049631,-26.201671,-16.904111,0.836790,3270,,,12.726865,2000.0,"10pc census (2023-08-25), object 119, system 60; G 99-49. J2000 Sun-relative Galactic position via Astropy; full-space-motion. Estimated: Pecaut-Mamajek 2022.04.16 M3.5V mean dwarf class, not a measured temperature. Absolute Johnson V derived from 10pc Vmag=11.31 and adopted distance; negligible extinction assumed. Photometric epoch, uncertainty and individual V bibliography not supplied by compilation. No orbital model. Source caution: Not a binary 2017A&A...597A..47C",Orion,90.015976442,2.70637408,2016.0,192.0135,0.031,309.146243714,0.033973638,-40.368430646,0.024125101,30.228,0.02,2020yCat.1350....0G,2018A&A...616A...7S
brown_dwarf,10pc-0120,2MASS J08173001-6155158,T6,0.532494495,-5.020867971,-1.296308316,,,,950,,,,2000.0,"10pc census (2023-08-25), object 120, system 61; 2MASS J08173001-6155158. J2000 Sun-relative Galactic position via Astropy; transverse-only; unknown/withheld RV, no exported velocity. Estimated: Pecaut-Mamajek 2022.04.16 T6V mean dwarf class, not a measured temperature. Johnson V unknown in source; no G/IR substitution. No orbital model.",Carina,124.373518055,-61.916130223,2016.0,191.8362,0.4186,-156.451246418,0.5067487,1099.365769685,0.5030782,,,2020yCat.1350....0G,
star,10pc-0121,G 254-29,M4e,-2.485516321,3.316757330,3.232161487,68.023296,-55.044743,-73.280074,3210,,,,2000.0,"10pc census (2023-08-25), object 121, system 62; G 254-29. J2000 Sun-relative Galactic position via Astropy; full-space-motion. Estimated: Pecaut-Mamajek 2022.04.16 M4V mean dwarf class, not a measured temperature. Johnson V unknown in source; no G/IR substitution. No orbital model.",Camelopardalis,176.939407981,78.693297453,2016.0,190.3251,0.0194,748.418288603,0.023584152,480.804300005,0.025972635,-111.965,0.025,2020yCat.1350....0G,2020A&A...636A..36L
star,10pc-0122,WISEA J154045.67-510139.3,M6.5,4.509893090,-2.814434203,0.316205563,92.604334,-17.182174,-30.975453,2740,,,,2000.0,"10pc census (2023-08-25), object 122, system 63; WISEA J154045.67-510139.3. J2000 Sun-relative Galactic position via Astropy; full-space-motion. Estimated: Pecaut-Mamajek 2022.04.16 M6.5V mean dwarf class, not a measured temperature. Johnson V unknown in source; no G/IR substitution. No orbital model.",Norma,235.195177463,-51.028101307,2016.0,187.729,0.0496,1949.461491458,0.049766965,-324.789114332,0.049594145,85.672,0.466,2020yCat.1350....0G,2022yCat.1355....0G
brown_dwarf,10pc-0123,2MASS J09393548-2448279,T8,-1.132684832,-4.872104148,1.866775132,,,,680,,,,2000.0,"10pc census (2023-08-25), object 123, system 64; 2MASS J09393548-2448279. J2000 Sun-relative Galactic position via Astropy; transverse-only; unknown/withheld RV, no exported velocity. Estimated: Pecaut-Mamajek 2022.04.16 T8V mean dwarf class, not a measured temperature. Johnson V unknown in source; no G/IR substitution. No orbital model. Source caution: Possible close late T companion (2008ApJ...689L..53B and 2009ApJ...695.1517L) unresolved with HST (2014AJ....148..129A)",Antlia,144.897874,-24.807762,2000.0,187.3,4.6,558.1,5.8,-1030.5,5.6,,,2008ApJ...689L..53B; 2012ApJ...752...56F,
star,10pc-0124,GJ 3323,M4e,-4.269909288,-2.122430370,-2.479189483,-23.067132,-17.859557,-35.954175,3210,,,13.544386,2000.0,"10pc census (2023-08-25), object 124, system 65; GJ 3323. J2000 Sun-relative Galactic position via Astropy; full-space-motion. Estimated: Pecaut-Mamajek 2022.04.16 M4V mean dwarf class, not a measured temperature. Absolute Johnson V derived from 10pc Vmag=12.196 and adopted distance; negligible extinction assumed. Photometric epoch, uncertainty and individual V bibliography not supplied by compilation. No orbital model.",Eridanus,75.486805213,-6.948587409,2016.0,186.0466,0.0277,-551.746434915,0.02649439,-533.648216597,0.020725613,41.967,0.024,2020yCat.1350....0G,2020A&A...636A..36L
star,10pc-0127,HD 119850,M1.5,1.624373607,-0.240572401,5.180618403,61.145237,-1.826301,-2.680541,3620,,,9.824148,2000.0,"10pc census (2023-08-25), object 127, system 66; HD 119850. J2000 Sun-relative Galactic position via Astropy; full-space-motion. Estimated: Pecaut-Mamajek 2022.04.16 M1.5V mean dwarf class, not a measured temperature. Absolute Johnson V derived from 10pc Vmag=8.5 and adopted distance; negligible extinction assumed. Photometric epoch, uncertainty and individual V bibliography not supplied by compilation. No orbital model.",Bootes,206.440565845,14.885052705,2016.0,183.9962,0.0253,1776.006179566,0.033817586,-1455.155718006,0.016629888,15.812,0.0009,2020yCat.1350....0G,2018A&A...616A...7S
white_dwarf,10pc-0129,Stein 2051 B,DC,-4.645450012,2.891157723,0.702304658,,,,,,,,2000.0,"10pc census (2023-08-25), object 129, system 67; GJ 169.1 B. J2000 Sun-relative Galactic position via Astropy; transverse-only; unknown/withheld RV, no exported velocity. No appropriate object-specific temperature adopted; dwarf sequence not applied. Component-resolved Johnson V not independently established; multi-star system V withheld. No orbital model.",Camelopardalis,67.813891975,58.969481205,2016.0,181.273,0.0203,1334.779692951,0.021359613,-1947.638150542,0.018827802,,,2020yCat.1350....0G,
star,10pc-0128,Stein 2051 A,M4e,-4.645787839,2.891454179,0.702129681,-58.433158,-37.124583,-7.574027,3210,,,,2000.0,"10pc census (2023-08-25), object 128, system 67; GJ 169.1 A. J2000 Sun-relative Galactic position via Astropy; full-space-motion. Estimated: Pecaut-Mamajek 2022.04.16 M4V mean dwarf class, not a measured temperature. Component-resolved Johnson V not independently established; multi-star system V withheld. No orbital model.",Camelopardalis,67.809190628,58.967979972,2016.0,181.2438,0.0499,1300.364783603,0.05556656,-2046.105518897,0.047106765,28.797,0.0143,2020yCat.1350....0G,2018A&A...616A...7S
brown_dwarf,10pc-0130,2MASS J11145133-2618235,T7.5,0.610650321,-4.706783310,2.934907648,,,,750,,,,2000.0,"10pc census (2023-08-25), object 130, system 68; 2MASS J11145133-2618235. J2000 Sun-relative Galactic position via Astropy; transverse-only; unknown/withheld RV, no exported velocity. Estimated: Pecaut-Mamajek 2022.04.16 T7.5V mean dwarf class, not a measured temperature. Johnson V unknown in source; no G/IR substitution. No orbital model.",Hydra,168.713905,-26.306545,2000.0,179.2,1.4,-3021.5,1.8,-389.5,2.1,,,2012ApJS..201...19D,
star,10pc-0131,Wolf 294,M3,-5.383466887,-0.276138164,1.458057547,-27.675288,-3.683099,-15.077395,3430,,,,2000.0,"10pc census (2023-08-25), object 131, system 69; GJ 251. J2000 Sun-relative Galactic position via Astropy; full-space-motion. Estimated: Pecaut-Mamajek 2022.04.16 M3V mean dwarf class, not a measured temperature. Johnson V unknown in source; no G/IR substitution. No orbital model.",Gemini,103.700129227,33.266408018,2016.0,179.0629,0.028,-726.672077836,0.030037006,-398.102378946,0.024498533,22.927,0.0012,2020yCat.1350....0G,2018A&A...616A...7S
star,10pc-0133,LP 816-60,M4,4.017995785,2.335091369,-3.160085875,16.623900,7.207562,-2.538807,3210,,,12.709364,2000.0,"10pc census (2023-08-25), object 133, system 70; LP 816-60. J2000 Sun-relative Galactic position via Astropy; full-space-motion. Estimated: Pecaut-Mamajek 2022.04.16 M4V mean dwarf class, not a measured temperature. Absolute Johnson V derived from 10pc Vmag=11.458 and adopted distance; negligible extinction assumed. Photometric epoch, uncertainty and individual V bibliography not supplied by compilation. No orbital model.",Capricornus,313.13613276,-16.974558468,2016.0,177.9312,0.0365,-309.115018747,0.04104025,37.050906245,0.025808834,16.308,0.0008,2020yCat.1350....0G,2018A&A...616A...7S
brown_dwarf,10pc-0134,WISE J035000.32-565830.2,Y1,-0.067568930,-3.889329059,-4.123756719,,,,360,,,,2000.0,"10pc census (2023-08-25), object 134, system 71; WISE J035000.32-565830.2. J2000 Sun-relative Galactic position via Astropy; transverse-only; unknown/withheld RV, no exported velocity. Estimated: Pecaut-Mamajek 2022.04.16 Y1V mean dwarf class, not a measured temperature. Johnson V unknown in source; no G/IR substitution. No orbital model.",Reticulum,57.500868,-56.975831,2015.3,176.4,2.3,-208.7,1.0,-575.4,1.1,,,2021ApJS..253....7K,
star,10pc-0135,2MASSI J1835379+325954,M8.5,2.577328272,4.775821818,1.705261291,18.400689,-7.317744,-5.175463,2420,,,,2000.0,"10pc census (2023-08-25), object 135, system 72; 2MASSI J1835379+325954. J2000 Sun-relative Galactic position via Astropy; full-space-motion. Estimated: Pecaut-Mamajek 2022.04.16 M8.5V mean dwarf class, not a measured temperature. Johnson V unknown in source; no G/IR substitution. No orbital model.",Lyra,278.90744885,32.994787159,2016.0,175.793,0.0468,-72.650405249,0.047247637,-755.145622633,0.052375123,0.643,0.183,2020yCat.1350....0G,2020A&A...636A..36L
star,10pc-0136,HD 36395,M1.5,-4.795068419,-2.436327381,-1.899092087,22.125834,-55.711984,-10.285781,3620,,,9.187126,2000.0,"10pc census (2023-08-25), object 136, system 73; HD 36395. J2000 Sun-relative Galactic position via Astropy; full-space-motion. Estimated: Pecaut-Mamajek 2022.04.16 M1.5V mean dwarf class, not a measured temperature. Absolute Johnson V derived from 10pc Vmag=7.968 and adopted distance; negligible extinction assumed. Photometric epoch, uncertainty and individual V bibliography not supplied by compilation. No orbital model.",Orion,82.867541115,-3.686527602,2016.0,175.3131,0.0204,761.630901598,0.01798819,-2092.208719837,0.013469684,8.631,0.0132,2020yCat.1350....0G,2018A&A...616A...7S
brown_dwarf,10pc-0137,2MASSI J0415195-093506,T8,-4.088264142,-1.730464055,-3.587498274,,,,680,,,,2000.0,"10pc census (2023-08-25), object 137, system 74; 2MASSI J0415195-093506. J2000 Sun-relative Galactic position via Astropy; transverse-only; unknown/withheld RV, no exported velocity. Estimated: Pecaut-Mamajek 2022.04.16 T8V mean dwarf class, not a measured temperature. Johnson V unknown in source; no G/IR substitution. No orbital model.",Eridanus,63.831432,-9.585187,2000.0,175.2,1.7,2214.3,1.2,535.9,1.2,,,2012ApJS..201...19D,
star,10pc-0138,GJ 229 A,M1,-3.613439250,-4.100413697,-1.822240545,11.862536,-11.814908,-11.900354,3660,,,,2000.0,"10pc census (2023-08-25), object 138, system 75; GJ 229 A. J2000 Sun-relative Galactic position via Astropy; full-space-motion. Estimated: Pecaut-Mamajek 2022.04.16 M1V mean dwarf class, not a measured temperature. Component-resolved Johnson V not independently established; multi-star system V withheld. No orbital model.",Lepus,92.643579082,-21.867823113,2016.0,173.574,0.017,-135.691607948,0.010703687,-719.178133955,0.01708214,4.734,0.0006,2020yCat.1350....0G,2018A&A...616A...7S
