type,id,name,designations,spectral_type,x_pc,y_pc,z_pc,vx_kms,vy_kms,vz_kms,temperature_k,mass_solar,luminosity_solar,radius_solar,metallicity_dex,metallicity_kind,age_gyr,absolute_mag,epoch,notes,constellation,ra_deg,dec_deg,astrometry_epoch,parallax_mas,parallax_error_mas,pm_ra_cosdec_masyr,pm_ra_error_masyr,pm_dec_masyr,pm_dec_error_masyr,radial_velocity_kms,radial_velocity_error_kms,astrometry_ref,radial_velocity_ref
star,sun,Sun,,G2V,0,0,0,0,0,0,5772,1,1,,,,,4.83,2000.0,"Reference origin. Adopted solar properties; NASA Sun facts and the IAU 2015 nominal effective temperature. Absolute visual magnitude +4.83: NASA Sun Fact Sheet (9 May 2024), https://nssdc.gsfc.nasa.gov/planetary/factsheet/sunfact.html .",,,,,,,,,,,,,,
star,proxima-centauri,Proxima Centauri,,M5.5Ve,0.902932,-0.936976,-0.043783,-28.313,0.668,13.738,2930,0.122,0.0014422563,0.1504,-0.1806,[M/H],,15.53,2000.0,"Position from J2000 direction and Gaia EDR3 parallax 768.0665 mas (SIMBAD/CNS5). Temperature is the Pecaut-Mamajek M5.5V class estimate. Motion: SIMBAD GJ 551; Gaia EDR3 proper motion (2020yCat.1350....0G) and RV -20.578199 km/s (2020AJ....160..120J); converted to Sun-relative Galactic axes as documented in README. Supplementary luminosity, radius from Cifuentes et al. 2020 CARMENES SED analysis (2020A&A...642A.115C). Gaia DR3 exact-ID model values for metallicity. Reviewed companion expansion of bright-stars: Alpha Centauri C; adopted nearest-1000:proxima-centauri.",Centaurus,217.392321472,-62.676075117,2016.0,768.0665,0.0499,-3781.741008265,0.031386077,769.465014648,0.050524533,-22.345,0.006,2020yCat.1350....0G,2014MNRAS.439.3094B
star,alpha-centauri-b,Alpha Centauri B,,K1V,0.953651,-0.929646,-0.015841,-29.339,1.746,13.592,5231,0.9092,0.4981,0.8591,0.221,[Fe/H],5.3,5.71,2000.0,"Position from the J2000 component direction and the 750.81 mas Alpha Centauri AB parallax from Akeson et al. (2021). Motion: Akeson et al. (2021) Alpha Centauri AB barycenter solution at J2019.5, shared by A and B; no binary orbital motion. Alpha Centauri B reviewed physical parameters. Akeson et al. (2021) combine the revised orbital parallax with published angular diameter and bolometric flux measurements for the mass, radius, and luminosity. Kervella et al. (2017) derive the effective temperature from interferometry and bolometric flux. Morel (2018) measures [Fe/H] in a differential HARPS abundance analysis. Joyce & Chaboyer (2018) infer the shared system age from classical and asteroseismic constraints. Reviewed companion expansion of bright-stars: Alpha Centauri B; adopted nearest-1000:alpha-centauri-b.",Centaurus,219.85892215,-60.83163195,2019.5,750.81,0.38,-3639.95,0.42,700.40,0.17,-22.3796,0.0020,2021AJ....162...14A,2021AJ....162...14A
star,alpha-centauri-a,Alpha Centauri A,,G2V,0.953716,-0.929581,-0.015797,-29.339,1.746,13.592,5795,1.0788,1.5059,1.2175,0.237,[Fe/H],5.3,4.38,2000.0,"Position from the J2000 component direction and the 750.81 mas Alpha Centauri AB parallax from Akeson et al. (2021). Motion: Akeson et al. (2021) Alpha Centauri AB barycenter solution at J2019.5, shared by A and B; no binary orbital motion. Alpha Centauri A reviewed physical parameters. Akeson et al. (2021) combine the revised orbital parallax with published angular diameter and bolometric flux measurements for the mass, radius, and luminosity. Kervella et al. (2017) derive the effective temperature from interferometry and bolometric flux. Morel (2018) measures [Fe/H] in a differential HARPS abundance analysis. Joyce & Chaboyer (2018) infer the shared system age from classical and asteroseismic constraints.",Centaurus,219.85892215,-60.83163195,2019.5,750.81,0.38,-3639.95,0.42,700.40,0.17,-22.3796,0.0020,2021AJ....162...14A,2021AJ....162...14A
star,sirius-a,Sirius A,,A1V,-1.770640,-1.914144,-0.407875,14.960,0.257,-11.344,9845,2.063,24.74,1.7144,-0.1,[Fe/H],0.242,1.42,2000.0,"Sirius system position and physical properties use Bond et al. (2017), including the adopted 378.9 mas parallax. The component offset is below this catalog's spatial precision. Motion: system motion shared by A and B; Hipparcos proper motion (SIMBAD HIP 32349; 2007A&A...474..653V) and true systemic RV -8.47 km/s from Bond et al. (2017) section V.1. No binary orbital motion; Galactic conversion documented in README. Sirius A reviewed physical parameters from Bond et al. (2017). The radius is interferometric, the mass dynamical, and the luminosity and temperature use the adopted parallax. The age and bulk [Fe/H] are stellar-evolution model results; the bulk metallicity is used instead of Sirius A's diffusion-altered Am photospheric abundance.",Canis Major,101.287155333,-16.716115861,2000.0,379.21,1.58,-546.01,1.33,-1223.07,1.24,-5.5,0.4,2007A&A...474..653V,2006AstL...32..759G
white_dwarf,sirius-b,Sirius B,,DA2,-1.770640,-1.914144,-0.407875,14.960,0.257,-11.344,25369,1.018,0.02448,0.008098,,,0.228,11.34,2000.0,"Sirius system position and white-dwarf properties use Bond et al. (2017). The component offset is below this catalog's spatial precision. Motion: inherited Sirius system motion as for A; Hipparcos proper motion (2007A&A...474..653V) and true systemic RV -8.47 km/s from Bond et al. (2017) section V.1. Not the white dwarf's gravitationally redshifted RV; no binary orbital motion. Sirius B reviewed physical parameters from Bond et al. (2017). The mass is dynamical; temperature, radius, and luminosity come from HST/STIS atmosphere and absolute-flux fitting. The displayed age is the total evolutionary age, not merely the 126 Myr white-dwarf cooling time. Photospheric metallicity remains intentionally blank for this pure-hydrogen white dwarf. Reviewed companion expansion of bright-stars: Sirius B; adopted nearest-1000:sirius-b.",Canis Major,101.286625521,-16.720932526,2016.0,374.4896,0.2313,-461.57050553,0.2779457,-914.519620902,0.33150372,,,2020yCat.1350....0G,
white_dwarf,10pc-0032,Procyon B,,DQZ,-2.848424115,-1.899848594,0.791604980,,,,7740,0.592,0.0004907722167,0.01232,,,2.7,13.090869,2000.0,"10pc census (2023-08-25), object 32, system 16; alf CMi B. J2000 Sun-relative Galactic position via Astropy; transverse-only; unknown/withheld RV, no exported velocity.   No orbital model. Procyon B component parameters from Bond et al. (2015), using the Provencal et al. (2002) HST atmosphere temperature and parallax-adjusted radius. Metal pollution is not represented as an ordinary stellar [Fe/H]. Cooling age 1.37 +/- 0.04 Gyr is retained here separately from the preferred total binary age of 2.70 Gyr; the displayed age is the latter and inherits the primary stellar-evolution assumptions. Component-resolved Johnson V=10.82 from 2002ApJ...568..324P; 2015ApJ...813..106B; absolute V uses the adopted distance. luminosity_solar derived by Stefan-Boltzmann scaling from adopted inputs (solar Teff=5772 K); inherits their measurement/model/estimate assumptions. Reviewed companion expansion of bright-stars: Procyon B; adopted nearest-1000:10pc-0032.",Canis Minor,114.8245,5.2241111,2000.0,284.56,1.26,-709.0,25.0,-1024.0,25.0,,,FROM:alfCMiA; 2001AJ....121.2189O,
star,bright-procyon,Procyon,,F5IV-V+DQZ,-2.848421108,-1.899821242,0.791681445,5.804757,-8.258799,-18.932227,6591,1.478,6.931,2.0190,-0.05,[Fe/H],2.7,2.640869,2000.0,"Curated bright-star landmark; SIMBAD identity * alf CMi. SIMBAD compiled Johnson V=0.37; absolute V derived from parallax with no extinction correction. Physical parameters: 1999A&A...352..555A, 2002ApJ...567..544A, 2015ApJ...813..106B; 2012A&A...540A...5C. Age source detail: Procyon A resolved primary parameters; mass dynamical, radius interferometric, age preferred high-core-overshoot model (alternative ages 1.673/1.817 Gyr); temperature uses Fuhrmann bolometric flux. The entry represents the named unresolved system; physical values describe its integrated or primary-dominated light.",Canis Minor,114.82549790798149,5.224987557059477,2000.0,284.56,1.26,-714.59,,-1036.8,,-4.50528,,SIMBAD TAP snapshot 2026-09-25,SIMBAD TAP snapshot 2026-09-25
star,10pc-0117,Altair,,A7Vn,3.407693206,3.750804031,-0.794402649,-29.156964,-10.427505,-2.548172,7586,1.60,9.865,1.8183,0.19,[Fe/H],,2.209616,2000.0,"Curated bright-star landmark; SIMBAD identity * alf Aql. SIMBAD compiled Johnson V=0.76; absolute V derived from parallax with no extinction correction. Physical parameters: 1999A&A...352..555A, 2018AJ....155...30B, 2024A&A...683A.125P. No component-resolved age was adopted from the reviewed sources.",Aquila,297.69582729638694,8.868321196436963,2000.0,194.95,0.57,536.23,,385.29,,-26.6,,SIMBAD TAP snapshot 2026-09-25,SIMBAD TAP snapshot 2026-09-25
star,cns5-5660,Fomalhaut B,,K4Ve,3.132542652,0.894517424,-6.866167609,-5.490536,-8.078517,-11.301157,4463,0.72544885,0.19891936,0.74598,-0.1788,[M/H],9.807368,7.075984,2000.0,Corrected CNS5 5660; J2000 Sun-relative Galactic position. SIMBAD exact CNS5 identity. Full source space motion. Reviewed companion expansion of bright-stars: Fomalhaut B; adopted nearest-1000:cns5-5660.,Piscis Austrinus,344.10194140173917,-31.56626896213439,2016.0,131.58010625077998,0.031432442,330.2033788189263,0.023418890312314034,-158.6023341436887,0.02836935594677925,6.996584892272949,0.1575317233800888,2020yCat.1350....0G,2020yCat.1350....0G
star,cns5-5623,Fomalhaut C,,M4.0Ve,3.052095195,1.880063125,-6.785662678,-5.583794,-8.075669,-11.277897,3143,0.1994,0.004638677982,0.2297,0.03,[Fe/H],,13.198801,2000.0,Corrected CNS5 5623; J2000 Sun-relative Galactic position. SIMBAD exact CNS5 identity. Full source space motion using exact-ID Gaia DR3 radial velocity fallback. Supplementary mass from Mann et al. 2019 absolute-Ks mass relation with 2MASS Ks (2019ApJ...871...63M); radius from Mann et al. 2015 absolute-Ks radius relation with 2MASS Ks (2015ApJ...804...64M). Shared exact-identity physical supplements (temperature_k: 2014MNRAS.443.2561G; metallicity_dex: 2014MNRAS.443.2561G). luminosity_solar derived by Stefan-Boltzmann scaling from adopted inputs (solar Teff=5772 K); inherits their measurement/model/estimate assumptions. Reviewed individual-component membership: 2013AJ....146..154M. Admit LP 876-10 as the individual Fomalhaut C component despite frozen SIMBAD type **. Mamajek et al. identify it as the wide third stellar member and do not confirm the reported close companion. Keep its exact CNS5/Gaia astrometry and independently sourced physical properties; do not split it into hypothetical Ca/Cb records. Reviewed companion expansion of bright-stars: Fomalhaut C; adopted nearest-1000:cns5-5623.,Aquarius,342.0203381724408,-24.369627417603155,2016.0,130.30315269441948,0.036415633,331.60870305798755,0.030834762379527092,-183.8049429101332,0.030936168506741524,5.773293,0.57990056,2020yCat.1350....0G,Gaia DR3
star,cns5-4607,Vega,,A0V,2.780493878,6.695579158,2.529989939,-15.808350,-6.042547,-7.608479,9333,2.51,50.183,2.7095,-0.5,[Fe/H],,0.603555,2000.0,"Curated bright-star landmark; SIMBAD identity * alf Lyr. SIMBAD compiled Johnson V=0.03; absolute V derived from parallax with no extinction correction. Physical parameters: 1999A&A...352..555A, 2018AJ....155...30B, 2026ApJ..1006..228K. No component-resolved age was adopted from the reviewed sources. Shared exact-identity physical supplements (metallicity_dex: 2018MNRAS.477.3343S).",Lyra,279.234734787025,38.783688956244,2000.0,130.23,0.36,200.94,,286.23,,-13.5,,SIMBAD TAP snapshot 2026-09-25,SIMBAD TAP snapshot 2026-09-25
star,cns5-5665,Fomalhaut,,A4V,3.060044899,1.143381695,-6.976657094,-5.712903,-8.262250,-11.037067,8318,1.97,14.147,1.8111,0.31,[Fe/H],,1.726541,2000.0,"Curated bright-star landmark; SIMBAD identity * alf PsA. SIMBAD compiled Johnson V=1.16; absolute V derived from parallax with no extinction correction. Physical parameters: 1999A&A...352..555A, 2007ApJ...660.1556R, 2021A&A...647A..49S. No component-resolved age was adopted from the reviewed sources. Shared exact-identity physical supplements (metallicity_dex: 2017AJ....153...21L).",Piscis Austrinus,344.4126927211701,-29.622237033389442,2000.0,129.81,0.47,328.95,,-164.67,,6.5,,SIMBAD TAP snapshot 2026-09-25,SIMBAD TAP snapshot 2026-09-25
star,cns5-1912,Pollux,,K0IIIb,-9.290307350,-2.013605824,4.114856647,-16.313918,4.759853,-25.967250,4786,1.70,38.763,9.0556,0.04,[Fe/H],,1.063536,2000.0,"Curated bright-star landmark; SIMBAD identity * bet Gem. SIMBAD compiled Johnson V=1.14; absolute V derived from parallax with no extinction correction. Physical parameters: 1999A&A...352..555A, 2018AJ....155...30B, 2025A&A...703A.128B. No component-resolved age was adopted from the reviewed sources.",Gemini,116.32895777437875,28.02619889009357,2000.0,96.54,0.27,-626.55,,-45.8,,3.391,,SIMBAD TAP snapshot 2026-09-25,SIMBAD TAP snapshot 2026-09-25
star,bright-denebola,Denebola,,A3Va,-1.199207251,-3.412991003,10.388020717,-19.867449,-15.954117,-7.747041,8710,1.90,13.639,1.6218,0.07,[Fe/H],,1.923058,2000.0,Curated bright-star landmark; SIMBAD identity * bet Leo. SIMBAD compiled Johnson V=2.13; absolute V derived from parallax with no extinction correction. Physical parameters: 1999A&A...352..555A. No component-resolved age was adopted from the reviewed sources. Shared exact-identity physical supplements (metallicity_dex: 2003A&A...398.1121E).,Leo,177.26490975591017,14.572058064829658,2000.0,90.91,0.52,-497.68,,-114.67,,-0.2,,SIMBAD TAP snapshot 2026-09-25,SIMBAD TAP snapshot 2026-09-25
star,cns5-3517,Arcturus,,K1.5IIIFe-0.5,3.876210306,1.042257937,10.517559325,25.155697,-119.088368,-3.066607,4467,,188.260,22.9087,-0.63,[Fe/H],,-0.307202,2000.0,"Curated bright-star landmark; SIMBAD identity * alf Boo. SIMBAD compiled Johnson V=-0.05; absolute V derived from parallax with no extinction correction. Physical parameters: 1999A&A...352..555A, 2024A&A...690A..97C. No component-resolved age was adopted from the reviewed sources.",Bootes,213.915300294925,19.1824091615312,2000.0,88.83,0.54,-1093.39,,-2000.06,,-5.229,,SIMBAD TAP snapshot 2026-09-25,SIMBAD TAP snapshot 2026-09-25
star,cns5-3442,Muphrid,,G0IV,3.311944315,0.306570309,10.899821798,10.915477,-16.890295,3.192185,6166,,,,0.34,[Fe/H],,2.396236,2000.0,Curated bright-star landmark; SIMBAD identity * eta Boo. SIMBAD compiled Johnson V=2.68; absolute V derived from parallax with no extinction correction. Physical parameters: 1999A&A...352..555A. No component-resolved age was adopted from the reviewed sources. The entry represents the named unresolved system; physical values describe its integrated or primary-dominated light. Shared exact-identity physical supplements (metallicity_dex: 2025A&A...703A.128B).,Bootes,208.67116216800866,18.397720717229475,2000.0,87.75,1.24,-60.95,,-356.29,,5.77111,,SIMBAD TAP snapshot 2026-09-30,SIMBAD TAP snapshot 2026-09-30
star,cns5-1318,Capella Aa,Capella,G8III,-12.482301075,3.914473364,1.044815002,-36.651280,-14.086369,-9.043468,4970,2.5687,78.7,11.98,-0.04,[Fe/H],0.649,0.296,2000.0,"Corrected CNS5 1318; exact source identity * alf Aur. Former combined giant-pair source snapshot, shared as an approximate Aa/Ab position and proper motion. No resolved orbital trajectory is claimed. Resolve the giant pair using component values from Torres et al. 2015; retain the existing stable ID for the cooler primary. The known wide H/L pair makes this a quadruple. The paper system age range 0.590-0.650 Gyr is retained in provenance and not converted into an invented point estimate. Reviewed membership and individual physical parameters: arXiv:1505.07461. Individually reviewed physical values/withholding: arXiv:1505.07461; supersedes blended-source values for these fields. Reviewed component supplement: Component-specific published measurements supersede earlier withholding of aggregate measurements. No parent flux or unreviewed individual velocity is copied. The spectroscopic orbital gamma describes the Aa/Ab center of mass; no instantaneous giant orbital RV is modeled. Adopted fields: age_gyr: 2015ApJ...807...26T:7 (model-derived); radial_velocity_kms: 2015ApJ...807...26T:Table 2 (systemic-approximation). Reviewed companion expansion of bright-stars: Capella Aa; adopted nearest-1000:cns5-1318.",Auriga,79.17206465892026,45.999029047535174,1991.25,76.19999694824219,0.46,75.25,0.5400000214576721,-426.89,0.2800000011920929,29.9387,0.0032,2007A&A...474..653V,2015ApJ...807...26T:Table 2; shared systemic velocity approximation
star,capella-ab,Capella Ab,,G0III,-12.482301075,3.914473364,1.044815002,-36.651280,-14.086369,-9.043468,5730,2.4828,72.7,8.83,-0.04,[Fe/H],0.649,0.167,2000.0,"Reviewed individual companion: arXiv:1505.07461. Confirmed hotter giant component. Dynamical mass, radius, temperature, luminosity, abundance and individual absolute V come from Torres et al. 2015 Table 3. System model age spans 0.590-0.650 Gyr and is not adopted as a point estimate. Position/proper motion share the original combined source snapshot; individual orbital radial velocity is withheld. Reviewed component supplement: Component-specific published measurements supersede earlier withholding of aggregate measurements. No parent flux or unreviewed individual velocity is copied. The spectroscopic orbital gamma describes the Aa/Ab center of mass; no instantaneous giant orbital RV is modeled. Adopted fields: age_gyr: 2015ApJ...807...26T:7 (model-derived); radial_velocity_kms: 2015ApJ...807...26T:Table 2 (systemic-approximation). Reviewed companion expansion of bright-stars: Capella Ab; adopted nearest-1000:capella-ab.",Auriga,79.17206465892026,45.999029047535174,1991.25,76.19999694824219,0.46,75.25,0.5400000214576721,-426.89,0.2800000011920929,29.9387,0.0032,Shared system snapshot from cns5-1318: 2007A&A...474..653V,2015ApJ...807...26T:Table 2; shared systemic velocity approximation
star,cns5-1324,Capella L,,M4:,-12.664755950,3.922712589,1.061117297,,,,,0.2722,,0.2773,,,,,2000.0,"Corrected CNS5 1324; J2000 Sun-relative Galactic position. SIMBAD exact CNS5 identity. Transverse-only source motion; radial velocity unavailable or withheld. Reviewed component supplement: Exact Gaia DR3 component match to Cifuentes et al. 2025 Table A.1. Only blank fields are filled. Mass/radius are published photometric estimates or SED-derived results, not dynamical measurements. Compromised spectra, candidate inner binaries, white dwarfs, and out-of-range MG calibration are excluded; compiled metallicities and velocities are not adopted. Adopted fields: mass_solar: 2025A&A...693A.228C:Table A.1 (estimated); radius_solar: 2025A&A...693A.228C:Table A.1 (estimated). Reviewed companion expansion of bright-stars: Capella L; adopted nearest-1000:cns5-1324.",Auriga,79.35014604066659,45.83684161390765,2016.0,75.18378634422855,0.06217547,53.96645153206382,0.05879475548863411,-416.9026177100576,0.049219679087400436,,,2020yCat.1350....0G,
star,cns5-1323,Capella H,,M2.5V,-12.696410581,3.932754688,1.063860230,-37.066413,-15.117458,-8.550886,3631,0.53719205,0.048280984,0.55555,-0.1129,[M/H],10.741266,,2000.0,Corrected CNS5 1323; J2000 Sun-relative Galactic position. SIMBAD exact CNS5 identity. Full source space motion. Reviewed companion expansion of bright-stars: Capella H; adopted nearest-1000:cns5-1323.,Auriga,79.34999070128362,45.83779586527358,2016.0,74.99312875728972,0.021176783,88.4249612507515,0.020196933299303055,-428.9109215093979,0.0169722530990839,30.15380859375,0.6324355006217957,2020yCat.1350....0G,2020yCat.1350....0G
star,bright-rasalhague,Rasalhague,,A5IVnn,11.143620549,8.064782668,5.716975270,19.427352,0.366126,-7.898419,8318,,,,-0.16,[Fe/H],,1.204583,2000.0,Curated bright-star landmark; SIMBAD identity * alf Oph. SIMBAD compiled Johnson V=2.07; absolute V derived from parallax with no extinction correction. Physical parameters: 1999A&A...352..555A. No component-resolved age was adopted from the reviewed sources. The entry represents the named unresolved system; physical values describe its integrated or primary-dominated light. Shared exact-identity physical supplements (metallicity_dex: 2003A&A...398.1121E).,Ophiuchus,263.73362272030505,12.560037391671425,2000.0,67.13,1.06,108.07,,-221.57,,11.7,,SIMBAD TAP snapshot 2026-09-25,SIMBAD TAP snapshot 2026-09-25
star,bright-alderamin,Alderamin,,A8Vn,-2.832360944,14.572630889,2.396955009,-6.955135,-16.376620,-7.777783,7300,,,,-0.4,[Fe/H],,1.574108,2000.0,Curated bright-star landmark; SIMBAD identity * alf Cep. SIMBAD compiled Johnson V=2.46; absolute V derived from parallax with no extinction correction. Physical parameters: 2016A&A...589A..83G. No component-resolved age was adopted from the reviewed sources.,Cepheus,319.6448846972256,62.5855744637194,2000.0,66.5,0.11,150.55,,49.09,,-15.8,,SIMBAD TAP snapshot 2026-09-30,SIMBAD TAP snapshot 2026-09-30
star,bright-castor,Castor,,A1V+A2Vm,-14.289404041,-1.866266103,5.963023490,4.616378,-5.017993,-19.879173,8913,,46.520,2.8604,0.1921,[Fe/H],,0.614968,2000.0,"Curated bright-star landmark; SIMBAD identity * alf Gem. SIMBAD compiled Johnson V=1.58; absolute V derived from parallax with no extinction correction. Physical parameters: 1999A&A...352..555A, 2012MNRAS.427..343M, 2023ApJS..266...11B. No component-resolved age was adopted from the reviewed sources. The entry represents the named unresolved system; physical values describe its integrated or primary-dominated light.",Gemini,113.64947163976585,31.88828221646326,2000.0,64.12,3.75,-191.45,,-145.19,,-11.23,,SIMBAD TAP snapshot 2026-09-25,SIMBAD TAP snapshot 2026-09-25
star,bright-caph,Caph,,F2III,-7.744662214,14.859579101,-0.959687752,-35.797935,-15.165288,-21.130571,6625,,27.950,4.0130,-0.15,[Fe/H],,1.145502,2000.0,Curated bright-star landmark; SIMBAD identity * bet Cas. SIMBAD compiled Johnson V=2.27; absolute V derived from parallax with no extinction correction. Physical parameters: 2012MNRAS.427..343M. No component-resolved age was adopted from the reviewed sources. Shared exact-identity physical supplements (metallicity_dex: 2003A&A...398.1121E).,Cassiopeia,2.2945215777878776,59.14978109800713,2000.0,59.58,0.38,523.5,,-179.77,,4.3,,SIMBAD TAP snapshot 2026-09-25,SIMBAD TAP snapshot 2026-09-25
star,bright-zosma,Zosma,,A5IV(n),-5.051381058,-4.917144980,16.469445616,20.985914,-0.081756,-16.321857,8318,2.08,23.970,2.2387,,,,1.263949,2000.0,"Curated bright-star landmark; SIMBAD identity * del Leo. SIMBAD compiled Johnson V=2.53; absolute V derived from parallax with no extinction correction. Physical parameters: 1999A&A...352..555A, 2012MNRAS.427..343M. No component-resolved age was adopted from the reviewed sources.",Leo,168.52708926588556,20.523718139047475,2000.0,55.82,0.25,143.42,,-129.88,,-20.9,,SIMBAD TAP snapshot 2026-09-30,SIMBAD TAP snapshot 2026-09-30
star,bright-sheratan,Sheratan,,kA4hA5mA5Va,-10.943808186,8.475152436,-11.484209809,-1.648711,-12.578538,-2.856657,8128,,22.130,2.3723,-0.2,[Fe/H],,1.375374,2000.0,"Curated bright-star landmark; SIMBAD identity * bet Ari. SIMBAD compiled Johnson V=2.65; absolute V derived from parallax with no extinction correction. Physical parameters: 1999A&A...352..555A, 2012MNRAS.427..343M. No component-resolved age was adopted from the reviewed sources. The entry represents the named unresolved system; physical values describe its integrated or primary-dominated light. Shared exact-identity physical supplements (metallicity_dex: 2016A&A...589A..83G).",Aries,28.66004578884514,20.808031471916408,2000.0,55.6,0.58,98.74,,-110.41,,-3.1,,SIMBAD TAP snapshot 2026-09-30,SIMBAD TAP snapshot 2026-09-30
star,bright-menkent,Menkent,,K0-IIIb,12.511696125,-10.703548207,7.357053327,-26.912234,-50.891694,-25.086057,4786,1.48,56.831,10.9648,0.08,[Fe/H],,0.769508,2000.0,Curated bright-star landmark; SIMBAD identity * tet Cen. SIMBAD compiled Johnson V=2.05; absolute V derived from parallax with no extinction correction. Physical parameters: 1999A&A...352..555A. No component-resolved age was adopted from the reviewed sources. Shared exact-identity physical supplements (metallicity_dex: 2022A&A...663A...4S).,Centaurus,211.670614682339,-36.369954742511496,2000.0,55.45,0.2,-520.53,,-518.06,,1.3,,SIMBAD TAP snapshot 2026-09-25,SIMBAD TAP snapshot 2026-09-25
star,bright-epsilon-scorpii,Epsilon Scorpii,,K1III,19.038252025,-3.765850850,2.232063847,-16.249362,-52.271474,28.527506,4571,1.21,62.336,12.5893,-0.14,[Fe/H],,0.835926,2000.0,Curated bright-star landmark; SIMBAD identity * eps Sco. SIMBAD compiled Johnson V=2.29; absolute V derived from parallax with no extinction correction. Physical parameters: 1999A&A...352..555A. No component-resolved age was adopted from the reviewed sources. Shared exact-identity physical supplements (metallicity_dex: 2022A&A...663A...4S).,Scorpius,252.54087838625,-34.29323159305555,2000.0,51.19,0.22,-614.85,,-255.98,,-2.5,,SIMBAD TAP snapshot 2026-09-25,SIMBAD TAP snapshot 2026-09-25
star,bright-hamal,Hamal,,K2-IIIbCa-1,-13.267817167,9.436474839,-11.918556988,0.037529,-26.912612,3.049104,4571,1.45,86.048,14.7911,-0.25,[Fe/H],,0.485656,2000.0,Curated bright-star landmark; SIMBAD identity * alf Ari. SIMBAD compiled Johnson V=2.01; absolute V derived from parallax with no extinction correction. Physical parameters: 1999A&A...352..555A. No component-resolved age was adopted from the reviewed sources. Shared exact-identity physical supplements (metallicity_dex: 2025A&A...698A..93J).,Aries,31.79335709957655,23.46241755020095,2000.0,49.56,0.25,188.55,,-148.08,,-14.412,,SIMBAD TAP snapshot 2026-09-25,SIMBAD TAP snapshot 2026-09-25
star,bright-aldebaran,Aldebaran,,K5+III,-19.167687600,-0.325171766,-7.071704382,-48.492444,-19.025883,-24.866653,3671,,,,-0.93,[Fe/H],,-0.691680,2000.0,Curated bright-star landmark; SIMBAD identity * alf Tau. SIMBAD compiled Johnson V=0.86; absolute V derived from parallax with no extinction correction. Physical parameters: 2024A&A...690A..97C. No component-resolved age was adopted from the reviewed sources.,Taurus,68.9801627900154,16.5093023507718,2000.0,48.94,0.77,63.45,,-188.94,,54.398,,SIMBAD TAP snapshot 2026-09-25,SIMBAD TAP snapshot 2026-09-25
star,bright-unukalhai,Unukalhai,,K2IIIbCN1,15.847601554,4.010902787,15.829998641,5.439802,13.569361,-5.103327,4467,0.95,54.295,12.3027,-0.06,[Fe/H],,0.844547,2000.0,Curated bright-star landmark; SIMBAD identity * alf Ser. SIMBAD compiled Johnson V=2.63; absolute V derived from parallax with no extinction correction. Physical parameters: 1999A&A...352..555A. No component-resolved age was adopted from the reviewed sources. Shared exact-identity physical supplements (metallicity_dex: 2024A&A...690A..97C).,Serpens,236.0669754565879,6.425630220244722,2000.0,43.945,0.4676,133.922,,45.55,,2.63,,SIMBAD TAP snapshot 2026-09-30,SIMBAD TAP snapshot 2026-09-30
star,bright-aljanah,Aljanah,,K0III,5.594156080,22.356115258,-2.306468872,-53.267060,-0.672291,-9.197828,4786,,,,-0.21,[Fe/H],,0.656257,2000.0,Curated bright-star landmark; SIMBAD identity * eps Cyg. SIMBAD compiled Johnson V=2.48; absolute V derived from parallax with no extinction correction. Physical parameters: 1999A&A...352..555A. No component-resolved age was adopted from the reviewed sources. The entry represents the named unresolved system; physical values describe its integrated or primary-dominated light. Shared exact-identity physical supplements (metallicity_dex: 2022A&A...668A..88N).,Cygnus,311.55280115351087,33.97032834364584,2000.0,43.1769,0.9384,365.954,,308.787,,-12.599,,SIMBAD TAP snapshot 2026-09-30,SIMBAD TAP snapshot 2026-09-30
star,bright-alphecca,Alphecca,,A1IV,10.418673683,9.338209070,19.097057760,14.575880,3.223174,-7.420754,8913,,68.460,3.4700,0.2,[Fe/H],,0.368661,2000.0,"Curated bright-star landmark; SIMBAD identity * alf CrB. SIMBAD compiled Johnson V=2.24; absolute V derived from parallax with no extinction correction. Physical parameters: 1999A&A...352..555A, 2012MNRAS.427..343M. No component-resolved age was adopted from the reviewed sources. The entry represents the named unresolved system; physical values describe its integrated or primary-dominated light. Shared exact-identity physical supplements (metallicity_dex: 2016A&A...589A..83G).",Corona Borealis,233.67195203403162,26.714685000024716,2000.0,42.2408,0.977,118.927,,-87.711,,1.7,,SIMBAD TAP snapshot 2026-09-25,SIMBAD TAP snapshot 2026-09-25
star,bright-regulus,Regulus,,B8IVn,-11.009029659,-11.571672948,18.331041438,-23.446360,-4.424984,-15.920115,10965,3.23,246.227,4.3481,0.1668,[Fe/H],,-0.529206,2000.0,"Curated bright-star landmark; SIMBAD identity * alf Leo. SIMBAD compiled Johnson V=1.4; absolute V derived from parallax with no extinction correction. Physical parameters: 1999A&A...352..555A, 2018AJ....155...30B, 2023ApJS..266...11B. No component-resolved age was adopted from the reviewed sources.",Leo,152.09296243828146,11.967208776100023,2000.0,41.13,0.35,-248.73,,5.59,,0.719522,,SIMBAD TAP snapshot 2026-09-25,SIMBAD TAP snapshot 2026-09-25
star,bright-mizar-a,Mizar A,,A1.5Vas,-4.645511267,10.885722000,21.870244551,14.075951,4.290176,-5.512928,9700,,,,0.2,[Fe/H],,0.241849,2000.0,Curated bright-star landmark; SIMBAD identity * zet01 UMa. SIMBAD compiled Johnson V=2.22; absolute V derived from parallax with no extinction correction. No component-resolved age was adopted from the reviewed sources. The entry represents the named unresolved system; physical values describe its integrated or primary-dominated light. Shared exact-identity physical supplements (temperature_k: 2016A&A...589A..83G; metallicity_dex: 2016A&A...589A..83G).,Ursa Major,200.98142616882203,54.925359883302775,2000.0,40.2133,0.4623,122.467,,-22.682,,-5.6,,SIMBAD TAP snapshot 2026-09-25,SIMBAD TAP snapshot 2026-09-25
star,bright-menkalinan,Menkalinan,,A1IV-Vp,-23.876329776,5.312128225,4.493438592,14.737111,-0.164718,-8.668302,8511,,83.970,4.2146,0.37,[Fe/H],,-0.078330,2000.0,"Curated bright-star landmark; SIMBAD identity * bet Aur. SIMBAD compiled Johnson V=1.9; absolute V derived from parallax with no extinction correction. Physical parameters: 1999A&A...352..555A, 2012MNRAS.427..343M, 2019MNRAS.485.1067T. No component-resolved age was adopted from the reviewed sources. The entry represents the named unresolved system; physical values describe its integrated or primary-dominated light.",Auriga,89.88217886833333,44.94743257194444,2000.0,40.21,0.23,-56.44,,-0.95,,-15.75,,SIMBAD TAP snapshot 2026-09-25,SIMBAD TAP snapshot 2026-09-25
star,bright-alioth,Alioth,,A1III-IVpkB9,-6.501163821,10.331655246,22.171835808,14.972011,1.451127,-10.783710,9550,2.82,110.310,4.1397,-0.1,[Fe/H],,-0.246465,2000.0,"Curated bright-star landmark; SIMBAD identity * eps UMa. SIMBAD compiled Johnson V=1.77; absolute V derived from parallax with no extinction correction. Physical parameters: 1976IAUCo..32..623E, 1999A&A...352..555A, 2012MNRAS.427..343M, 2014MNRAS.443.1629S. No component-resolved age was adopted from the reviewed sources.",Ursa Major,193.5072899675,55.95982295694445,2000.0,39.51,0.2,111.91,,-8.24,,-12.7,,SIMBAD TAP snapshot 2026-09-25,SIMBAD TAP snapshot 2026-09-25
star,bright-phecda,Phecda,,A0V,-9.470795989,7.713214110,22.388590062,15.390028,3.148190,-8.130072,9503,,63.880,2.9486,,,,0.406984,2000.0,Curated bright-star landmark; SIMBAD identity * gam UMa. SIMBAD compiled Johnson V=2.44; absolute V derived from parallax with no extinction correction. Physical parameters: 2012MNRAS.427..343M. No component-resolved age was adopted from the reviewed sources.,Ursa Major,178.45769715249997,53.69475972916666,2000.0,39.21,0.4,107.68,,11.01,,-11.9,,SIMBAD TAP snapshot 2026-09-30,SIMBAD TAP snapshot 2026-09-30
star,bright-merak,Merak,,A1IVps,-12.820407323,7.652786073,21.168920353,14.405453,2.736146,-8.295480,8913,2.28,60.270,3.0903,,,,0.303111,2000.0,"Curated bright-star landmark; SIMBAD identity * bet UMa. SIMBAD compiled Johnson V=2.37; absolute V derived from parallax with no extinction correction. Physical parameters: 1999A&A...352..555A, 2012MNRAS.427..343M. No component-resolved age was adopted from the reviewed sources.",Ursa Major,165.46033229797294,56.382433649496384,2000.0,38.6031,1.1285,79.959,,32.365,,-13.1,,SIMBAD TAP snapshot 2026-09-25,SIMBAD TAP snapshot 2026-09-25
star,bright-ankaa,Ankaa,,K0.5IIIb,5.491602325,-4.608038187,-24.965141964,11.313179,-64.765477,-63.171804,4677,,,,-0.4,[Fe/H],,0.307304,2000.0,Curated bright-star landmark; SIMBAD identity * alf Phe. SIMBAD compiled Johnson V=2.38; absolute V derived from parallax with no extinction correction. Physical parameters: 1999A&A...352..555A. No component-resolved age was adopted from the reviewed sources. The entry represents the named unresolved system; physical values describe its integrated or primary-dominated light. Shared exact-identity physical supplements (metallicity_dex: 2020A&A...633A..34C).,Phoenix,6.5710475153919266,-42.305987194396046,2000.0,38.5,0.73,233.05,,-356.3,,74.6,,SIMBAD TAP snapshot 2026-09-25,SIMBAD TAP snapshot 2026-09-25
star,bright-ascella,Ascella,,A2.5Va,25.890919752,3.105804417,-7.159942082,23.228497,5.838822,-6.758046,8511,,57.220,3.4791,,,,0.429835,2000.0,"Curated bright-star landmark; SIMBAD identity * zet Sgr. SIMBAD compiled Johnson V=2.59; absolute V derived from parallax with no extinction correction. Physical parameters: 1999A&A...352..555A, 2012MNRAS.427..343M. No component-resolved age was adopted from the reviewed sources. The entry represents the named unresolved system; physical values describe its integrated or primary-dominated light.",Sagittarius,285.6530426563352,-29.88006330096877,2000.0,36.98,0.87,10.79,,21.11,,24.7,,SIMBAD TAP snapshot 2026-09-30,SIMBAD TAP snapshot 2026-09-30
star,bright-sabik,Sabik,,A2IV-V,26.106582126,3.076720375,6.557968386,-4.568281,12.998443,2.172409,8718,,62.740,3.4721,,,,0.255720,2000.0,Curated bright-star landmark; SIMBAD identity * eta Oph. SIMBAD compiled Johnson V=2.42; absolute V derived from parallax with no extinction correction. Physical parameters: 2012MNRAS.427..343M. No component-resolved age was adopted from the reviewed sources. The entry represents the named unresolved system; physical values describe its integrated or primary-dominated light.,Ophiuchus,257.5945287106208,-15.724906641710527,2000.0,36.91,0.8,40.13,,99.17,,-2.4,,SIMBAD TAP snapshot 2026-09-30,SIMBAD TAP snapshot 2026-09-30
star,bright-gacrux,Gacrux,,M3.5III,13.578986446,-23.359905776,2.673013612,17.632898,-17.762685,-31.494105,3689,,861.411,71.9520,,,,-0.528991,2000.0,Curated bright-star landmark; SIMBAD identity * gam Cru. SIMBAD compiled Johnson V=1.64; absolute V derived from parallax with no extinction correction. Physical parameters: 2017MNRAS.471..770M. Reviewed source detail: Exact HIP 61084 SED fit; 125 K temperature uncertainty and 6.8 percent fractional luminosity uncertainty. No component-resolved age was adopted from the reviewed sources.,Crux,187.79149837560794,-57.11321345705891,2000.0,36.83,0.18,28.23,,-265.08,,21.0,,SIMBAD TAP snapshot 2026-09-25,SIMBAD TAP snapshot 2026-09-25
star,bright-algol,Algol,,B8V,-22.832669337,13.731990309,-7.089529996,-3.546420,1.611651,-1.012560,9120,,94.150,3.8866,,,,-0.082262,2000.0,"Curated bright-star landmark; SIMBAD identity * bet Per. SIMBAD compiled Johnson V=2.12; absolute V derived from parallax with no extinction correction. Physical parameters: 1999A&A...352..555A, 2012MNRAS.427..343M. No component-resolved age was adopted from the reviewed sources. The entry represents the named unresolved system; physical values describe its integrated or primary-dominated light.",Perseus,47.04221855625,40.95564667027778,2000.0,36.27,1.4,2.99,,-1.66,,4.0,,SIMBAD TAP snapshot 2026-09-25,SIMBAD TAP snapshot 2026-09-25
star,bright-diphda,Diphda,,G9.5IIICH-1,-1.739538939,4.454739016,-29.143599782,-30.731129,-11.526261,-13.361850,4786,2.74,136.328,16.9824,0.15,[Fe/H],,-0.341565,2000.0,Curated bright-star landmark; SIMBAD identity * bet Cet. SIMBAD compiled Johnson V=2.01; absolute V derived from parallax with no extinction correction. Physical parameters: 1999A&A...352..555A. No component-resolved age was adopted from the reviewed sources. Shared exact-identity physical supplements (metallicity_dex: 2024A&A...690A..97C).,Cetus,10.897378736003901,-17.98660631592891,2000.0,33.86,0.16,232.55,,31.99,,13.257,,SIMBAD TAP snapshot 2026-09-25,SIMBAD TAP snapshot 2026-09-25
star,bright-alpheratz,Alpheratz,,B8IV-VHgMn,-9.252945911,23.213619409,-16.131592991,-4.965761,-26.541587,-16.722586,9550,2.90,118.770,3.9811,0.42,[Fe/H],,-0.307011,2000.0,Curated bright-star landmark; SIMBAD identity * alf And. SIMBAD compiled Johnson V=2.06; absolute V derived from parallax with no extinction correction. Physical parameters: 1999A&A...352..555A. No component-resolved age was adopted from the reviewed sources. Shared exact-identity physical supplements (metallicity_dex: 2023ApJS..266...41P).,Andromeda,2.0969161856756404,29.090431118059698,2000.0,33.62,0.35,137.46,,-163.44,,-10.1,,SIMBAD TAP snapshot 2026-09-25,SIMBAD TAP snapshot 2026-09-25
star,bright-ruchbah,Ruchbah,,A5IV,-18.407559480,24.259783345,-1.250759479,-38.598597,-20.953359,-1.618218,7943,,,,-0.4,[Fe/H],,0.260031,2000.0,Curated bright-star landmark; SIMBAD identity * del Cas. SIMBAD compiled Johnson V=2.68; absolute V derived from parallax with no extinction correction. Physical parameters: 1999A&A...352..555A. No component-resolved age was adopted from the reviewed sources. The entry represents the named unresolved system; physical values describe its integrated or primary-dominated light. Shared exact-identity physical supplements (metallicity_dex: 2016A&A...589A..83G).,Cassiopeia,21.453964462083334,60.23528402972222,2000.0,32.81,0.14,296.57,,-49.22,,6.7,,SIMBAD TAP snapshot 2026-09-30,SIMBAD TAP snapshot 2026-09-30
star,bright-alnair,Alnair,,B6V,18.577522109,-3.276226955,-24.560986362,-6.851067,-25.398726,-15.538043,10233,3.14,197.109,4.4668,,,,-0.744660,2000.0,"Curated bright-star landmark; SIMBAD identity * alf Gru. SIMBAD compiled Johnson V=1.71; absolute V derived from parallax with no extinction correction. Physical parameters: 1999A&A...352..555A, 2003AJ....125.1598L. No component-resolved age was adopted from the reviewed sources.",Grus,332.05826969609114,-46.96097438191952,2000.0,32.29,0.21,126.69,,-147.47,,10.9,,SIMBAD TAP snapshot 2026-09-25,SIMBAD TAP snapshot 2026-09-25
star,bright-alkaid,Alkaid,,B3V,-2.469284523,13.073856841,28.957038707,-11.298770,-18.355842,-7.422783,11220,3.32,462.550,3.3995,,,,-0.656735,2000.0,"Curated bright-star landmark; SIMBAD identity * eta UMa. SIMBAD compiled Johnson V=1.86; absolute V derived from parallax with no extinction correction. Physical parameters: 1999A&A...352..555A, 2009A&A...501..297Z, 2012MNRAS.427..343M, 2018AJ....155...30B. No component-resolved age was adopted from the reviewed sources.",Ursa Major,206.88515734206297,49.31326672942533,2000.0,31.38,0.24,-121.17,,-14.91,,-13.4,,SIMBAD TAP snapshot 2026-09-25,SIMBAD TAP snapshot 2026-09-25
star,bright-alhena,Alhena,,A1.5IV+,-31.989373855,-9.642078636,2.601679536,14.439520,-4.813507,-2.982069,9120,,163.450,5.1210,-0.1,[Fe/H],,-0.706006,2000.0,"Curated bright-star landmark; SIMBAD identity * gam Gem. SIMBAD compiled Johnson V=1.92; absolute V derived from parallax with no extinction correction. Physical parameters: 1999A&A...352..555A, 2012MNRAS.427..343M, 2016A&A...589A..83G. No component-resolved age was adopted from the reviewed sources. The entry represents the named unresolved system; physical values describe its integrated or primary-dominated light.",Gemini,99.42796042942895,16.399280426663772,2000.0,29.84,2.23,13.81,,-54.96,,-12.63,,SIMBAD TAP snapshot 2026-09-25,SIMBAD TAP snapshot 2026-09-25
star,bright-mu-velorum,Mu Velorum,,G6III,7.672436407,-33.162157300,5.130994844,14.700717,-3.172982,-0.895056,5012,2.68,109.810,13.4896,0,[Fe/H],,0.005776,2000.0,"Curated bright-star landmark; SIMBAD identity * mu. Vel. SIMBAD compiled Johnson V=2.69; absolute V derived from parallax with no extinction correction. Physical parameters: 1999A&A...352..555A, 2012MNRAS.427..343M. No component-resolved age was adopted from the reviewed sources. Shared exact-identity physical supplements (metallicity_dex: 2020A&A...633A..34C).",Vela,161.69239624144333,-49.420259938983605,2000.0,29.0506,0.2991,68.537,,-48.819,,6.2,,SIMBAD TAP snapshot 2026-09-30,SIMBAD TAP snapshot 2026-09-30
star,bright-miaplacidus,Miaplacidus,,A1III-,9.251143287,-32.308532862,-8.633366725,-31.167387,-1.874555,-5.885236,8318,2.96,211.060,6.3096,,,,-1.011530,2000.0,"Curated bright-star landmark; SIMBAD identity * bet Car. SIMBAD compiled Johnson V=1.69; absolute V derived from parallax with no extinction correction. Physical parameters: 1999A&A...352..555A, 2003AJ....125.1598L, 2012MNRAS.427..343M. No component-resolved age was adopted from the reviewed sources.",Carina,138.29990608310192,-69.71720759721548,2000.0,28.82,0.11,-156.47,,108.95,,-5.1,,SIMBAD TAP snapshot 2026-09-25,SIMBAD TAP snapshot 2026-09-25
star,bright-dubhe,Dubhe,,G9III+A7.5,-18.896122740,14.317622773,29.285617468,-15.349567,-16.429300,-13.965939,4660,,123.263,17.0332,-0.2,[Fe/H],,-1.090495,2000.0,"Curated bright-star landmark; SIMBAD identity * alf UMa. SIMBAD compiled Johnson V=1.79; absolute V derived from parallax with no extinction correction. Physical parameters: 2018AJ....155...30B, 2025A&A...698A..93J. No component-resolved age was adopted from the reviewed sources. The entry represents the named unresolved system; physical values describe its integrated or primary-dominated light.",Ursa Major,165.9319646738126,61.751034687818226,2000.0,26.54,0.48,-134.11,,-34.7,,-9.4,,SIMBAD TAP snapshot 2026-09-25,SIMBAD TAP snapshot 2026-09-25
star,bright-gamma-centauri,Gamma Centauri,,A1IV+A0IV,20.099585155,-33.116842502,9.572302702,-32.779547,-13.732971,-1.609917,9333,,,,,,,-0.835095,2000.0,Curated bright-star landmark; SIMBAD identity * gam Cen. SIMBAD compiled Johnson V=2.17; absolute V derived from parallax with no extinction correction. Physical parameters: 1999A&A...352..555A. No component-resolved age was adopted from the reviewed sources. The entry represents the named unresolved system; physical values describe its integrated or primary-dominated light.,Centaurus,190.37933367081536,-48.959871515023295,2000.0,25.06,0.28,-185.72,,5.79,,-5.5,,SIMBAD TAP snapshot 2026-09-25,SIMBAD TAP snapshot 2026-09-25
star,bright-kochab,Kochab,,K4-III,-11.753805037,28.171256539,26.073183161,-10.329133,8.365845,12.417665,4200,,464.680,40.7128,-0.29,[Fe/H],,-0.938131,2000.0,Curated bright-star landmark; SIMBAD identity * bet UMi. SIMBAD compiled Johnson V=2.08; absolute V derived from parallax with no extinction correction. Physical parameters: 2012MNRAS.427..343M. No component-resolved age was adopted from the reviewed sources. Shared exact-identity physical supplements (metallicity_dex: 2025A&A...698A..93J).,Ursa Minor,222.67635749796767,74.15550393675127,2000.0,24.91,0.12,-32.61,,11.42,,16.96,,SIMBAD TAP snapshot 2026-09-25,SIMBAD TAP snapshot 2026-09-25
star,bright-markab,Markab,,A0IV,0.934874122,31.128747856,-26.486842777,-6.080899,-10.271192,-8.118367,9120,2.95,184.260,5.0119,0,[Fe/H],,-0.577718,2000.0,"Curated bright-star landmark; SIMBAD identity * alf Peg. SIMBAD compiled Johnson V=2.48; absolute V derived from parallax with no extinction correction. Physical parameters: 1999A&A...352..555A, 2012MNRAS.427..343M. No component-resolved age was adopted from the reviewed sources. Shared exact-identity physical supplements (metallicity_dex: 2016A&A...589A..83G).",Pegasus,346.19022269142596,15.205267147927536,2000.0,24.46,0.19,60.4,,-41.3,,-2.7,,SIMBAD TAP snapshot 2026-09-30,SIMBAD TAP snapshot 2026-09-30
star,bright-elnath,Elnath,,B7III,-40.938131401,1.433599143,-2.681573725,-9.257132,-30.229719,-15.675834,12589,4.10,595.196,5.1286,-0.1,[Fe/H],,-1.416614,2000.0,"Curated bright-star landmark; SIMBAD identity * bet Tau. SIMBAD compiled Johnson V=1.65; absolute V derived from parallax with no extinction correction. Physical parameters: 1999A&A...352..555A, 2023MNRAS.519.5472M. No component-resolved age was adopted from the reviewed sources. Shared exact-identity physical supplements (metallicity_dex: 1979ApJS...41..675H).",Taurus,81.57297133176498,28.607451724998228,2000.0,24.36,0.34,22.76,,-173.58,,9.2,,SIMBAD TAP snapshot 2026-09-25,SIMBAD TAP snapshot 2026-09-25
star,bright-achernar,Achernar,,B6Vpe,7.881400347,-20.703032265,-36.566566543,-7.351482,-19.711777,-0.327266,14454,5.39,2775.980,8.3176,0.18,[Fe/H],,-2.694849,2000.0,"Curated bright-star landmark; SIMBAD identity * alf Eri. SIMBAD compiled Johnson V=0.46; absolute V derived from parallax with no extinction correction. Physical parameters: 1999A&A...352..555A, 2012MNRAS.427..343M, 2023ApJS..266...11B. No component-resolved age was adopted from the reviewed sources.",Eridanus,24.428522833333336,-57.236752805555554,2000.0,23.39,0.57,87.0,,-38.24,,8.47,,SIMBAD TAP snapshot 2026-09-25,SIMBAD TAP snapshot 2026-09-25
star,bright-kaus-australis,Kaus Australis,,B9IVp_lB?,43.290325348,-0.609154110,-7.484183505,-15.852063,-26.611063,-1.467063,9333,3.47,303.414,6.6624,,,,-1.404139,2000.0,"Curated bright-star landmark; SIMBAD identity * eps Sgr. SIMBAD compiled Johnson V=1.81; absolute V derived from parallax with no extinction correction. Physical parameters: 1999A&A...352..555A, 2007ApJ...660.1556R, 2009A&A...501..297Z. No component-resolved age was adopted from the reviewed sources.",Sagittarius,276.0429933505963,-34.38461648586744,2000.0,22.76,0.24,-39.42,,-124.2,,-15.0,,SIMBAD TAP snapshot 2026-09-25,SIMBAD TAP snapshot 2026-09-25
star,bright-kraz,Kraz,,G5IIBa0.3,16.439662682,-31.083301801,28.788217888,2.078248,-1.183292,-14.051178,5129,3.11,167.820,15.4882,0.05,[Fe/H],,-0.647403,2000.0,"Curated bright-star landmark; SIMBAD identity * bet Crv. SIMBAD compiled Johnson V=2.64; absolute V derived from parallax with no extinction correction. Physical parameters: 1999A&A...352..555A, 2012MNRAS.427..343M. No component-resolved age was adopted from the reviewed sources. Shared exact-identity physical supplements (metallicity_dex: 2024A&A...692A.189R).",Corvus,188.59681217680622,-23.39676021620222,2000.0,22.0049,0.2333,1.116,,-56.704,,-7.34,,SIMBAD TAP snapshot 2026-09-30,SIMBAD TAP snapshot 2026-09-30
star,bright-gienah,Gienah,,B8III,12.031127783,-31.367212191,33.016015211,-33.881870,-11.329306,-4.408918,11482,3.57,298.377,4.3652,,,,-0.785250,2000.0,Curated bright-star landmark; SIMBAD identity * gam Crv. SIMBAD compiled Johnson V=2.58; absolute V derived from parallax with no extinction correction. Physical parameters: 1999A&A...352..555A. No component-resolved age was adopted from the reviewed sources.,Corvus,183.9515450373768,-17.541930457603193,2000.0,21.23,0.2,-158.61,,21.86,,-4.2,,SIMBAD TAP snapshot 2026-09-30,SIMBAD TAP snapshot 2026-09-30
star,bright-eltanin,Eltanin,,K5III,7.838757578,40.534458450,23.090054483,0.489995,-25.495661,-12.586983,4176,,549.330,44.7763,-0.06,[Fe/H],,-1.144475,2000.0,Curated bright-star landmark; SIMBAD identity * gam Dra. SIMBAD compiled Johnson V=2.23; absolute V derived from parallax with no extinction correction. Physical parameters: 2012MNRAS.427..343M. No component-resolved age was adopted from the reviewed sources. Shared exact-identity physical supplements (metallicity_dex: 2024A&A...692A.189R).,Draco,269.1515411786243,51.48889561763423,2000.0,21.14,0.1,-8.48,,-22.79,,-27.91,,SIMBAD TAP snapshot 2026-09-25,SIMBAD TAP snapshot 2026-09-25
star,bright-mahasim,Mahasim,,A0VpSi,-50.165801344,4.973272387,5.948178833,-30.929447,-17.656119,3.953792,10715,3.44,194.670,4.8978,,,,-0.907669,2000.0,"Curated bright-star landmark; SIMBAD identity * tet Aur. SIMBAD compiled Johnson V=2.62; absolute V derived from parallax with no extinction correction. Physical parameters: 1999A&A...352..555A, 2012MNRAS.427..343M. No component-resolved age was adopted from the reviewed sources.",Auriga,89.93029217610834,37.21258462923103,2000.0,19.7,0.16,43.63,,-73.79,,29.3,,SIMBAD TAP snapshot 2026-09-30,SIMBAD TAP snapshot 2026-09-30
star,bright-beta-gruis,Beta Gruis,,M4.5III,27.966930510,-6.834714478,-45.991473070,-29.261759,-9.947577,-15.961544,3508,,3221.380,153.8710,0.208,[Fe/H],,-1.562373,2000.0,Curated bright-star landmark; SIMBAD identity * bet Gru. SIMBAD compiled Johnson V=2.11; absolute V derived from parallax with no extinction correction. Physical parameters: 2017MNRAS.471..770M. Reviewed source detail: Exact HIP 112122 SED fit; 125 K temperature uncertainty and 7.5 percent fractional luminosity uncertainty. No component-resolved age was adopted from the reviewed sources. Shared exact-identity physical supplements (metallicity_dex: 2023ApJS..266...11B).,Grus,340.66687612556166,-46.884576444824646,2000.0,18.43,0.42,135.16,,-4.38,,-0.3,,SIMBAD TAP snapshot 2026-09-25,SIMBAD TAP snapshot 2026-09-25
star,bright-peacock,Peacock,,B2IV,42.338042187,-14.657287956,-31.597256628,-6.062043,-21.629390,-1.559501,12023,,1438.160,8.7404,,,,-1.776876,2000.0,"Curated bright-star landmark; SIMBAD identity * alf Pav. SIMBAD compiled Johnson V=1.918; absolute V derived from parallax with no extinction correction. Physical parameters: 1995A&AS..110..553S, 1999A&A...352..555A, 2012MNRAS.427..343M. No component-resolved age was adopted from the reviewed sources. The entry represents the named unresolved system; physical values describe its integrated or primary-dominated light.",Pavo,306.4119043651986,-56.73508972631689,2000.0,18.24,0.52,6.9,,-86.02,,2.0,,SIMBAD TAP snapshot 2026-09-25,SIMBAD TAP snapshot 2026-09-25
star,bright-alphard,Alphard,,K3IIIa,-23.068430570,-42.465788872,26.838215108,-5.955179,9.075387,-0.153191,4362,,790.630,49.2343,-0.08,[Fe/H],,-1.742807,2000.0,Curated bright-star landmark; SIMBAD identity * alf Hya. SIMBAD compiled Johnson V=1.97; absolute V derived from parallax with no extinction correction. Physical parameters: 2012MNRAS.427..343M. No component-resolved age was adopted from the reviewed sources. Shared exact-identity physical supplements (metallicity_dex: 2024A&A...692A.189R).,Hydra,141.89684459585948,-8.658599531745583,2000.0,18.09,0.18,-15.23,,34.37,,-4.561,,SIMBAD TAP snapshot 2026-09-25,SIMBAD TAP snapshot 2026-09-25
star,bright-zubeneschamali,Zubeneschamali,,B8Vn,43.534053586,-6.101183559,35.896280464,-39.335179,-17.624446,-11.576172,10233,3.27,288.090,4.6774,,,,-1.149970,2000.0,"Curated bright-star landmark; SIMBAD identity * bet Lib. SIMBAD compiled Johnson V=2.62; absolute V derived from parallax with no extinction correction. Physical parameters: 1999A&A...352..555A, 2012MNRAS.427..343M. No component-resolved age was adopted from the reviewed sources.",Libra,229.25172424914246,-9.382914410334685,2000.0,17.62,0.16,-98.1,,-19.65,,-35.6,,SIMBAD TAP snapshot 2026-09-30,SIMBAD TAP snapshot 2026-09-30
star,bright-scheat,Scheat,,M2.5II-III,-5.262401612,52.274206997,-29.176396613,-66.276647,5.220338,4.849643,3864,,,,-0.11,[Fe/H],,-1.474233,2000.0,Curated bright-star landmark; SIMBAD identity * bet Peg. SIMBAD compiled Johnson V=2.42; absolute V derived from parallax with no extinction correction. Physical parameters: 2008AJ....135..209M. No component-resolved age was adopted from the reviewed sources.,Pegasus,345.9435727452067,28.082787124606668,2000.0,16.64,0.15,187.65,,136.93,,7.99,,SIMBAD TAP snapshot 2026-09-30,SIMBAD TAP snapshot 2026-09-30
star,bright-mirach,Mirach,,M0+IIIa,-32.509919456,42.973999337,-27.578012835,-34.784538,-41.670427,-25.264822,3802,,,,-0.03,[Fe/H],,-1.859950,2000.0,Curated bright-star landmark; SIMBAD identity * bet And. SIMBAD compiled Johnson V=2.05; absolute V derived from parallax with no extinction correction. Physical parameters: 2024A&A...691A..53S. No component-resolved age was adopted from the reviewed sources.,Andromeda,17.43301617293042,35.62055765052601,2000.0,16.52,0.56,175.9,,-112.2,,0.608782,,SIMBAD TAP snapshot 2026-09-25,SIMBAD TAP snapshot 2026-09-25
star,bright-nunki,Nunki,,B2.5V,67.247900638,11.320911905,-15.037327386,-10.969251,-16.097575,-9.162229,12882,,1424.370,7.5770,,,,-2.153285,2000.0,"Curated bright-star landmark; SIMBAD identity * sig Sgr. SIMBAD compiled Johnson V=2.067; absolute V derived from parallax with no extinction correction. Physical parameters: 1999A&A...352..555A, 2012MNRAS.427..343M. No component-resolved age was adopted from the reviewed sources. The entry represents the named unresolved system; physical values describe its integrated or primary-dominated light.",Sagittarius,283.81636040649323,-26.29672411476388,2000.0,14.32,0.29,15.14,,-53.43,,-11.2,,SIMBAD TAP snapshot 2026-09-25,SIMBAD TAP snapshot 2026-09-25
star,bright-schedar,Schedar,,K0-IIIa,-36.768419424,60.197588482,-7.790319872,-10.877869,-12.997285,-10.795026,4782,,771.450,40.4657,0.15,[Fe/H],,-2.025291,2000.0,Curated bright-star landmark; SIMBAD identity * alf Cas. SIMBAD compiled Johnson V=2.23; absolute V derived from parallax with no extinction correction. Physical parameters: 2012MNRAS.427..343M. No component-resolved age was adopted from the reviewed sources. Shared exact-identity physical supplements (metallicity_dex: 2023ApJS..266...41P).,Cassiopeia,10.126846007691249,56.537329217042775,2000.0,14.091,0.4988,49.126,,-31.595,,-4.204,,SIMBAD TAP snapshot 2026-09-25,SIMBAD TAP snapshot 2026-09-25
star,bright-izar,Izar,,K0-II-III,23.814739177,19.550974543,65.432064169,-21.407534,-10.939515,-7.288211,5012,,492.580,29.4353,-0.13,[Fe/H],,-1.846407,2000.0,Curated bright-star landmark; SIMBAD identity * eps Boo. SIMBAD compiled Johnson V=2.45; absolute V derived from parallax with no extinction correction. Physical parameters: 2012MNRAS.427..343M. No component-resolved age was adopted from the reviewed sources. Shared exact-identity physical supplements (metallicity_dex: 2008AJ....135..209M).,Bootes,221.24673982578958,27.074222319675556,2000.0,13.8267,0.4896,-50.818,,21.024,,-16.6,,SIMBAD TAP snapshot 2026-09-30,SIMBAD TAP snapshot 2026-09-30
star,bright-menkar,Menkar,,M1.5IIIa,-53.090996142,6.221750063,-54.577548840,31.974978,-20.250316,2.238728,3795,2.3,1460.000,89.0000,-0.221,[Fe/H],,-1.885302,2000.0,"Curated bright-star landmark; SIMBAD identity * alf Cet. SIMBAD compiled Johnson V=2.53; absolute V derived from parallax with no extinction correction. Physical parameters: 2006A&A...460..855W, 2024A&A...692A.228C. Reviewed source detail: Menkar interferometric Rosseland radius and effective temperature; luminosity from bolometric flux; mass from evolutionary tracks. No component-resolved age was adopted from the reviewed sources.",Cetus,45.56988780332224,4.089738771805157,2000.0,13.09,0.44,-10.41,,-76.85,,-25.47,,SIMBAD TAP snapshot 2026-09-30,SIMBAD TAP snapshot 2026-09-30
star,bright-spica,Spica,,B1V,34.844511418,-33.517171596,59.374867437,-9.218825,-15.195481,-7.436307,22387,,17079.900,8.6877,-0.02,[Fe/H],,-3.450284,2000.0,"Curated bright-star landmark; SIMBAD identity * alf Vir. SIMBAD compiled Johnson V=0.97; absolute V derived from parallax with no extinction correction. Physical parameters: 1999A&A...352..555A, 2012MNRAS.427..343M, 2023ApJS..266...11B. No component-resolved age was adopted from the reviewed sources. The entry represents the named unresolved system; physical values describe its integrated or primary-dominated light.",Virgo,201.2982473615632,-11.161319485111932,2000.0,13.06,0.7,-42.35,,-30.67,,-3.31,,SIMBAD TAP snapshot 2026-09-25,SIMBAD TAP snapshot 2026-09-25
star,bright-bellatrix,Bellatrix,,B2III,-71.194073217,-21.668205167,-21.273386474,-13.872815,-6.891170,-9.533122,21380,7.77,9210.780,5.7544,0.0093,[Fe/H],,-2.803687,2000.0,"Curated bright-star landmark; SIMBAD identity * gam Ori. SIMBAD compiled Johnson V=1.64; absolute V derived from parallax with no extinction correction. Physical parameters: 1999A&A...352..555A, 2012MNRAS.427..343M, 2023MNRAS.519.5472M. No component-resolved age was adopted from the reviewed sources. Shared exact-identity physical supplements (metallicity_dex: 2023ApJS..266...11B).",Orion,81.28276355652378,6.3497032644440665,2000.0,12.92,0.52,-8.11,,-12.88,,17.31,,SIMBAD TAP snapshot 2026-09-25,SIMBAD TAP snapshot 2026-09-25
star,bright-mimosa,Mimosa,,B1IV,45.765803798,-71.942475164,4.736619062,-8.873296,-18.280449,-6.219022,24107,,15443.500,7.1243,-0.08,[Fe/H],,-3.407216,2000.0,"Curated bright-star landmark; SIMBAD identity * bet Cru. SIMBAD compiled Johnson V=1.25; absolute V derived from parallax with no extinction correction. Physical parameters: 2012MNRAS.427..343M, 2024A&A...687A.228D. No component-resolved age was adopted from the reviewed sources. The entry represents the named unresolved system; physical values describe its integrated or primary-dominated light. Shared exact-identity physical supplements (metallicity_dex: 1994A&A...282..867K).",Crux,191.9302865619529,-59.68877199622606,2000.0,11.71,0.98,-42.97,,-16.18,,10.3,,SIMBAD TAP snapshot 2026-09-25,SIMBAD TAP snapshot 2026-09-25
star,bright-phact,Phact,,B9Ve,-39.785327532,-65.716379426,-42.332973348,-6.872911,-30.594052,-18.566819,12303,4.57,498.370,6.4565,,,,-2.065323,2000.0,"Curated bright-star landmark; SIMBAD identity * alf Col. SIMBAD compiled Johnson V=2.65; absolute V derived from parallax with no extinction correction. Physical parameters: 1999A&A...352..555A, 2012MNRAS.427..343M. No component-resolved age was adopted from the reviewed sources.",Columba,84.91225429958334,-34.07410971972223,2000.0,11.4008,0.4452,1.685,,-24.345,,35.0,,SIMBAD TAP snapshot 2026-09-30,SIMBAD TAP snapshot 2026-09-30
star,bright-sargas,Sargas,,F1III,89.283151034,-20.384754641,-9.586294661,4.768882,-0.961251,-3.296798,6607,5.66,1179.110,23.4423,-0.44,[Fe/H],,-2.970851,2000.0,"Curated bright-star landmark; SIMBAD identity * tet Sco. SIMBAD compiled Johnson V=1.85; absolute V derived from parallax with no extinction correction. Physical parameters: 1999A&A...352..555A, 2010AN....331..349H, 2012MNRAS.427..343M, 2023ApJS..266...11B. Mass source detail: Single-star evolutionary-model median. No component-resolved age was adopted from the reviewed sources.",Scorpius,264.3297077207907,-42.99782799333082,2000.0,10.86,1.49,5.54,,-3.12,,5.18,,SIMBAD TAP snapshot 2026-09-25,SIMBAD TAP snapshot 2026-09-25
star,bright-eta-centauri,Eta Centauri,,B2Ve,71.489646029,-54.314748598,26.883275546,-10.512076,-17.149122,-6.693593,14454,5.47,1820.200,7.2444,,,,-2.549178,2000.0,"Curated bright-star landmark; SIMBAD identity * eta Cen. SIMBAD compiled Johnson V=2.31; absolute V derived from parallax with no extinction correction. Physical parameters: 1999A&A...352..555A, 2012MNRAS.427..343M. No component-resolved age was adopted from the reviewed sources.",Centaurus,218.8767673375,-42.15782521722222,2000.0,10.67,0.21,-34.73,,-32.72,,0.0,,SIMBAD TAP snapshot 2026-09-25,SIMBAD TAP snapshot 2026-09-25
star,bright-canopus,Canopus,,A9II,-13.093086704,-84.694470999,-40.496195136,-11.729269,-21.499201,1.241232,7021,,11642.800,72.9262,-0.272,[Fe/H],,-5.623738,2000.0,"Curated bright-star landmark; SIMBAD identity * alf Car. SIMBAD compiled Johnson V=-0.74; absolute V derived from parallax with no extinction correction. Physical parameters: 2012MNRAS.427..343M, 2023ApJS..266...11B. No component-resolved age was adopted from the reviewed sources.",Carina,95.98795782918306,-52.69566138386201,2000.0,10.55,0.56,19.93,,23.24,,20.3,,SIMBAD TAP snapshot 2026-09-25,SIMBAD TAP snapshot 2026-09-25
star,bright-alpha-muscae,Alpha Muscae,,B2IV,50.449288787,-81.825695720,-10.611164656,-9.000721,-19.841963,-8.269679,15849,,1860.500,5.7209,,,,-2.278397,2000.0,"Curated bright-star landmark; SIMBAD identity * alf Mus. SIMBAD compiled Johnson V=2.649; absolute V derived from parallax with no extinction correction. Physical parameters: 1999A&A...352..555A, 2012MNRAS.427..343M. No component-resolved age was adopted from the reviewed sources. The entry represents the named unresolved system; physical values describe its integrated or primary-dominated light.",Musca,189.29590786916668,-69.1355647886111,2000.0,10.34,0.11,-40.2,,-12.8,,13.0,,SIMBAD TAP snapshot 2026-09-30,SIMBAD TAP snapshot 2026-09-30
star,bright-acrux,Acrux,,B0.5IV+B1V,49.546085232,-85.380199179,-0.624941661,-7.910289,-18.286102,-8.611025,24547,,36602.600,10.5782,,,,-4.211953,2000.0,"Curated bright-star landmark; SIMBAD identity * alf Cru. Bright Star Catalogue V=0.76; absolute V derived from parallax with no extinction correction. Physical parameters: 1999A&A...352..555A, 2012MNRAS.427..343M. No component-resolved age was adopted from the reviewed sources. The entry represents the named unresolved system; physical values describe its integrated or primary-dominated light.",Crux,186.64956340120452,-63.099092857925115,2000.0,10.13,0.5,-35.83,,-14.86,,11.9,,SIMBAD TAP snapshot 2026-09-25,SIMBAD TAP snapshot 2026-09-25
star,bright-leepwal,Leepwal,,B2.5IV,78.956880682,-81.566192028,28.709665854,-19.551180,-33.105227,-13.773862,16902,,3866.300,7.2514,,,,-2.792711,2000.0,Curated bright-star landmark; SIMBAD identity * zet Cen. SIMBAD compiled Johnson V=2.55; absolute V derived from parallax with no extinction correction. Physical parameters: 2012MNRAS.427..343M. No component-resolved age was adopted from the reviewed sources. The entry represents the named unresolved system; physical values describe its integrated or primary-dominated light.,Centaurus,208.88494019857197,-47.28837451101241,2000.0,8.54,0.13,-57.37,,-44.55,,6.5,,SIMBAD TAP snapshot 2026-09-30,SIMBAD TAP snapshot 2026-09-30
star,bright-beta-lupi,Beta Lupi,,B2IV,94.731255739,-63.292076217,28.213978197,-13.509607,-24.808476,-9.460691,15722,,2916.890,7.2794,,,,-2.667802,2000.0,Curated bright-star landmark; SIMBAD identity * bet Lup. SIMBAD compiled Johnson V=2.68; absolute V derived from parallax with no extinction correction. Physical parameters: 2012MNRAS.427..343M. No component-resolved age was adopted from the reviewed sources. The entry represents the named unresolved system; physical values describe its integrated or primary-dominated light.,Lupus,224.63302234983436,-43.13396384896446,2000.0,8.52,0.18,-35.78,,-39.83,,0.2,,SIMBAD TAP snapshot 2026-09-30,SIMBAD TAP snapshot 2026-09-30
star,bright-atria,Atria,,K2III_Ba1,90.466313481,-71.867937018,-31.518535707,-11.163834,-1.353401,-17.558027,4392,,3939.560,108.4056,0.0,[Fe/H],,-3.511568,2000.0,"Curated bright-star landmark; SIMBAD identity * alf TrA. SIMBAD compiled Johnson V=1.88; absolute V derived from parallax with no extinction correction. Physical parameters: 2012MNRAS.427..343M, 2022A&A...663A...4S. No component-resolved age was adopted from the reviewed sources.",Triangulum Australe,252.1662295073803,-69.02771184691984,2000.0,8.35,0.15,17.99,,-31.58,,-3.0,,SIMBAD TAP snapshot 2026-09-25,SIMBAD TAP snapshot 2026-09-25
star,bright-hadar,Hadar,,B1III,80.041301226,-89.625297534,2.624303219,-14.522515,-16.565197,-7.382950,21001,,36925.300,14.5156,-0.258,[Fe/H],,-4.819383,2000.0,"Curated bright-star landmark; SIMBAD identity * bet Cen. SIMBAD compiled Johnson V=0.58; absolute V derived from parallax with no extinction correction. Physical parameters: 2012MNRAS.427..343M, 2023ApJS..266...11B. No component-resolved age was adopted from the reviewed sources. The entry represents the named unresolved system; physical values describe its integrated or primary-dominated light.",Centaurus,210.95585562281522,-60.373035161541594,2000.0,8.32,0.5,-33.27,,-23.16,,2.52,,SIMBAD TAP snapshot 2026-09-25,SIMBAD TAP snapshot 2026-09-25
star,bright-almach,Almach,,K2+IIb,-83.484430905,77.947040981,-38.347144643,-8.793659,-34.662579,-15.181565,4468,,3192.740,94.2992,0.12,[Fe/H],,-3.304610,2000.0,Curated bright-star landmark; SIMBAD identity * gam01 And. SIMBAD compiled Johnson V=2.1; absolute V derived from parallax with no extinction correction. Physical parameters: 2012MNRAS.427..343M. No component-resolved age was adopted from the reviewed sources. Shared exact-identity physical supplements (metallicity_dex: 2023ApJS..266...41P).,Andromeda,30.97480120653972,42.32972842352701,2000.0,8.3,1.04,42.32,,-49.3,,-11.5,,SIMBAD TAP snapshot 2026-09-25,SIMBAD TAP snapshot 2026-09-25
star,bright-beta-scorpii-a,Beta Scorpii A,,B1V,112.751630437,-13.459058848,49.608804832,0.593057,-12.526653,-7.244296,9546,,1322.390,13.2950,,,,-2.845632,2000.0,Curated bright-star landmark; SIMBAD identity * bet01 Sco. SIMBAD compiled Johnson V=2.62; absolute V derived from parallax with no extinction correction. Physical parameters: 2012MNRAS.427..343M. No component-resolved age was adopted from the reviewed sources. The entry represents the named unresolved system; physical values describe its integrated or primary-dominated light.,Scorpius,241.3592999275,-19.805452782777778,2000.0,8.07,0.78,-5.2,,-24.04,,-1.0,,SIMBAD TAP snapshot 2026-09-30,SIMBAD TAP snapshot 2026-09-30
star,bright-adhara,Adhara,,B1.5II,-61.212183573,-105.304310156,-24.404390175,-13.576172,-23.538390,-3.342974,22127,,20729.500,9.7972,,,,-3.971021,2000.0,"Curated bright-star landmark; SIMBAD identity * eps CMa. SIMBAD compiled Johnson V=1.5; absolute V derived from parallax with no extinction correction. Physical parameters: 2012MNRAS.427..343M, 2024A&A...687A.228D. No component-resolved age was adopted from the reviewed sources.",Canis Major,104.65645315148348,-28.972086157360806,2000.0,8.05,0.14,3.24,,1.33,,27.3,,SIMBAD TAP snapshot 2026-09-25,SIMBAD TAP snapshot 2026-09-25
star,bright-kaus-media,Kaus Media,,K2.5IIIaCN0.5,126.274807329,6.619753241,-15.872277445,-23.084698,-6.728807,-22.666747,4469,,1425.210,62.9755,-0.22,[Fe/H],,-2.858537,2000.0,Curated bright-star landmark; SIMBAD identity * del Sgr. SIMBAD compiled Johnson V=2.668; absolute V derived from parallax with no extinction correction. Physical parameters: 2012MNRAS.427..343M. No component-resolved age was adopted from the reviewed sources. Shared exact-identity physical supplements (metallicity_dex: 2022A&A...663A...4S).,Sagittarius,275.24851205687213,-29.828102262591386,2000.0,7.8468,0.4791,33.212,,-27.361,,-20.4,,SIMBAD TAP snapshot 2026-09-30,SIMBAD TAP snapshot 2026-09-30
star,bright-epsilon-centauri,Epsilon Centauri,,B1III,83.602697241,-98.958749785,19.872029925,-5.743864,-9.797237,-4.837705,21002,11.60,9910.210,7.5192,,,,-3.287377,2000.0,"Curated bright-star landmark; SIMBAD identity * eps Cen. SIMBAD compiled Johnson V=2.3; absolute V derived from parallax with no extinction correction. Physical parameters: 2010AN....331..349H, 2012MNRAS.427..343M. Mass source detail: Single-star evolutionary-model median. No component-resolved age was adopted from the reviewed sources. The entry represents the named unresolved system; physical values describe its integrated or primary-dominated light.",Centaurus,204.97190723090242,-53.466391146088995,2000.0,7.63,0.48,-15.3,,-11.72,,3.0,,SIMBAD TAP snapshot 2026-09-25,SIMBAD TAP snapshot 2026-09-25
star,bright-polaris,Polaris,,F8Ib,-65.152550801,99.258713449,59.097439851,-14.527380,-29.803178,-2.808744,6741,,2570.360,37.1707,0.03,[Fe/H],,-3.593143,2000.0,Curated bright-star landmark; SIMBAD identity * alf UMi. SIMBAD compiled Johnson V=2.02; absolute V derived from parallax with no extinction correction. Physical parameters: 2012MNRAS.427..343M. No component-resolved age was adopted from the reviewed sources. Shared exact-identity physical supplements (metallicity_dex: 2022A&A...663A...4S).,Ursa Minor,37.954560670189856,89.26410896994187,2000.0,7.54,0.11,44.48,,-11.85,,-16.42,,SIMBAD TAP snapshot 2026-09-25,SIMBAD TAP snapshot 2026-09-25
star,bright-zeta-ophiuchi,Zeta Ophiuchi,,O9.2IVnn,122.954702875,13.533571873,54.010487900,-11.575399,15.571282,-0.041788,9199,,1004.870,12.4803,,,,-3.091261,2000.0,Curated bright-star landmark; SIMBAD identity * zet Oph. SIMBAD compiled Johnson V=2.56; absolute V derived from parallax with no extinction correction. Physical parameters: 2012MNRAS.427..343M. No component-resolved age was adopted from the reviewed sources.,Ophiuchus,249.2897502448742,-10.56708603964,2000.0,7.4088,0.6596,10.465,,24.742,,-9.0,,SIMBAD TAP snapshot 2026-09-30,SIMBAD TAP snapshot 2026-09-30
star,bright-hassaleh,Hassaleh,,K3II-III,-135.306235169,22.423994631,-14.801411444,-18.632517,-7.741603,-7.108797,4146,,4079.740,123.7970,-0.11,[Fe/H],,-3.008580,2000.0,Curated bright-star landmark; SIMBAD identity * iot Aur. SIMBAD compiled Johnson V=2.69; absolute V derived from parallax with no extinction correction. Physical parameters: 2012MNRAS.427..343M. No component-resolved age was adopted from the reviewed sources. Shared exact-identity physical supplements (metallicity_dex: 2024A&A...692A.189R).,Auriga,74.24841676022209,33.166093772077225,2000.0,7.2491,0.3819,3.817,,-17.786,,17.78,,SIMBAD TAP snapshot 2026-09-30,SIMBAD TAP snapshot 2026-09-30
star,bright-alpha-lupi,Alpha Lupi,,B1.5III,109.436863594,-86.705321160,28.245411153,-6.667340,-19.666748,-7.304839,11594,,3129.880,13.8660,,,,-3.482314,2000.0,Curated bright-star landmark; SIMBAD identity * alf Lup. SIMBAD compiled Johnson V=2.286; absolute V derived from parallax with no extinction correction. Physical parameters: 2012MNRAS.427..343M. No component-resolved age was adopted from the reviewed sources. The entry represents the named unresolved system; physical values describe its integrated or primary-dominated light.,Lupus,220.4823157775,-47.38819874611111,2000.0,7.02,0.17,-20.94,,-23.67,,5.4,,SIMBAD TAP snapshot 2026-09-25,SIMBAD TAP snapshot 2026-09-25
star,bright-kappa-scorpii,Kappa Scorpii,,B1.5III,145.845724280,-22.985567482,-12.188609182,-16.975876,-15.057127,-4.568880,21001,,11560.000,8.1218,,,,-3.467481,2000.0,Curated bright-star landmark; SIMBAD identity * kap Sco. SIMBAD compiled Johnson V=2.386; absolute V derived from parallax with no extinction correction. Physical parameters: 2012MNRAS.427..343M. No component-resolved age was adopted from the reviewed sources. The entry represents the named unresolved system; physical values describe its integrated or primary-dominated light.,Scorpius,265.62198000035505,-39.02998307638737,2000.0,6.75,0.17,-6.05,,-25.54,,-14.0,,SIMBAD TAP snapshot 2026-09-25,SIMBAD TAP snapshot 2026-09-25
star,bright-dschubba,Dschubba,,B0.3IV,137.074815308,-23.930972545,57.609802527,-4.626899,-22.569275,-14.051217,8798,19.61,2261.500,20.4684,,,,-3.569160,2000.0,"Curated bright-star landmark; SIMBAD identity * del Sco. SIMBAD compiled Johnson V=2.32; absolute V derived from parallax with no extinction correction. Physical parameters: 2010AN....331..349H, 2012MNRAS.427..343M. Mass source detail: Primary-component evolutionary-model median. No component-resolved age was adopted from the reviewed sources. The entry represents the named unresolved system; physical values describe its integrated or primary-dominated light.",Scorpius,240.08335534565887,-22.621706426005783,2000.0,6.64,0.89,-10.21,,-35.41,,-6.0,,SIMBAD TAP snapshot 2026-09-25,SIMBAD TAP snapshot 2026-09-25
star,bright-mirzam,Mirzam,,B1II-III,-101.586395816,-105.415915015,-37.229392820,-22.583578,-22.794417,-10.571105,24072,,24234.200,8.9504,-0.41,[Fe/H],,-3.925710,2000.0,Curated bright-star landmark; SIMBAD identity * bet CMa. SIMBAD compiled Johnson V=1.97; absolute V derived from parallax with no extinction correction. Physical parameters: 2012MNRAS.427..343M. No component-resolved age was adopted from the reviewed sources. The entry represents the named unresolved system; physical values describe its integrated or primary-dominated light. Shared exact-identity physical supplements (metallicity_dex: 1992ApJ...387..673G).,Canis Major,95.67493896958332,-17.955918708888888,2000.0,6.62,0.22,-3.23,,-0.78,,33.7,,SIMBAD TAP snapshot 2026-09-25,SIMBAD TAP snapshot 2026-09-25
star,bright-betelgeuse,Betelgeuse,,M1-M2Ia-Iab,-141.904978899,-51.053212667,-23.774175799,-22.640061,-10.843775,17.721276,3659,,73524.200,674.7501,-0.111,[Fe/H],,-5.498794,2000.0,"Curated bright-star landmark; SIMBAD identity * alf Ori. SIMBAD compiled Johnson V=0.42; absolute V derived from parallax with no extinction correction. Physical parameters: 2012MNRAS.427..343M, 2023MNRAS.519.5472M. No component-resolved age was adopted from the reviewed sources. Shared exact-identity physical supplements (metallicity_dex: 2025A&A...693A.163T).",Orion,88.79293899077537,7.407063995272694,2000.0,6.55,0.83,27.54,,11.3,,21.91,,SIMBAD TAP snapshot 2026-09-25,SIMBAD TAP snapshot 2026-09-25
star,bright-mirfak,Mirfak,,F5Ib,-128.910230351,85.101863321,-15.860310591,-11.572319,-22.613046,-6.149236,6228,,3784.070,52.8366,-0.159,[Fe/H],,-4.165571,2000.0,"Curated bright-star landmark; SIMBAD identity * alf Per. SIMBAD compiled Johnson V=1.79; absolute V derived from parallax with no extinction correction. Physical parameters: 2012MNRAS.427..343M, 2025ApJ...985..176B. No component-resolved age was adopted from the reviewed sources.",Perseus,51.08070871833333,49.86117929305556,2000.0,6.44,0.17,23.75,,-26.23,,-2.158,,SIMBAD TAP snapshot 2026-09-25,SIMBAD TAP snapshot 2026-09-25
star,bright-suhail,Suhail,,K4Ib,-11.820123765,-166.323098879,8.216679547,-21.941136,-16.398642,-5.913512,3966,,9165.280,202.7777,0.23,[Fe/H],,-3.902866,2000.0,Curated bright-star landmark; SIMBAD identity * lam Vel. SIMBAD compiled Johnson V=2.21; absolute V derived from parallax with no extinction correction. Physical parameters: 2012MNRAS.427..343M. No component-resolved age was adopted from the reviewed sources. Shared exact-identity physical supplements (metallicity_dex: 2023ApJS..266...41P).,Vela,136.99899113791412,-43.432590908860746,2000.0,5.99,0.11,-24.01,,13.52,,17.6,,SIMBAD TAP snapshot 2026-09-25,SIMBAD TAP snapshot 2026-09-25
star,bright-gamma-cassiopeiae,Gamma Cassiopeiae,,B0.5IVpe,-93.041498123,140.161437731,-6.311115787,-12.970917,-16.888645,-2.459497,7664,,2951.700,30.8161,,,,-3.741068,2000.0,Curated bright-star landmark; SIMBAD identity * gam Cas. SIMBAD compiled Johnson V=2.39; absolute V derived from parallax with no extinction correction. Physical parameters: 2012MNRAS.427..343M. No component-resolved age was adopted from the reviewed sources.,Cassiopeia,14.17721289375,60.71674002472222,2000.0,5.94,0.12,25.17,,-3.92,,-6.8,,SIMBAD TAP snapshot 2026-09-25,SIMBAD TAP snapshot 2026-09-25
star,bright-antares,Antares,,M1.5Iab+B2Vn,162.328139849,-22.966496114,44.126197830,-4.911332,-20.022684,-5.820374,3548,15,66430.900,682.1352,,,0.013,-5.239424,2000.0,"Curated bright-star landmark; SIMBAD identity * alf Sco. SIMBAD compiled Johnson V=0.91; absolute V derived from parallax with no extinction correction. Physical parameters: 2012MNRAS.427..343M, 2013A&A...555A..24O. Age source detail: Antares A mass 15 +/- 5 solar; age midpoint of the published 11-15 Myr range.",Scorpius,247.3519154198264,-26.432002611950832,2000.0,5.89,1.0,-12.11,,-23.3,,-3.5,,SIMBAD TAP snapshot 2026-09-25,SIMBAD TAP snapshot 2026-09-25
star,bright-delta-centauri,Delta Centauri,,B2Vne,75.099256526,-154.001245815,35.071556212,-23.834418,-26.980376,-12.582311,8850,,1308.990,15.3898,,,,-3.693817,2000.0,Curated bright-star landmark; SIMBAD identity * del Cen. SIMBAD compiled Johnson V=2.52; absolute V derived from parallax with no extinction correction. Physical parameters: 2012MNRAS.427..343M. No component-resolved age was adopted from the reviewed sources.,Centaurus,182.08957348875,-50.722427392777774,2000.0,5.7179,0.6516,-42.613,,-11.135,,11.0,,SIMBAD TAP snapshot 2026-09-30,SIMBAD TAP snapshot 2026-09-30
star,bright-shaula,Shaula,,B2IV+DA7.9,173.187083465,-25.128351033,-6.766780847,-6.905596,-24.581525,-7.813573,24900,10.4,48238.400,11.8019,,,,-4.586819,2000.0,"Curated bright-star landmark; SIMBAD identity * lam Sco. SIMBAD compiled Johnson V=1.63; absolute V derived from parallax with no extinction correction. Physical parameters: 2006MNRAS.370..884T, 2012MNRAS.427..343M. Reviewed source detail: Shaula A component mass. No component-resolved age was adopted from the reviewed sources. The entry represents the named unresolved system; physical values describe its integrated or primary-dominated light.",Scorpius,263.40216718438023,-37.10382355111976,2000.0,5.71,0.75,-8.53,,-30.8,,-3.0,,SIMBAD TAP snapshot 2026-09-25,SIMBAD TAP snapshot 2026-09-25
star,bright-markeb,Markeb,,B2IV,17.945394703,-174.182346625,-10.824697392,-11.166798,-23.130348,-1.256342,16589,,8622.070,11.2413,,,,-3.747626,2000.0,Curated bright-star landmark; SIMBAD identity * kap Vel. SIMBAD compiled Johnson V=2.473; absolute V derived from parallax with no extinction correction. Physical parameters: 2012MNRAS.427..343M. No component-resolved age was adopted from the reviewed sources. The entry represents the named unresolved system; physical values describe its integrated or primary-dominated light.,Vela,140.52840670833334,-55.01066713416667,2000.0,5.7,0.3,-11.4,,11.52,,21.9,,SIMBAD TAP snapshot 2026-09-30,SIMBAD TAP snapshot 2026-09-30
star,bright-lesath,Lesath,,B2IV,174.542903071,-26.790043245,-5.686965389,4.154888,-23.051526,-12.426665,14744,,5573.960,11.4421,,,,-3.585918,2000.0,Curated bright-star landmark; SIMBAD identity * ups Sco. SIMBAD compiled Johnson V=2.65; absolute V derived from parallax with no extinction correction. Physical parameters: 2012MNRAS.427..343M. No component-resolved age was adopted from the reviewed sources.,Scorpius,262.6909880116666,-37.295813475277775,2000.0,5.66,0.18,-2.37,,-30.09,,8.0,,SIMBAD TAP snapshot 2026-09-30,SIMBAD TAP snapshot 2026-09-30
star,bright-avior,Avior,,K3:III+B2:V,13.529939796,-180.553713051,-40.474894597,-27.672835,-11.594219,-10.702094,4209,,14086.300,223.1995,,,,-4.482056,2000.0,Curated bright-star landmark; SIMBAD identity * eps Car. SIMBAD compiled Johnson V=1.86; absolute V derived from parallax with no extinction correction. Physical parameters: 2012MNRAS.427..343M. No component-resolved age was adopted from the reviewed sources. The entry represents the named unresolved system; physical values describe its integrated or primary-dominated light.,Carina,125.62848024272952,-59.509484191917416,2000.0,5.39,0.42,-25.52,,22.06,,11.6,,SIMBAD TAP snapshot 2026-09-25,SIMBAD TAP snapshot 2026-09-25
star,bright-saiph,Saiph,,B0.5Ia,-155.043662030,-106.615681991,-62.945675852,-15.256714,-12.527756,-5.820071,18292,15.50,19455.100,13.8882,,,,-4.427847,2000.0,"Curated bright-star landmark; SIMBAD identity * kap Ori. SIMBAD compiled Johnson V=2.06; absolute V derived from parallax with no extinction correction. Physical parameters: 2010AN....331..349H, 2012MNRAS.427..343M. Mass source detail: Single-star evolutionary-model median. No component-resolved age was adopted from the reviewed sources. The entry represents the named unresolved system; physical values describe its integrated or primary-dominated light.",Orion,86.93912016833333,-9.66960491861111,2000.0,5.04,0.22,1.46,,-1.28,,20.5,,SIMBAD TAP snapshot 2026-09-25,SIMBAD TAP snapshot 2026-09-25
star,bright-enif,Enif,,K2Ib-II,74.584097205,164.198584830,-110.331181614,-19.421547,0.398181,-19.032333,4275,,9008.430,173.0234,0.08,[Fe/H],,-4.235694,2000.0,Curated bright-star landmark; SIMBAD identity * eps Peg. SIMBAD compiled Johnson V=2.39; absolute V derived from parallax with no extinction correction. Physical parameters: 2012MNRAS.427..343M. No component-resolved age was adopted from the reviewed sources. Shared exact-identity physical supplements (metallicity_dex: 2023ApJS..266...41P).,Pegasus,326.04648391416663,9.875008653333333,2000.0,4.73,0.17,26.92,,0.44,,3.39,,SIMBAD TAP snapshot 2026-09-25,SIMBAD TAP snapshot 2026-09-25
star,bright-mintaka,Mintaka,,O9.5IINwk,-184.942288436,-81.784962123,-64.690803643,-15.809243,-7.994511,-5.413208,18063,,18556.700,13.9099,,,,-4.224895,2000.0,Curated bright-star landmark; SIMBAD identity * del Ori. SIMBAD compiled Johnson V=2.41; absolute V derived from parallax with no extinction correction. Physical parameters: 2012MNRAS.427..343M. No component-resolved age was adopted from the reviewed sources. The entry represents the named unresolved system; physical values describe its integrated or primary-dominated light.,Orion,83.00166705557675,-0.29909510708333326,2000.0,4.71,0.58,0.64,,-0.69,,18.5,,SIMBAD TAP snapshot 2026-09-25,SIMBAD TAP snapshot 2026-09-25
star,bright-alnitak,Alnitak,,O9.7Ib+B0III,-193.692682353,-96.369843842,-64.433466910,-17.052289,-8.113933,-1.415882,17188,,30118.900,19.5714,,,,-4.997981,2000.0,Curated bright-star landmark; SIMBAD identity * zet Ori. SIMBAD compiled Johnson V=1.77; absolute V derived from parallax with no extinction correction. Physical parameters: 2012MNRAS.427..343M. No component-resolved age was adopted from the reviewed sources. The entry represents the named unresolved system; physical values describe its integrated or primary-dominated light.,Orion,85.18969442793068,-1.9425735859722049,2000.0,4.43,0.64,3.19,,2.03,,18.5,,SIMBAD TAP snapshot 2026-09-25,SIMBAD TAP snapshot 2026-09-25
star,bright-aspidiske,Aspidiske,,A7Ib,34.273339789,-230.451817652,-28.653151588,-22.240665,-14.618916,-7.336282,7055,,5243.780,48.4709,-0.3,[Fe/H],,-4.592952,2000.0,Curated bright-star landmark; SIMBAD identity * iot Car. SIMBAD compiled Johnson V=2.26; absolute V derived from parallax with no extinction correction. Physical parameters: 2012MNRAS.427..343M. No component-resolved age was adopted from the reviewed sources. Shared exact-identity physical supplements (metallicity_dex: 1985ApJ...298..782L).,Carina,139.27252857166667,-59.275232029166666,2000.0,4.26,0.1,-18.86,,11.98,,12.0,,SIMBAD TAP snapshot 2026-09-25,SIMBAD TAP snapshot 2026-09-25
star,bright-rigel,Rigel,,B8Ia,-208.791462535,-116.886619274,-112.829454832,-14.620570,-8.371149,-6.007911,11968,19.19,83226.200,74.0262,-0.159,[Fe/H],,-6.982541,2000.0,"Curated bright-star landmark; SIMBAD identity * bet Ori. SIMBAD compiled Johnson V=0.13; absolute V derived from parallax with no extinction correction. Physical parameters: 2010AN....331..349H, 2012MNRAS.427..343M, 2018AJ....155...30B, 2023ApJS..266...11B. Mass source detail: Single-star evolutionary-model median. No component-resolved age was adopted from the reviewed sources. The entry represents the named unresolved system; physical values describe its integrated or primary-dominated light.",Orion,78.63446706693006,-8.201638364722209,2000.0,3.78,0.34,1.31,,0.5,,17.8,,SIMBAD TAP snapshot 2026-09-25,SIMBAD TAP snapshot 2026-09-25
star,rigel-ba,Rigel Ba,,B9V,-208.784129686,-116.891586098,-112.837878221,,,,,,,,,,,,2000.0,"Individual stellar member from MSC WDS 05145-0812. The MSC BC sky direction and primary Rigel parallax place the component approximately at J2000; Ba/Bb/C share that BC direction and the primary proper motion. No resolved inner orbital offset, phase or individual radial velocity is adopted. B/BC integrated photometry and catalogue estimated masses are withheld. Individual Johnson V and physical measurements are unknown. Reviewed companion expansion of bright-stars: Rigel Ba; adopted reviewed-overlay-components:rigel-ba.",Orion,78.633403,-8.204067,2000.0,3.78,0.34,1.31,,0.5,,,,MSC 2026-06-19 BC direction; shared primary parallax/proper motion (approximate),
star,rigel-bb,Rigel Bb,,,-208.784129686,-116.891586098,-112.837878221,,,,,,,,,,,,2000.0,"Individual stellar member from MSC WDS 05145-0812. The MSC BC sky direction and primary Rigel parallax place the component approximately at J2000; Ba/Bb/C share that BC direction and the primary proper motion. No resolved inner orbital offset, phase or individual radial velocity is adopted. B/BC integrated photometry and catalogue estimated masses are withheld. Individual Johnson V and physical measurements are unknown. Reviewed companion expansion of bright-stars: Rigel Bb; adopted reviewed-overlay-components:rigel-bb.",Orion,78.633403,-8.204067,2000.0,3.78,0.34,1.31,,0.5,,,,MSC 2026-06-19 BC direction; shared primary parallax/proper motion (approximate),
star,rigel-c,Rigel C,,B9V,-208.784129686,-116.891586098,-112.837878221,,,,,,,,,,,0.487459,2000.0,"Individual stellar member from MSC WDS 05145-0812. The MSC BC sky direction and primary Rigel parallax place the component approximately at J2000; Ba/Bb/C share that BC direction and the primary proper motion. No resolved inner orbital offset, phase or individual radial velocity is adopted. B/BC integrated photometry and catalogue estimated masses are withheld. C Johnson V=7.60 is the individual visual C value in the B,C subsystem table; no bolometric conversion is made. Reviewed companion expansion of bright-stars: Rigel C; adopted reviewed-overlay-components:rigel-c.",Orion,78.633403,-8.204067,2000.0,3.78,0.34,1.31,,0.5,,,,MSC 2026-06-19 BC direction; shared primary parallax/proper motion (approximate),
star,bright-naos,Naos,,O4I(n)fp,-80.237062942,-321.237045216,-27.254948203,-39.333182,36.561898,-23.806971,24684,,94309.500,16.7919,0.492,[Fe/H],,-5.357168,2000.0,Curated bright-star landmark; SIMBAD identity * zet Pup. SIMBAD compiled Johnson V=2.25; absolute V derived from parallax with no extinction correction. Physical parameters: 2012MNRAS.427..343M. No component-resolved age was adopted from the reviewed sources. Shared exact-identity physical supplements (metallicity_dex: 2023ApJS..266...11B).,Puppis,120.89603140977576,-40.003147798268934,2000.0,3.01,0.1,-29.71,,16.68,,-23.9,,SIMBAD TAP snapshot 2026-09-25,SIMBAD TAP snapshot 2026-09-25
star,bright-regor,Regor,,WC8+O7.5III-V,-42.521755634,-336.714863303,-45.801674711,-21.299152,-12.384680,-1.336264,15618,,55128.200,32.0692,,,,-5.843086,2000.0,Curated bright-star landmark; SIMBAD identity * gam02 Vel. SIMBAD compiled Johnson V=1.83; absolute V derived from parallax with no extinction correction. Physical parameters: 2012MNRAS.427..343M. No component-resolved age was adopted from the reviewed sources.,Vela,122.38312555977059,-47.336586329303486,2000.0,2.92,0.3,-6.07,,10.43,,15.0,,SIMBAD TAP snapshot 2026-09-25,SIMBAD TAP snapshot 2026-09-25
star,bright-deneb,Deneb,,A2Ia,43.084162518,430.486756561,15.089472668,-5.985259,-4.289880,-1.100473,7823,,43183.000,113.1260,0.23,[Fe/H],,-6.931940,2000.0,Curated bright-star landmark; SIMBAD identity * alf Cyg. SIMBAD compiled Johnson V=1.25; absolute V derived from parallax with no extinction correction. Physical parameters: 2012MNRAS.427..343M. No component-resolved age was adopted from the reviewed sources. Shared exact-identity physical supplements (metallicity_dex: 2014AJ....147..137L).,Cygnus,310.35797975307673,45.280338806527574,2000.0,2.31,0.32,2.01,,1.85,,-4.9,,SIMBAD TAP snapshot 2026-09-25,SIMBAD TAP snapshot 2026-09-25
star,bright-wezen,Wezen,,F8Ia,-255.312672676,-415.288368534,-70.826882671,-25.866811,-22.685005,-7.924442,6599,11.59,37477.100,148.1083,-0.03,[Fe/H],,-6.622520,2000.0,"Curated bright-star landmark; SIMBAD identity * del CMa. SIMBAD compiled Johnson V=1.84; absolute V derived from parallax with no extinction correction. Physical parameters: 2010AN....331..349H, 2012MNRAS.427..343M. Mass source detail: Single-star evolutionary-model median. No component-resolved age was adopted from the reviewed sources. Shared exact-identity physical supplements (metallicity_dex: 2021MNRAS.505.4496G).",Canis Major,107.09785021416667,-26.39319957888889,2000.0,2.03,0.38,-3.12,,3.31,,33.67,,SIMBAD TAP snapshot 2026-09-25,SIMBAD TAP snapshot 2026-09-25
star,bright-sadr,Sadr,,F8Ib,115.317603506,549.530281318,18.303970145,-2.771635,-5.229736,-6.799667,5863,12.11,32073.700,173.5751,0.15,[Fe/H],,-6.517900,2000.0,"Curated bright-star landmark; SIMBAD identity * gam Cyg. SIMBAD compiled Johnson V=2.23; absolute V derived from parallax with no extinction correction. Physical parameters: 2010AN....331..349H, 2012MNRAS.427..343M. Mass source detail: Single-star evolutionary-model median. No component-resolved age was adopted from the reviewed sources. Shared exact-identity physical supplements (metallicity_dex: 2023ApJS..266...41P).",Cygnus,305.55709098208337,40.25667915638889,2000.0,1.78,0.27,2.39,,-0.91,,-5.906,,SIMBAD TAP snapshot 2026-09-25,SIMBAD TAP snapshot 2026-09-25
star,bright-alnilam,Alnilam,,B0Ia,-523.685418804,-246.562369321,-179.638632724,-22.612857,-14.985451,-5.614509,18341,23.61,257885.000,50.2944,,,,-7.222580,2000.0,"Curated bright-star landmark; SIMBAD identity * eps Ori. SIMBAD compiled Johnson V=1.69; absolute V derived from parallax with no extinction correction. Physical parameters: 2010AN....331..349H, 2012MNRAS.427..343M. Mass source detail: Single-star evolutionary-model median. No component-resolved age was adopted from the reviewed sources. The entry represents the named unresolved system; physical values describe its integrated or primary-dominated light.",Orion,84.05338894077023,-1.2019191358333312,2000.0,1.65,0.45,1.44,,-0.78,,27.3,,SIMBAD TAP snapshot 2026-09-25,SIMBAD TAP snapshot 2026-09-25
star,bright-aludra,Aludra,,B5Ia,-278.658592439,-537.966613109,-68.875326352,-36.770738,-26.581812,-7.468073,10000,19.19,40235.600,66.8279,,,,-6.475781,2000.0,"Curated bright-star landmark; SIMBAD identity * eta CMa. SIMBAD compiled Johnson V=2.45; absolute V derived from parallax with no extinction correction. Physical parameters: 2010AN....331..349H, 2012MNRAS.427..343M. Mass source detail: Single-star evolutionary-model median. No component-resolved age was adopted from the reviewed sources. The entry represents the named unresolved system; physical values describe its integrated or primary-dominated light.",Canis Major,111.02375950100142,-29.303105508471724,2000.0,1.64,0.4,-4.14,,5.81,,41.1,,SIMBAD TAP snapshot 2026-09-30,SIMBAD TAP snapshot 2026-09-30
star,bright-arneb,Arneb,,F0Ib,-465.141518022,-403.588285952,-289.015580416,-20.497523,-18.869869,0.259769,7001,,31409.500,120.4656,0.01,[Fe/H],,-6.593413,2000.0,Curated bright-star landmark; SIMBAD identity * alf Lep. SIMBAD compiled Johnson V=2.57; absolute V derived from parallax with no extinction correction. Physical parameters: 2012MNRAS.427..343M. No component-resolved age was adopted from the reviewed sources. Shared exact-identity physical supplements (metallicity_dex: 2014AJ....147..137L).,Lepus,83.18256716166667,-17.82228927222222,2000.0,1.47,0.14,3.56,,1.18,,25.1,,SIMBAD TAP snapshot 2026-09-30,SIMBAD TAP snapshot 2026-09-30
